"N","R0","yr","prev_sq","prev_vx","p_free_vx","remaining"
10,1.5,0.00273972602739726,0.300262752525253,0.299808080808081,0,0.998485753849427
10,1.5,0.167123287671233,0.303496484071484,0.30193011016761,0,0.994838905931098
10,1.5,0.331506849315069,0.303779014041514,0.30481017038517,0.001,1.00339442916065
10,1.5,0.495890410958904,0.304021131646132,0.304789596514597,0.003,1.00252766925873
10,1.5,0.66027397260274,0.306671047702298,0.305516024171907,0.0035,0.996233672728335
10,1.5,0.824657534246575,0.306235838997604,0.303237291915601,0.006,0.990208373089779
10,1.5,0.989041095890411,0.308500196943579,0.301920642592701,0.009,0.978672446837753
10,1.5,1.15342465753425,0.307097890100096,0.29956674273439,0.0115,0.975476394959107
10,1.5,1.31780821917808,0.305909837670499,0.29643539283429,0.016,0.969028636318605
10,1.5,1.48219178082192,0.306734707855354,0.293144793175521,0.0205,0.955694890953645
10,1.5,1.64657534246575,0.306827378916233,0.288011111456913,0.026,0.938674744327631
10,1.5,1.81095890410959,0.305926285281626,0.282729234183859,0.031,0.924174377247733
10,1.5,1.97534246575342,0.304207801757066,0.277964839131886,0.0385,0.91373343328605
10,1.5,2.13972602739726,0.303036943244664,0.274523080555066,0.0465,0.905906314971714
10,1.5,2.3041095890411,0.301902432543377,0.272314047921033,0.051,0.901993553436863
10,1.5,2.46849315068493,0.30250759779651,0.267071109282874,0.0595,0.882857525656352
10,1.5,2.63287671232877,0.301272591632654,0.261610051680775,0.0705,0.868349989167819
10,1.5,2.7972602739726,0.301701314277398,0.258385076879175,0.0785,0.856426752724067
10,1.5,2.96164383561644,0.299855429396025,0.255215823916366,0.0865,0.851129574109851
10,1.5,3.12602739726027,0.296337074157353,0.250936698732984,0.0955,0.846794817849008
10,1.5,3.29041095890411,0.293730220209787,0.244225087114038,0.1075,0.831460538652131
10,1.5,3.45479452054795,0.292448944882517,0.238557982757267,0.118,0.815725229759679
10,1.5,3.61917808219178,0.291298094159453,0.233397309383513,0.1295,0.801231844846038
10,1.5,3.78356164383562,0.289095896254159,0.230616281407361,0.137,0.797715513763692
10,1.5,3.94794520547945,0.285308090945862,0.227147509598245,0.15,0.796148152844873
10,1.5,4.11232876712329,0.282440978438057,0.220772762172898,0.1605,0.781659812233359
10,1.5,4.27671232876712,0.281743961340517,0.217193469140509,0.1705,0.770889527168987
10,1.5,4.44109589041096,0.280811688560837,0.213290786092992,0.18,0.759550954542204
10,1.5,4.60547945205479,0.279555544564244,0.211467754154171,0.1855,0.756442711532677
10,1.5,4.76986301369863,0.276156725640201,0.208076940021193,0.2005,0.753474098951667
10,1.5,4.93424657534247,0.271476587918016,0.205132951933687,0.211,0.75561930959452
10,1.5,5.0986301369863,0.270044501759421,0.201772611311117,0.221,0.747182816152555
10,1.5,5.26301369863014,0.268976939424095,0.199010737351314,0.2285,0.739880295230568
10,1.5,5.42739726027397,0.265698995595048,0.194924655096366,0.2395,0.733629627239729
10,1.5,5.59178082191781,0.262183740880722,0.190811016784643,0.25,0.727775933563517
10,1.5,5.75616438356164,0.260946386289149,0.18791823225579,0.259,0.720141155921438
10,1.5,5.92054794520548,0.259597333318986,0.184514143690847,0.2705,0.710770566599468
10,1.5,6.08493150684932,0.258039257758066,0.183149736001013,0.277,0.709774697045253
10,1.5,6.24931506849315,0.25579555715827,0.179648472977401,0.2865,0.70231271791107
10,1.5,6.41369863013699,0.252185593023248,0.177269300008987,0.292,0.702931907742426
10,1.5,6.57808219178082,0.251093661326633,0.174229706658618,0.3025,0.693883333167747
10,1.5,6.74246575342466,0.248190623098092,0.170509402528194,0.317,0.687009849122315
10,1.5,6.90684931506849,0.245943702655274,0.167312836888381,0.331,0.680289168138997
10,1.5,7.07123287671233,0.243645351610464,0.163822094551083,0.3445,0.672379314722159
10,1.5,7.23561643835616,0.242214269601228,0.161106522696579,0.357,0.665140509524145
10,1.5,7.4,0.239973442196778,0.158515508043336,0.369,0.66055437881894
10,1.5,7.56438356164384,0.23925376992074,0.156350937676482,0.377,0.65349414443199
10,1.5,7.72876712328767,0.235328361503478,0.153208558195686,0.3845,0.651041622084389
10,1.5,7.89315068493151,0.234517907909084,0.151626155364598,0.3925,0.646544038860262
10,1.5,8.05753424657534,0.233782819743036,0.148619385831989,0.3995,0.63571560132325
10,1.5,8.22191780821918,0.231755902516816,0.145576826555274,0.408,0.628147222894189
10,1.5,8.38630136986301,0.231221885637153,0.14333666914002,0.4165,0.619909610827033
10,1.5,8.55068493150685,0.23158553729767,0.140958943399988,0.4245,0.608669025902103
10,1.5,8.71506849315069,0.230076183944624,0.137808320253018,0.4305,0.598968210834837
10,1.5,8.87945205479452,0.226969965043127,0.135302489538232,0.438,0.596125084270613
10,1.5,9.04383561643836,0.227507932014666,0.133887637156445,0.446,0.588496567881486
10,1.5,9.20821917808219,0.22670233216431,0.130642861410605,0.454,0.576274889470117
10,1.5,9.37260273972603,0.225408049713874,0.128462806512358,0.460730365182591,0.569912239937413
10,1.5,9.53698630136986,0.222648134457132,0.126129890231542,0.465232616308154,0.566498751669653
10,1.5,9.7013698630137,0.220755136115604,0.123643433053153,0.472736368184092,0.560093120498921
10,1.5,9.86575342465753,0.219284508074485,0.121208125914601,0.483241620810405,0.552743679792599
10,1.5,10.0301369863014,0.216337701110379,0.1184630817411,0.492,0.547584083278478
10,1.5,10.1945205479452,0.214874339478461,0.117558583972787,0.498,0.547103875958957
10,1.5,10.358904109589,0.212536415412073,0.115486295062437,0.507,0.543371802138131
10,1.5,10.5232876712329,0.212128842375804,0.113547614683218,0.5145,0.535276643249007
10,1.5,10.6876712328767,0.21017497050593,0.113037000220282,0.521,0.537823319057359
10,1.5,10.8520547945205,0.2103266627978,0.11180556382472,0.5275,0.531580553494571
10,1.5,11.0164383561644,0.208133389346535,0.110370417170978,0.537,0.530286935303857
10,1.5,11.1808219178082,0.207423273967604,0.109590275202524,0.545,0.528341266176522
10,1.5,11.3452054794521,0.205355388166185,0.108767323100876,0.5515,0.529654099033695
10,1.5,11.5095890410959,0.20129082688101,0.106835809372516,0.5625,0.530753492486126
10,1.5,11.6739726027397,0.201182270597048,0.104787058806776,0.5695,0.520856328421984
10,1.5,11.8383561643836,0.200663082022384,0.103050628063457,0.5775,0.513550509764231
10,1.5,12.0027397260274,0.199324349065112,0.102516617543533,0.583,0.514320593667382
10,1.5,12.1671232876712,0.197709407345289,0.101189636660434,0.5875,0.51180992355974
10,1.5,12.3315068493151,0.195612006839563,0.0999532444636547,0.594,0.510977041126285
10,1.5,12.4958904109589,0.194451176612156,0.0985842162137828,0.601,0.50698698733212
10,1.5,12.6602739726027,0.194562342297179,0.0972791610157128,0.608,0.499989668438132
10,1.5,12.8246575342466,0.194514515725745,0.0951018641961753,0.6135,0.488919111467566
10,1.5,12.9890410958904,0.192523415236407,0.0938088664431544,0.619,0.487259517643415
10,1.5,13.1534246575342,0.191897541778509,0.092000622805557,0.6255,0.479425749558301
10,1.5,13.3178082191781,0.190392117903167,0.0903809822702237,0.6305,0.474709684758019
10,1.5,13.4821917808219,0.188940524587641,0.0896044490036818,0.6345,0.47424685201463
10,1.5,13.6465753424658,0.188351422735873,0.0880649121387579,0.639,0.467556394635002
10,1.5,13.8109589041096,0.186924024565046,0.0856431090192768,0.646,0.458170688431088
10,1.5,13.9753424657534,0.184871176127047,0.0841881794912174,0.6505,0.455388348010302
10,1.5,14.1397260273973,0.183370253460849,0.0838133997946498,0.653,0.457071952581144
10,1.5,14.3041095890411,0.181650716680233,0.0820375962401891,0.659,0.451622750184924
10,1.5,14.4684931506849,0.182237457463529,0.0802033614562252,0.665,0.440103602039532
10,1.5,14.6328767123288,0.179778456674045,0.0783648694807944,0.668,0.435896886259721
10,1.5,14.7972602739726,0.177591215475271,0.0773031777239788,0.673,0.43528717069197
10,1.5,14.9616438356164,0.175659383272387,0.0759971483517343,0.678,0.432639275716283
10,1.5,15.1260273972603,0.175519279155657,0.0743938517515337,0.6805,0.42385003009019
10,1.5,15.2904109589041,0.174248285250182,0.0730461588699398,0.6845,0.419207332600501
10,1.5,15.4547945205479,0.172670119193242,0.0717745641548854,0.6885,0.415674492438147
10,1.5,15.6191780821918,0.17195715944702,0.0711688561288213,0.6965,0.413875504559892
10,1.5,15.7835616438356,0.170970420605366,0.0702477297663637,0.701,0.410876510203536
10,1.5,15.9479452054795,0.170094433404573,0.0697320874215224,0.7065,0.409961020039165
10,1.5,16.1123287671233,0.170260719399709,0.0691197236651378,0.709,0.405964005725068
10,1.5,16.2767123287671,0.169605060344282,0.0690280484608271,0.7145,0.406992859297397
10,1.5,16.441095890411,0.168062480282688,0.0688075782361773,0.718,0.409416653380576
10,1.5,16.6054794520548,0.168106795758328,0.0670358654396,0.7225,0.398769515159705
10,1.5,16.7698630136986,0.166306400666327,0.0664420118667022,0.728,0.399515662659369
10,1.5,16.9342465753425,0.165240032611008,0.0664859017487501,0.7315,0.402359529335514
10,1.5,17.0986301369863,0.164971214099368,0.066522847164875,0.734,0.403239119794596
10,1.5,17.2630136986301,0.165230676156489,0.0656623295800347,0.736,0.397397935464758
10,1.5,17.427397260274,0.164302620042926,0.0648625660781427,0.74,0.394774995439492
10,1.5,17.5917808219178,0.162192817407724,0.0635651406670907,0.7445,0.391910947001428
10,1.5,17.7561643835616,0.160811418685374,0.0628710527374766,0.7485,0.390961371098176
10,1.5,17.9205479452055,0.162632590367149,0.060986582079771,0.75,0.374996069004936
10,1.5,18.0849315068493,0.161051142708341,0.0612902696842693,0.75287643821911,0.380564016209834
10,1.5,18.2493150684931,0.160761651139109,0.0600183669100078,0.758,0.373337586947731
10,1.5,18.413698630137,0.1604455202735,0.0589940412356821,0.763,0.367688927276493
10,1.5,18.5780821917808,0.158567045310641,0.0574981344506887,0.7675,0.362610871244066
10,1.5,18.7424657534247,0.156110067800277,0.0555838017288869,0.7725,0.356055202025787
10,1.5,18.9068493150685,0.154046816887103,0.0544789011620474,0.777,0.353651586335429
10,1.5,19.0712328767123,0.153603233340017,0.0532270110866086,0.7805,0.346522725656333
10,1.5,19.2356164383562,0.151010354162521,0.0515642011583188,0.783,0.341461361668115
10,1.5,19.4,0.14910136117967,0.0511874249181331,0.787,0.343306221439865
10,1.5,19.5643835616438,0.148223329134745,0.0504456702160069,0.789,0.340335563304939
10,1.5,19.7287671232877,0.147441198778245,0.0509667358505787,0.79,0.345674996357252
10,1.5,19.8931506849315,0.144770719360619,0.0500466398668411,0.7925,0.345695870600578
10,1.5,20.0575342465753,0.144216648330226,0.0495461384289945,0.7945,0.34355352868515
10,1.5,20.2219178082192,0.143496281513464,0.0486219571278395,0.797,0.338837749766201
10,1.5,20.386301369863,0.142075598135525,0.0486250014884496,0.799,0.342247381862624
10,1.5,20.5506849315069,0.141163953695858,0.0477316800932126,0.8015,0.338129379657727
10,1.5,20.7150684931507,0.138555251933309,0.0469744656680608,0.803,0.339030567319607
10,1.5,20.8794520547945,0.138212491288381,0.0469849662484918,0.806,0.339947321768894
10,1.5,21.0438356164384,0.137098145499152,0.0457311685605416,0.809,0.333565187144159
10,1.5,21.2082191780822,0.136127677662894,0.0441137317081783,0.8155,0.324061443385682
10,1.5,21.372602739726,0.135531813364224,0.0438658725261666,0.819,0.323657386685167
10,1.5,21.5369863013699,0.134658318994387,0.0430018648426736,0.822,0.319340573711351
10,1.5,21.7013698630137,0.133990510510731,0.0419996443780975,0.824412206103052,0.313452379709635
10,1.5,21.8657534246575,0.132295861968269,0.0408925168040258,0.828,0.309098986133321
10,1.5,22.0301369863014,0.131304850513693,0.0398993321629351,0.8325,0.30386792267643
10,1.5,22.1945205479452,0.132441005212967,0.0388925942199355,0.835,0.293659763132994
10,1.5,22.358904109589,0.129428954810669,0.0382029031146872,0.839,0.295165043792334
10,1.5,22.5232876712329,0.127058529151447,0.0375491914374419,0.8415,0.295526728415731
10,1.5,22.6876712328767,0.125637796164963,0.0373343033063428,0.8425,0.297158215488933
10,1.5,22.8520547945205,0.124995716630721,0.0373169244047147,0.8455,0.298545625487003
10,1.5,23.0164383561644,0.124257954665733,0.0370365634258243,0.8475,0.298061911009693
10,1.5,23.1808219178082,0.122447769439023,0.0362719518098001,0.85,0.296223867335231
10,1.5,23.3452054794521,0.121761642281437,0.0355860321502543,0.8515,0.292259791207493
10,1.5,23.5095890410959,0.121370598216283,0.0350490399779099,0.853,0.288777022549171
10,1.5,23.6739726027397,0.120762760465798,0.0341260426729273,0.8555,0.282587467703608
10,1.5,23.8383561643836,0.120725498400808,0.033656976466516,0.8595,0.278789293996327
10,1.5,24.0027397260274,0.119643688286258,0.0323598329538538,0.8615,0.270468366675809
10,1.5,24.1671232876712,0.118984326990519,0.0314130269519782,0.865,0.2640097880663
10,1.5,24.3315068493151,0.118568479452264,0.0308754733291304,0.867,0.260402034940162
10,1.5,24.4958904109589,0.11741117968289,0.0311753634845547,0.8675,0.265522955895296
10,1.5,24.6602739726027,0.117376405646297,0.0305122337286037,0.8685,0.259952019833947
10,1.5,24.8246575342466,0.115896608834922,0.0299512638397894,0.8715,0.258430890609152
10,1.5,24.9890410958904,0.115304321317228,0.0292730015877656,0.874,0.253876014821934
10,1.5,25.1534246575342,0.114614606315168,0.0287903027506549,0.878,0.251192266642589
10,1.5,25.3178082191781,0.113693359560117,0.0282563913404277,0.879,0.248531589265658
10,1.5,25.4821917808219,0.112335937540272,0.027490984342455,0.8825,0.244721190247774
10,1.5,25.6465753424658,0.11125975822638,0.0263623149318002,0.8845,0.236943845214556
10,1.5,25.8109589041096,0.111044338717268,0.0262409186187049,0.8865,0.236310278595267
10,1.5,25.9753424657534,0.110529180357434,0.0259023363676227,0.888,0.234348398168327
10,1.5,26.1397260273973,0.110100855553545,0.0256509882360502,0.889,0.232977192657466
10,1.5,26.3041095890411,0.109303620472235,0.0253560245027922,0.891445722861431,0.23197790149351
10,1.5,26.4684931506849,0.107004859579705,0.0250714051569975,0.893446723361681,0.234301556541202
10,1.5,26.6328767123288,0.106652667800036,0.0251699949164006,0.894947473736868,0.235999674790995
10,1.5,26.7972602739726,0.10590515106024,0.0250296168627238,0.895947973986994,0.236339938257457
10,1.5,26.9616438356164,0.104599578609126,0.024189767830164,0.896948474237119,0.231260662345092
10,1.5,27.1260273972603,0.105585010225413,0.0238749292006764,0.897448724362181,0.226120442188772
10,1.5,27.2904109589041,0.104881687241207,0.0231402559846193,0.899449724862431,0.220631995854541
10,1.5,27.4547945205479,0.105597378535207,0.0227854174176601,0.900950475237619,0.215776354808497
10,1.5,27.6191780821918,0.104878155938489,0.022500222898017,0.903,0.214536789826982
10,1.5,27.7835616438356,0.104115047297903,0.021901520334241,0.903,0.210358837676694
10,1.5,27.9479452054795,0.102682947380277,0.0219766434137758,0.904,0.214024275446509
10,1.5,28.1123287671233,0.101091420739563,0.0210256222943723,0.9065,0.207986218222608
10,1.5,28.2767123287671,0.100370734193567,0.0205583000333001,0.9085,0.204823649029536
10,1.5,28.441095890411,0.0999270575679051,0.0205135921676362,0.91,0.20528566203099
10,1.5,28.6054794520548,0.0999935294553772,0.0206124720867368,0.9105,0.206138059122468
10,1.5,28.7698630136986,0.100095091425122,0.0203699636964343,0.912,0.203506120094535
10,1.5,28.9342465753425,0.100167682392856,0.0200643347643929,0.912,0.200307467289707
10,1.5,29.0986301369863,0.098313343452643,0.0197543652426006,0.914,0.200932696914292
10,1.5,29.2630136986301,0.0973617601632114,0.0191218094813683,0.9165,0.196399586956046
10,1.5,29.427397260274,0.097556453635953,0.0182505133432958,0.9185,0.187076432804747
10,1.5,29.5917808219178,0.0964317972769405,0.0181652270115505,0.9195,0.18837383025624
10,1.5,29.7561643835616,0.0962481576138,0.0181484611771957,0.9205,0.188559050138053
10,1.5,29.9205479452055,0.0952208711481158,0.0188939461682109,0.922,0.198422320027102
10,1.5,30.0849315068493,0.094909475223349,0.0188672457036427,0.9235,0.198792013750394
10,1.5,30.2493150684931,0.0937145770439869,0.0187745131502484,0.924,0.200337169973421
10,1.5,30.413698630137,0.0934357976839981,0.018111997357218,0.927,0.193844305995793
10,1.5,30.5780821917808,0.0921474784696728,0.0179639559163747,0.9285,0.194947883704565
10,1.5,30.7424657534247,0.0928703403837305,0.017048175550818,0.9295,0.183569646459534
10,1.5,30.9068493150685,0.0919171863878184,0.0166196453658141,0.931,0.18081107591449
10,1.5,31.0712328767123,0.0893046721660692,0.0165612153955025,0.932,0.185446236952817
10,1.5,31.2356164383562,0.0889836494791384,0.0160315626952615,0.9335,0.180163016341783
10,1.5,31.4,0.0901784376957751,0.0152933698654287,0.9345,0.169590095550582
10,1.5,31.5643835616438,0.0891753120804205,0.0145817894931865,0.937,0.163518233387693
10,1.5,31.7287671232877,0.088962442438023,0.0142312695882549,0.938,0.159969411790479
10,1.5,31.8931506849315,0.0884470796682677,0.0140877751741722,0.9385,0.15927914439923
10,1.5,32.0575342465753,0.0873013247480933,0.0141170687972159,0.9395,0.161705092539551
10,1.5,32.2219178082192,0.0863498013424483,0.013878284999744,0.9405,0.160721678382387
10,1.5,32.386301369863,0.0838426012132863,0.0132310259357086,0.941,0.15780791321169
10,1.5,32.5506849315069,0.0829628010448442,0.0127016620312092,0.9425,0.153100689360085
10,1.5,32.7150684931507,0.0823699631723625,0.0124488901621255,0.9435,0.151133856113006
10,1.5,32.8794520547945,0.0823809680322259,0.0124952503980368,0.9435,0.151676421101885
10,1.5,33.0438356164384,0.0809761202742048,0.0124792299397369,0.9435,0.154110000546818
10,1.5,33.2082191780822,0.0793779380127095,0.0120535903123364,0.9435,0.151850635253419
10,1.5,33.372602739726,0.0800464231674759,0.0118488040446825,0.9455,0.14802415368257
10,1.5,33.5369863013699,0.0783881110762305,0.0116380323301569,0.946,0.148466804090218
10,1.5,33.7013698630137,0.0783217958447639,0.0116444922101463,0.9465,0.148674989950766
10,1.5,33.8657534246575,0.0778323449340477,0.0113903601708749,0.9465,0.146344815648644
10,1.5,34.0301369863014,0.076456534287436,0.0109787996317408,0.947,0.143595308550952
10,1.5,34.1945205479452,0.0760916416594242,0.0105378526702056,0.9485,0.138488964627306
10,1.5,34.358904109589,0.0753576608161359,0.0104443706212088,0.9495,0.138597330491613
10,1.5,34.5232876712329,0.0750665071512596,0.010325872014459,0.9505,0.137556313811861
10,1.5,34.6876712328767,0.0754937165861316,0.010032509666546,0.9515,0.132891982541353
10,1.5,34.8520547945205,0.0746758784129528,0.0100886677774386,0.951975987993997,0.13509941887324
10,1.5,35.0164383561644,0.0747654405901119,0.0101347335812809,0.9525,0.13555371975727
10,1.5,35.1808219178082,0.073064952101562,0.0102669505739359,0.954,0.140518131862518
10,1.5,35.3452054794521,0.0736669891640866,0.0101234718691182,0.9555,0.13742209345042
10,1.5,35.5095890410959,0.0731503316128317,0.00971765142537199,0.9565,0.132844940154275
10,1.5,35.6739726027397,0.0726796273128315,0.00970356285870994,0.957,0.133511455926203
10,1.5,35.8383561643836,0.0725741153733608,0.00941754034364326,0.9585,0.129764452452425
10,1.5,36.0027397260274,0.0726856177169062,0.00938331048896063,0.9585,0.129094458899785
10,1.5,36.1671232876712,0.0716774219244809,0.00948889921353157,0.96,0.132383377621046
10,1.5,36.3315068493151,0.0713459566190603,0.00912330451411335,0.9625,0.127874163392688
10,1.5,36.4958904109589,0.0711726620794927,0.00894641192141191,0.9625,0.125700116589986
10,1.5,36.6602739726027,0.0700376887995493,0.00873483654503392,0.9625,0.124716230571705
10,1.5,36.8246575342466,0.0692478854361264,0.00883979117287941,0.963,0.127654312001096
10,1.5,36.9890410958904,0.0693332253260515,0.00883928195987021,0.963,0.127489842255311
10,1.5,37.1534246575342,0.0685874483402732,0.00880186136103317,0.9645,0.128330497401882
10,1.5,37.3178082191781,0.0680742777367973,0.00859452452861896,0.9645,0.126252158882227
10,1.5,37.4821917808219,0.0670394823225226,0.0083537052408376,0.9645,0.124608737290787
10,1.5,37.6465753424658,0.0658839750527253,0.00799172424797424,0.9665,0.121299970767985
10,1.5,37.8109589041096,0.0669065942772456,0.00766331464373259,0.967,0.114537508993173
10,1.5,37.9753424657534,0.0656908538098973,0.00751493783993788,0.9675,0.114398541107189
10,1.5,38.1397260273973,0.0650790318858207,0.00736638222888222,0.9675,0.113191330839191
10,1.5,38.3041095890411,0.0641093211032593,0.00745633793021563,0.9675,0.116306611923185
10,1.5,38.4684931506849,0.0627407898645944,0.00749081810647214,0.9675,0.119393111285953
10,1.5,38.6328767123288,0.0622010165012703,0.00728777066371879,0.969,0.117164816166147
10,1.5,38.7972602739726,0.0625767425148813,0.00728381916071546,0.9695,0.116398183542125
10,1.5,38.9616438356164,0.0619190805947577,0.00693388855726318,0.971,0.111983067104039
10,1.5,39.1260273972603,0.0613713391720941,0.00672590228399053,0.971,0.10959353950433
10,1.5,39.2904109589041,0.0604606713805632,0.00667701954907837,0.972,0.110435749332828
10,1.5,39.4547945205479,0.0593823968450711,0.00658888011498304,0.9735,0.110956789638745
10,1.5,39.6191780821918,0.0587620819475504,0.0066728386809269,0.9735,0.113556879875068
10,1.5,39.7835616438356,0.05847454337673,0.00627139302690771,0.9735,0.10724997006823
10,1.5,39.9479452054794,0.0576450448609697,0.00622872474747474,0.974,0.108053081795624
10,1.5,40.1123287671233,0.0574855311849313,0.00601372230710468,0.9745,0.104612798788594
10,1.5,40.2767123287671,0.0561223881145515,0.00594566520081224,0.9745,0.105941058471648
10,1.5,40.441095890411,0.0558721261753381,0.00592998272152681,0.9745,0.106134903528055
10,1.5,40.6054794520548,0.055336714762276,0.00586274905649904,0.9745,0.105946821774389
10,1.5,40.7698630136986,0.0544188995752271,0.00576816814721222,0.975,0.10599567782951
10,1.5,40.9342465753425,0.0533452364220745,0.00533216428179661,0.9755,0.0999557718632611
10,1.5,41.0986301369863,0.053630198643882,0.00506978230103229,0.9765,0.0945322305199149
10,1.5,41.2630136986301,0.0537279784793249,0.0051176746133983,0.977,0.0952515757756946
10,1.5,41.427397260274,0.0532328173306363,0.0049656974969475,0.978,0.0932826355235884
10,1.5,41.5917808219178,0.053056784451526,0.0050113095238095,0.979,0.0944518137616869
10,1.5,41.7561643835616,0.0531446885976703,0.00462439643689647,0.979,0.0870152137291701
10,1.5,41.9205479452055,0.052472007717955,0.00475654851684266,0.98,0.0906492570745496
10,1.5,42.0849315068493,0.0522910580674758,0.00459626692751691,0.9805,0.0878977610586105
10,1.5,42.2493150684932,0.0517305297975626,0.00436661463536464,0.981,0.0844107851292562
10,1.5,42.413698630137,0.0518234331257524,0.0042442667626491,0.9815,0.0818986027488791
10,1.5,42.5780821917808,0.0519654763290815,0.00415401196026197,0.9815,0.0799379175119242
10,1.5,42.7424657534247,0.0514370219005581,0.00430511918636917,0.9815,0.0836968982125783
10,1.5,42.9068493150685,0.0503965348341871,0.00443875152625152,0.9815,0.088076522341382
10,1.5,43.0712328767123,0.0495247119462864,0.00456371336996335,0.9815,0.0921502254250983
10,1.5,43.2356164383562,0.0487041627082069,0.00444521193675606,0.9815,0.0912696510848142
10,1.5,43.4,0.0495481503038585,0.00433263562417975,0.9815,0.0874429337444378
10,1.5,43.5643835616438,0.0483336729124849,0.00409964292243704,0.982,0.08481960247176
10,1.5,43.7287671232877,0.0477422442645933,0.00412116399682187,0.982,0.0863211200123288
10,1.5,43.8931506849315,0.0476164548793999,0.00418291708291709,0.982,0.0878460417414807
10,1.5,44.0575342465753,0.0471744093690108,0.00407145330514897,0.983,0.0863063970404161
10,1.5,44.2219178082192,0.0460435410178057,0.00390254745254744,0.983,0.0847577611599913
10,1.5,44.386301369863,0.0455060309380163,0.00397795859111648,0.983,0.0874160745096592
10,1.5,44.5506849315069,0.0459823143703562,0.0040016428016428,0.983,0.0870256936049868
10,1.5,44.7150684931507,0.0458227291885961,0.00406523892773893,0.983,0.0887166478235576
10,1.5,44.8794520547945,0.0449966413810647,0.00401264959455749,0.983,0.0891766467762654
10,1.5,45.0438356164384,0.0451653436755024,0.00431422674547673,0.983,0.0955207332523137
10,1.5,45.2082191780822,0.044302262976102,0.00432472241810477,0.983,0.0976185442363895
10,1.5,45.372602739726,0.0438511251798597,0.00426284687534688,0.984,0.0972118014728788
10,1.5,45.5369863013699,0.0436764487963017,0.00415648191677602,0.9845,0.0951652900207392
10,1.5,45.7013698630137,0.0439015549809667,0.00379664036943448,0.9845,0.0864807720610463
10,1.5,45.8657534246575,0.0435260298288743,0.00364958256612668,0.9845,0.0838482760884758
10,1.5,46.0301369863014,0.0432864832235188,0.00363817848817849,0.985,0.084048835046081
10,1.5,46.1945205479452,0.042313599706537,0.00366904655801715,0.985,0.0867108112631297
10,1.5,46.358904109589,0.0421278521336764,0.00355863303363304,0.985,0.084472216203691
10,1.5,46.5232876712329,0.0414091459044052,0.00368865015703252,0.985,0.0890781511298961
10,1.5,46.6876712328767,0.0418622732401757,0.00360935767448925,0.985,0.0862198202611059
10,1.5,46.8520547945205,0.0420184740526072,0.00371379808701791,0.985,0.0883848871419803
10,1.5,47.0164383561644,0.0415401822914787,0.00356903831462656,0.986,0.0859177335713976
10,1.5,47.1808219178082,0.0409455236756707,0.00353217615717616,0.9865,0.0862652578375725
10,1.5,47.3452054794521,0.040445507508917,0.00353739177489179,0.9865,0.087460684579416
10,1.5,47.5095890410959,0.040587570668066,0.00336980380730382,0.9865,0.0830255113040101
10,1.5,47.6739726027397,0.0400823923625394,0.0030685606060606,0.987,0.076556323742004
10,1.5,47.8383561643836,0.0404076167781163,0.00309640122948945,0.987,0.0766291475810664
10,1.5,48.0027397260274,0.0395222123486023,0.00300933412992238,0.9875,0.0761428561584256
10,1.5,48.1671232876712,0.0395581198170594,0.00300434606243432,0.9875,0.0759476455485808
10,1.5,48.3315068493151,0.0386273886262217,0.00322652902652905,0.988,0.0835295664884464
10,1.5,48.4958904109589,0.0388508030020936,0.00312080627705629,0.9885,0.0803279735785157
10,1.5,48.6602739726027,0.0383200374960437,0.00297890666265281,0.9885,0.0777375717067177
10,1.5,48.8246575342466,0.0378458763823895,0.00314078490953491,0.989,0.0829888275753176
10,1.5,48.9890410958904,0.0379780912714736,0.00312578671328672,0.9895,0.0823049976614961
10,1.5,49.1534246575342,0.0370376244605927,0.00331792235542236,0.9895,0.0895824827791685
10,1.5,49.3178082191781,0.0364798235669559,0.0032013098013098,0.9895,0.0877556273109171
10,1.5,49.4821917808219,0.0358821705663618,0.00288409645909645,0.991,0.0803768672177315
10,1.5,49.6465753424658,0.0360825241300667,0.00291207264957266,0.991,0.0807059018120659
10,1.5,49.8109589041096,0.0363846739496314,0.00269767316017317,0.991,0.074143117618909
10,1.5,49.9753424657534,0.0368857106687602,0.00264198203757028,0.991,0.0716261660591472
20,1.5,0.00273972602739726,0.34999226006192,0.349976315789474,0,0.999954443928437
20,1.5,0.167123287671233,0.351410514894201,0.350050679614298,0,0.996130351192501
20,1.5,0.331506849315069,0.351664287448298,0.349316726964587,0,0.993324427394248
20,1.5,0.495890410958904,0.351207288005364,0.348427614470919,0,0.992085376273846
20,1.5,0.66027397260274,0.351257753195147,0.347087581589541,0,0.988127887377082
20,1.5,0.824657534246575,0.351819696226182,0.343740384316938,0,0.977035646395279
20,1.5,0.989041095890411,0.350483813139713,0.340704782998813,0,0.972098482799257
20,1.5,1.15342465753425,0.349758586347341,0.337072413788403,0,0.963728774491503
20,1.5,1.31780821917808,0.348949379002384,0.334376057682667,0,0.95823657471069
20,1.5,1.48219178082192,0.347459630698632,0.329938767500953,0,0.949574391815099
20,1.5,1.64657534246575,0.347203300160881,0.32479735368268,0,0.935467357401791
20,1.5,1.81095890410959,0.347518127796653,0.32102690960019,0,0.923770255196688
20,1.5,1.97534246575342,0.345589157143877,0.317389950054288,5e-04,0.918402512038741
20,1.5,2.13972602739726,0.345787198602611,0.313148960665974,5e-04,0.905611780689008
20,1.5,2.3041095890411,0.345250970196451,0.308888642872698,0.001,0.89467856584715
20,1.5,2.46849315068493,0.344651961499456,0.304758717008639,0.002,0.884250638478146
20,1.5,2.63287671232877,0.342194387683558,0.300959025767844,0.002,0.879497258283947
20,1.5,2.7972602739726,0.342984598861537,0.295828974531551,0.0045,0.86251387238229
20,1.5,2.96164383561644,0.341950098788158,0.291992161408615,0.005,0.853902842676197
20,1.5,3.12602739726027,0.339786723696794,0.287539390554893,0.006,0.846234918853027
20,1.5,3.29041095890411,0.33870357382343,0.283997323147476,0.0075,0.83848339697628
20,1.5,3.45479452054795,0.337389466831969,0.278666475855015,0.0095,0.825948949952845
20,1.5,3.61917808219178,0.337227440010041,0.275235063232351,0.01,0.816170425586232
20,1.5,3.78356164383562,0.335965826897967,0.271554201961096,0.0115,0.808279236219959
20,1.5,3.94794520547945,0.335828714601139,0.267481873251539,0.013,0.796483033230868
20,1.5,4.11232876712329,0.3324464853968,0.263820504298552,0.0155,0.793572848224466
20,1.5,4.27671232876712,0.330502457790157,0.25925624390271,0.0165,0.784430607978464
20,1.5,4.44109589041096,0.329543745422473,0.255460904171291,0.02,0.775195729610319
20,1.5,4.60547945205479,0.329653200376435,0.250607301120336,0.022,0.760214979967322
20,1.5,4.76986301369863,0.327756302440067,0.247364742494119,0.023,0.754721543575356
20,1.5,4.93424657534247,0.326796955368591,0.244687940671038,0.025,0.74874608423159
20,1.5,5.0986301369863,0.326664903736818,0.240145422093484,0.0275,0.73514301458892
20,1.5,5.26301369863014,0.323999169727239,0.236930262347131,0.032,0.731268115738053
20,1.5,5.42739726027397,0.321555188328705,0.231907160010347,0.037,0.721204845786172
20,1.5,5.59178082191781,0.319681044549952,0.229012562340557,0.04,0.716378297196074
20,1.5,5.75616438356164,0.31849038286816,0.226439341253463,0.045,0.710977013542033
20,1.5,5.92054794520548,0.316733817980056,0.221743142157084,0.0475,0.700093042073098
20,1.5,6.08493150684932,0.315743642252152,0.217990071357071,0.05,0.690402092666634
20,1.5,6.24931506849315,0.31275174844407,0.215063756784083,0.0535,0.687650054249155
20,1.5,6.41369863013699,0.311199748180405,0.212292326801056,0.059,0.682173838643304
20,1.5,6.57808219178082,0.310957058031038,0.209746660571153,0.0655,0.674519697025873
20,1.5,6.74246575342466,0.309594043629002,0.208099049059375,0.069,0.672167483004769
20,1.5,6.90684931506849,0.307502658873249,0.205109211426746,0.0745,0.667016058262087
20,1.5,7.07123287671233,0.30699188106695,0.203282883972488,0.0785,0.662176743130728
20,1.5,7.23561643835616,0.30440252121427,0.200102482101577,0.0825,0.657361447938613
20,1.5,7.4,0.303179346215599,0.197123204489635,0.085,0.650186785314378
20,1.5,7.56438356164384,0.30159466797804,0.195008956477217,0.092,0.646592851871691
20,1.5,7.72876712328767,0.30036645482982,0.192532908437004,0.095,0.640993377726176
20,1.5,7.89315068493151,0.298986054254615,0.189911358034387,0.0965,0.635184669424947
20,1.5,8.05753424657534,0.297877554541279,0.187331527592261,0.103,0.628887691389655
20,1.5,8.22191780821918,0.296127999298384,0.184809758590056,0.112,0.624087418372885
20,1.5,8.38630136986301,0.294681454628165,0.182430786504953,0.1155,0.619077935308645
20,1.5,8.55068493150685,0.294019194259469,0.179879132834645,0.12,0.611793843213869
20,1.5,8.71506849315069,0.290941770256049,0.177666671184103,0.1265,0.610660583482887
20,1.5,8.87945205479452,0.290996719519774,0.175501593306319,0.1345,0.60310505766507
20,1.5,9.04383561643836,0.290020322949199,0.173131606185727,0.1415,0.596963703871376
20,1.5,9.20821917808219,0.288157704357005,0.171464988796985,0.1485,0.595038710415855
20,1.5,9.37260273972603,0.288183455633428,0.167575663110968,0.154,0.581489533264968
20,1.5,9.53698630136986,0.288493129227826,0.165548900721316,0.16,0.573840011942124
20,1.5,9.7013698630137,0.287490262381871,0.164390694072795,0.167,0.571813085809622
20,1.5,9.86575342465753,0.287042696802787,0.161614161303321,0.1715,0.563031782739827
20,1.5,10.0301369863014,0.28534643370029,0.158748129204972,0.181,0.556334723186733
20,1.5,10.1945205479452,0.285978609380951,0.157061095924721,0.1885,0.549205747467287
20,1.5,10.358904109589,0.283654465030473,0.155947446219209,0.194,0.549779627838596
20,1.5,10.5232876712329,0.282977875964794,0.154714434578342,0.1995,0.546736857257318
20,1.5,10.6876712328767,0.280944961243648,0.152144702482586,0.2045,0.541546293655145
20,1.5,10.8520547945205,0.279309145083088,0.151312838000688,0.2075,0.541739648215513
20,1.5,11.0164383561644,0.278991430696304,0.149515586771344,0.2125,0.535914620740085
20,1.5,11.1808219178082,0.278798875425541,0.148429230536558,0.216,0.532388196724271
20,1.5,11.3452054794521,0.277982208419854,0.145871138075863,0.222,0.524749907215443
20,1.5,11.5095890410959,0.276579936072828,0.144052918540053,0.228,0.520836473482015
20,1.5,11.6739726027397,0.276350422618148,0.142544160854178,0.236,0.515809454907694
20,1.5,11.8383561643836,0.274201461072534,0.141285103085958,0.241,0.515260212448627
20,1.5,12.0027397260274,0.272682550891711,0.137733614063419,0.249,0.505106078892876
20,1.5,12.1671232876712,0.272654810565201,0.135565684090982,0.2575,0.497206280021101
20,1.5,12.3315068493151,0.271410676042019,0.134559228530964,0.263,0.495777212942543
20,1.5,12.4958904109589,0.271339717555167,0.132726158127727,0.271,0.489151235667304
20,1.5,12.6602739726027,0.271163542994623,0.131474097196656,0.277,0.484851671964114
20,1.5,12.8246575342466,0.270011388259548,0.129349236898302,0.283,0.47905104200259
20,1.5,12.9890410958904,0.267603145912837,0.128420918361064,0.289,0.479893156423851
20,1.5,13.1534246575342,0.267567437838438,0.127360632756287,0.296,0.4759945148228
20,1.5,13.3178082191781,0.267342552998696,0.125547408996832,0.3035,0.469612516184225
20,1.5,13.4821917808219,0.264736340775875,0.123977746562774,0.3105,0.468306490145731
20,1.5,13.6465753424658,0.262692563468266,0.122976362613742,0.317,0.468137967021658
20,1.5,13.8109589041096,0.262186367819996,0.121551881341258,0.324,0.463608700757124
20,1.5,13.9753424657534,0.25993701291822,0.12039396749793,0.3255,0.463165926800149
20,1.5,14.1397260273973,0.259602168261332,0.119077475075877,0.3345,0.458692143726652
20,1.5,14.3041095890411,0.258048717406295,0.116955243936721,0.343,0.453229316976517
20,1.5,14.4684931506849,0.258304500847455,0.115869545699554,0.3515,0.448577339223301
20,1.5,14.6328767123288,0.25800143133823,0.115334717047805,0.3575,0.447031306956611
20,1.5,14.7972602739726,0.258812910719196,0.113648575416041,0.363,0.439114784112708
20,1.5,14.9616438356164,0.259625526812759,0.113573563652816,0.368,0.437451451893345
20,1.5,15.1260273972603,0.258312777779115,0.112705470910664,0.3735,0.436313959687428
20,1.5,15.2904109589041,0.257148876360565,0.110914115898265,0.38,0.431322576509125
20,1.5,15.4547945205479,0.255603575822233,0.10951747800084,0.39,0.428466141948684
20,1.5,15.6191780821918,0.254856712347003,0.107836336069807,0.399,0.423125351797606
20,1.5,15.7835616438356,0.254362417306069,0.106931125938872,0.405,0.420388857250886
20,1.5,15.9479452054795,0.253358599162251,0.105873957716311,0.41,0.41788184046798
20,1.5,16.1123287671233,0.25233037797839,0.104605220200465,0.4165,0.414556586640645
20,1.5,16.2767123287671,0.251627534731039,0.103072370407469,0.4235,0.409622780422825
20,1.5,16.441095890411,0.251214281279007,0.101572736968941,0.428,0.404327080657212
20,1.5,16.6054794520548,0.251802344313116,0.100342483416258,0.4315,0.398497018325938
20,1.5,16.7698630136986,0.249378410547859,0.099102092119399,0.4385,0.397396438214846
20,1.5,16.9342465753425,0.248198509890624,0.0984325101231114,0.4435,0.396587836754091
20,1.5,17.0986301369863,0.247063933284157,0.0965333240404875,0.4495,0.390722040069932
20,1.5,17.2630136986301,0.245796219022497,0.0948846208905069,0.4575,0.386029619445945
20,1.5,17.427397260274,0.243694365178734,0.0936543560092507,0.4605,0.384310716173357
20,1.5,17.5917808219178,0.242314362016838,0.0931057507736121,0.465,0.38423537919367
20,1.5,17.7561643835616,0.241366565921489,0.0912974787752185,0.4685,0.378252383161118
20,1.5,17.9205479452055,0.240645890485418,0.0897946312407919,0.4745,0.373140098339776
20,1.5,18.0849315068493,0.238931869632881,0.088683096564207,0.481,0.371164787269562
20,1.5,18.2493150684931,0.239289555691578,0.0876344725899313,0.4845,0.366227737506788
20,1.5,18.413698630137,0.237701293828989,0.0859918294587851,0.489,0.361764246519628
20,1.5,18.5780821917808,0.236393879185886,0.0847410404974434,0.4915,0.358473919837866
20,1.5,18.7424657534247,0.234616134727717,0.0828698821574013,0.496,0.353214761864421
20,1.5,18.9068493150685,0.233441902946132,0.0819583116491773,0.5025,0.351086547080151
20,1.5,19.0712328767123,0.231020007142161,0.080679250330362,0.509,0.349230576729725
20,1.5,19.2356164383562,0.229929039395567,0.0802161172260075,0.515,0.348873363003117
20,1.5,19.4,0.228614072029236,0.0788124809145972,0.522,0.344740287485533
20,1.5,19.5643835616438,0.22802416471013,0.0776913044802798,0.5295,0.340715224542289
20,1.5,19.7287671232877,0.227943912726259,0.0764863505462779,0.5355,0.335548993747999
20,1.5,19.8931506849315,0.227552955021575,0.0755207291888118,0.5405,0.331881997232914
20,1.5,20.0575342465753,0.225838530377784,0.0752289827871751,0.545,0.333109601188654
20,1.5,20.2219178082192,0.225977804098924,0.0741970626278346,0.5525,0.328337833548264
20,1.5,20.386301369863,0.2255487172027,0.0738273193691278,0.555,0.327323162307233
20,1.5,20.5506849315069,0.225045171084514,0.072723695459504,0.5625,0.323151548238256
20,1.5,20.7150684931507,0.223227818769512,0.071659650118574,0.568,0.32101576995905
20,1.5,20.8794520547945,0.221121379152941,0.0707527554699512,0.5735,0.319972477292728
20,1.5,21.0438356164384,0.2209783454645,0.0695835257931124,0.58,0.314888436904742
20,1.5,21.2082191780822,0.220350982501252,0.0686397454923144,0.583,0.311501880831978
20,1.5,21.372602739726,0.219957121237982,0.0678345576850173,0.5885,0.308399006602855
20,1.5,21.5369863013699,0.219445855819185,0.0660638782868192,0.595,0.301048648379367
20,1.5,21.7013698630137,0.218941965132225,0.0650369631870991,0.6005,0.297051153020489
20,1.5,21.8657534246575,0.217831990038248,0.0637368897098928,0.606,0.292596554338514
20,1.5,22.0301369863014,0.216941688441765,0.0627553258464638,0.609,0.289272782456975
20,1.5,22.1945205479452,0.216760323012016,0.0618926359168384,0.6135,0.285534894286937
20,1.5,22.358904109589,0.216385708437777,0.0615844240328648,0.617,0.284604858969111
20,1.5,22.5232876712329,0.215780694137505,0.0601175437124914,0.6245,0.278604830486744
20,1.5,22.6876712328767,0.215825782442788,0.0589042255517888,0.632,0.272924878969933
20,1.5,22.8520547945205,0.21539135248811,0.0583968565866833,0.6375,0.271119782257307
20,1.5,23.0164383561644,0.214255012486569,0.0573842981483925,0.6405,0.267831764972079
20,1.5,23.1808219178082,0.21314387051692,0.0572860903204214,0.644,0.268767242433434
20,1.5,23.3452054794521,0.21230726860889,0.0568073505554214,0.647,0.267571388052998
20,1.5,23.5095890410959,0.210902035481143,0.0560792293374167,0.6545,0.265901792789623
20,1.5,23.6739726027397,0.210245655782659,0.0562004347450005,0.658,0.267308423262251
20,1.5,23.8383561643836,0.20974381932413,0.0553457949710126,0.664,0.263873305775382
20,1.5,24.0027397260274,0.208833769303061,0.0547056938549142,0.667,0.261958082916777
20,1.5,24.1671232876712,0.207232340157754,0.0541675960906133,0.6675,0.261385824477872
20,1.5,24.3315068493151,0.205992520150481,0.0536673457586951,0.6695,0.26053055576722
20,1.5,24.4958904109589,0.204830995389915,0.0537371498777751,0.674,0.26234872205489
20,1.5,24.6602739726027,0.203204478298449,0.0533914938884867,0.678,0.26274762414473
20,1.5,24.8246575342466,0.203120907604972,0.0527261159904483,0.682,0.259579954678962
20,1.5,24.9890410958904,0.202377173666854,0.0526677826312714,0.6835,0.260245667418853
20,1.5,25.1534246575342,0.201365494455747,0.0523472559878773,0.6855,0.259961400682684
20,1.5,25.3178082191781,0.199439252580823,0.0518640814490445,0.689,0.260049517724835
20,1.5,25.4821917808219,0.198979550937854,0.051217239972318,0.6935,0.257399515331675
20,1.5,25.6465753424658,0.199178088710244,0.050781845097609,0.6965,0.25495698561243
20,1.5,25.8109589041096,0.19901123312418,0.0502722559792112,0.699,0.252610142603569
20,1.5,25.9753424657534,0.198025437813307,0.0497756777194073,0.701,0.251360018536277
20,1.5,26.1397260273973,0.198129309699308,0.0489327407301164,0.706,0.246973760744332
20,1.5,26.3041095890411,0.197627470723235,0.0479416266310051,0.7095,0.242585843230997
20,1.5,26.4684931506849,0.197694004038895,0.0473854817351164,0.713,0.239691041544151
20,1.5,26.6328767123288,0.197055234869471,0.0465967733820696,0.716,0.236465544358338
20,1.5,26.7972602739726,0.195985473895954,0.0458247874266233,0.718,0.233817264696623
20,1.5,26.9616438356164,0.194670146798101,0.0454372282507137,0.7215,0.233406246402219
20,1.5,27.1260273972603,0.194243013110398,0.0453048824996475,0.7225,0.233238157574803
20,1.5,27.2904109589041,0.192692601674888,0.0450599410541419,0.7275,0.23384364870514
20,1.5,27.4547945205479,0.19294595695506,0.0446927468549551,0.7295,0.231633497587953
20,1.5,27.6191780821918,0.191833717553926,0.0438237345364229,0.7345,0.228446464444415
20,1.5,27.7835616438356,0.191508361017866,0.0430467966655988,0.7385,0.224777636009234
20,1.5,27.9479452054795,0.19091789145725,0.0426719661694045,0.741,0.22350951942584
20,1.5,28.1123287671233,0.191075584785227,0.0423321573296444,0.743,0.221546658497613
20,1.5,28.2767123287671,0.191511934141035,0.0414088511971281,0.7475,0.216220735187361
20,1.5,28.441095890411,0.191230593460551,0.0411056696366228,0.75,0.214953417718187
20,1.5,28.6054794520548,0.190499344063063,0.040673828971423,0.752,0.213511648407347
20,1.5,28.7698630136986,0.190800616663015,0.040221508821048,0.7565,0.210803872254175
20,1.5,28.9342465753425,0.191283094521659,0.040027692256434,0.758,0.209258912067118
20,1.5,29.0986301369863,0.190657542687101,0.0396168704682147,0.7595,0.20779073258713
20,1.5,29.2630136986301,0.188921307196266,0.039324380270695,0.766,0.208152171156861
20,1.5,29.427397260274,0.187760897830627,0.0389058514773884,0.7685,0.207209551759197
20,1.5,29.5917808219178,0.188123596741226,0.0388373572777505,0.77,0.206445963985971
20,1.5,29.7561643835616,0.187105978761982,0.0384155435945273,0.773,0.205314356327415
20,1.5,29.9205479452055,0.185588132530465,0.0378241958034908,0.774,0.203807190081412
20,1.5,30.0849315068493,0.185080300453678,0.0372568090276305,0.7765,0.201300780992384
20,1.5,30.2493150684931,0.183760326674111,0.036795962938885,0.7795,0.200238885100268
20,1.5,30.413698630137,0.182345835345647,0.0363516530431359,0.7815,0.199355543131705
20,1.5,30.5780821917808,0.180445834342696,0.035941999724519,0.782,0.199184424818915
20,1.5,30.7424657534247,0.179752221707116,0.0351938505783401,0.787,0.195790907306192
20,1.5,30.9068493150685,0.17877919983594,0.0349321238476695,0.7895,0.195392550586006
20,1.5,31.0712328767123,0.177452055774754,0.0347410147749116,0.7905,0.195776907870876
20,1.5,31.2356164383562,0.176402956340292,0.0343296533695427,0.7935,0.194609285931233
20,1.5,31.4,0.175803451179334,0.0339728260457636,0.7955,0.193243225988257
20,1.5,31.5643835616438,0.175476047117077,0.0335185605167228,0.797,0.191015019242822
20,1.5,31.7287671232877,0.175057098768268,0.032916435018001,0.8,0.188032563372789
20,1.5,31.8931506849315,0.173655625879584,0.0324115976777998,0.803,0.186642946427054
20,1.5,32.0575342465753,0.173351965526291,0.0319176347552878,0.806,0.184120408778676
20,1.5,32.2219178082192,0.172620380105576,0.0314318991348046,0.8115,0.182086837693097
20,1.5,32.386301369863,0.17357600546752,0.0311365136477665,0.814,0.179382591297118
20,1.5,32.5506849315069,0.173138107733501,0.0314955727054161,0.8155,0.181910112786349
20,1.5,32.7150684931507,0.172436308621657,0.0310488360749175,0.8175,0.180059735232687
20,1.5,32.8794520547945,0.172027960745561,0.030555799709763,0.819,0.177621123783225
20,1.5,33.0438356164384,0.170499648052109,0.0302143738681165,0.822,0.177210769718904
20,1.5,33.2082191780822,0.170598680871057,0.0298963845538551,0.825,0.175243937416208
20,1.5,33.372602739726,0.170034249227445,0.0294067466955181,0.826,0.17294602016434
20,1.5,33.5369863013699,0.169625785702657,0.0292876141910916,0.829,0.172660153465292
20,1.5,33.7013698630137,0.168955194893372,0.0287990681925896,0.8315,0.170453878087412
20,1.5,33.8657534246575,0.168422839302215,0.0285022385019251,0.8335,0.169230245850334
20,1.5,34.0301369863014,0.167788970440712,0.0282187842612325,0.836,0.168180209861909
20,1.5,34.1945205479452,0.167452836672316,0.0279086283352627,0.839,0.166665605013765
20,1.5,34.358904109589,0.166979105419897,0.027420643597315,0.8415,0.164216016898409
20,1.5,34.5232876712329,0.166466421022598,0.0262865394452016,0.8435,0.157908960159798
20,1.5,34.6876712328767,0.166717906407359,0.0254816321542628,0.8455,0.152842803171969
20,1.5,34.8520547945205,0.166784156236578,0.0253616517397633,0.8465,0.152062715740149
20,1.5,35.0164383561644,0.166779035799969,0.0253185565503218,0.849,0.151808987435857
20,1.5,35.1808219178082,0.167221245308806,0.0252207216523227,0.8505,0.150822472382309
20,1.5,35.3452054794521,0.166093233247099,0.0247703867539916,0.8515,0.149135435982153
20,1.5,35.5095890410959,0.165558569105272,0.0247642798136159,0.8535,0.149580175447574
20,1.5,35.6739726027397,0.164460901510891,0.0242650369357756,0.8545,0.14754289142802
20,1.5,35.8383561643836,0.163463222797776,0.0243423507121905,0.855,0.148916375778942
20,1.5,36.0027397260274,0.162040828682482,0.0244128219043569,0.856,0.150658461221484
20,1.5,36.1671232876712,0.161811282273186,0.0244404403517581,0.8565,0.151042869251201
20,1.5,36.3315068493151,0.161039540096721,0.0244961698725326,0.8565,0.152112765956858
20,1.5,36.4958904109589,0.160592074598052,0.0247324322023016,0.8575,0.154007800597911
20,1.5,36.6602739726027,0.160692721141442,0.0246662471781172,0.8585,0.153499467822228
20,1.5,36.8246575342466,0.158761937685477,0.0243551200913938,0.8595,0.153406543447735
20,1.5,36.9890410958904,0.158208460290115,0.0239715689963732,0.861,0.151518881812106
20,1.5,37.1534246575342,0.158873675070569,0.0236931678227195,0.8625,0.149132119038572
20,1.5,37.3178082191781,0.159116557579856,0.0232612175143213,0.8635,0.146189798649001
20,1.5,37.4821917808219,0.158444859454948,0.022850843334241,0.8655,0.144219531090173
20,1.5,37.6465753424658,0.157970744262671,0.0226126788326109,0.868,0.143144725551276
20,1.5,37.8109589041096,0.157822485007815,0.0222981426033522,0.8685,0.141286221682849
20,1.5,37.9753424657534,0.156517658053981,0.0221132389098958,0.8705,0.141282710109738
20,1.5,38.1397260273973,0.156431831694293,0.0220370416387176,0.872,0.1408731292093
20,1.5,38.3041095890411,0.15637427290866,0.0219890236835576,0.875,0.140617911594714
20,1.5,38.4684931506849,0.155053924918723,0.0218718525413245,0.8765,0.141059651039401
20,1.5,38.6328767123288,0.154425018018636,0.0218004711376187,0.8765,0.141171886636838
20,1.5,38.7972602739726,0.152727179683357,0.0216152140853711,0.8775,0.141528273685044
20,1.5,38.9616438356164,0.152856256311346,0.0215361857612369,0.8795,0.140891752035134
20,1.5,39.1260273972603,0.152585928914248,0.020952604425177,0.881,0.13731675374177
20,1.5,39.2904109589041,0.151786815941026,0.0207524601401657,0.882,0.136721098018346
20,1.5,39.4547945205479,0.15046321143363,0.0205951010328968,0.8835,0.136877983904932
20,1.5,39.6191780821918,0.150339337437255,0.0203185950800405,0.884,0.13515155398713
20,1.5,39.7835616438356,0.150289757474825,0.0200295761833399,0.8845,0.133273062115993
20,1.5,39.9479452054794,0.148878012740393,0.0198662833934142,0.886,0.133440009224573
20,1.5,40.1123287671233,0.14803239673069,0.0196292227458075,0.8885,0.132600857510388
20,1.5,40.2767123287671,0.146503498975437,0.0191923834644946,0.889,0.131002901628394
20,1.5,40.441095890411,0.147414633479513,0.0186609027298084,0.89,0.126587858269863
20,1.5,40.6054794520548,0.146665827399466,0.0180402033746752,0.8915,0.123002090497468
20,1.5,40.7698630136986,0.145470252574156,0.0180833024782612,0.8935,0.12430928082044
20,1.5,40.9342465753425,0.145231308083428,0.0176105170695455,0.894,0.121258407033208
20,1.5,41.0986301369863,0.144793501563106,0.0176544500639752,0.8965,0.121928469671553
20,1.5,41.2630136986301,0.144446242627337,0.017444221581507,0.898,0.120766184458755
20,1.5,41.427397260274,0.144001051675246,0.017063545423527,0.8995,0.118495977807225
20,1.5,41.5917808219178,0.143338953614384,0.0168497162135722,0.9005,0.117551550284802
20,1.5,41.7561643835616,0.143276010255985,0.0169617712227854,0.902,0.118385284406513
20,1.5,41.9205479452055,0.142906823764874,0.0166141430002374,0.9035,0.116258570182575
20,1.5,42.0849315068493,0.14238401749839,0.0160717809714664,0.9035,0.112876299277397
20,1.5,42.2493150684932,0.142172808662132,0.0157724195242719,0.9045,0.110938369106531
20,1.5,42.413698630137,0.142302812802281,0.0153364188382285,0.905,0.107773125043827
20,1.5,42.5780821917808,0.142012774728264,0.0151437199279558,0.907,0.106636321675516
20,1.5,42.7424657534247,0.141393933368999,0.0147933861809364,0.9085,0.104625324640555
20,1.5,42.9068493150685,0.141057022601356,0.0146495279592883,0.9095,0.103855360684095
20,1.5,43.0712328767123,0.140638706739161,0.0145203639569963,0.91,0.1032458580832
20,1.5,43.2356164383562,0.140220775939567,0.0143594386531993,0.9105,0.102405927773414
20,1.5,43.4,0.139949358350001,0.0139090779141394,0.9135,0.0993865072203764
20,1.5,43.5643835616438,0.139379714414226,0.0140480981364317,0.914,0.10079011996453
20,1.5,43.7287671232877,0.140065930904812,0.0139942668686561,0.9145,0.0999119970020865
20,1.5,43.8931506849315,0.139308110596937,0.0141103505593634,0.9145,0.101288794305661
20,1.5,44.0575342465753,0.137674185936326,0.0137217981854307,0.9155,0.0996686349885301
20,1.5,44.2219178082192,0.136487227784873,0.0137616103550263,0.9155,0.10082709260325
20,1.5,44.386301369863,0.136654185787261,0.0139950083355706,0.9155,0.102411852625997
20,1.5,44.5506849315069,0.136107329973491,0.0138056350579755,0.9155,0.101431973286555
20,1.5,44.7150684931507,0.134987346786251,0.0136230952381388,0.917,0.100921275678606
20,1.5,44.8794520547945,0.134696558107957,0.0135216867016083,0.918,0.100386282259498
20,1.5,45.0438356164384,0.133503894554446,0.0130066783572218,0.9195,0.0974254601382989
20,1.5,45.2082191780822,0.133282277675742,0.0129163206651378,0.9205,0.0969095133305082
20,1.5,45.372602739726,0.133151982783678,0.012770386952541,0.922,0.0959083498838172
20,1.5,45.5369863013699,0.132939153266017,0.0127641629270386,0.923,0.0960150761717054
20,1.5,45.7013698630137,0.132778314635596,0.0128322932833055,0.924,0.0966444958916909
20,1.5,45.8657534246575,0.132387284490797,0.0125440923534651,0.924,0.0947529998950703
20,1.5,46.0301369863014,0.131748336598007,0.0125543925900618,0.9245,0.0952907104122915
20,1.5,46.1945205479452,0.131462964873861,0.0127244024311282,0.9255,0.0967907763478278
20,1.5,46.358904109589,0.131069693326556,0.0128663254712661,0.9255,0.0981640007290631
20,1.5,46.5232876712329,0.132005586442896,0.0127068967299077,0.926,0.0962602952823101
20,1.5,46.6876712328767,0.131706592755307,0.0126937914128929,0.926,0.0963793166867223
20,1.5,46.8520547945205,0.130704804066656,0.012304713142665,0.929,0.0941412462268016
20,1.5,47.0164383561644,0.129651438142133,0.0119660690023431,0.932,0.0922941478614769
20,1.5,47.1808219178082,0.128701100141464,0.0120286154040055,0.9325,0.0934616362314234
20,1.5,47.3452054794521,0.127853710168601,0.011703413977298,0.9335,0.0915375389721945
20,1.5,47.5095890410959,0.127079144523821,0.011594182744918,0.9335,0.0912359206411302
20,1.5,47.6739726027397,0.126580584406682,0.0115352837460834,0.9335,0.0911299612033908
20,1.5,47.8383561643836,0.127056392719912,0.0110529745943384,0.9345,0.086992668040749
20,1.5,48.0027397260274,0.126105189221234,0.0109218212833434,0.9345,0.0866088172167329
20,1.5,48.1671232876712,0.125974342402453,0.0108424144708855,0.936,0.0860684347630646
20,1.5,48.3315068493151,0.125372752766304,0.0108086702783427,0.936,0.0862122753138404
20,1.5,48.4958904109589,0.124251806273102,0.0107035977680292,0.936,0.0861444037642641
20,1.5,48.6602739726027,0.124618211771175,0.0107997844860369,0.936,0.0866629711062423
20,1.5,48.8246575342466,0.124067874208371,0.0107955654624412,0.9365,0.0870133830479773
20,1.5,48.9890410958904,0.123226357370134,0.0106137949954313,0.9375,0.0861325062425628
20,1.5,49.1534246575342,0.123329545187096,0.0105728889538362,0.9385,0.0857287597857977
20,1.5,49.3178082191781,0.12431586076458,0.0104508239079152,0.939,0.0840666978745869
20,1.5,49.4821917808219,0.123494147307897,0.0103507757437292,0.94,0.0838159213968457
20,1.5,49.6465753424658,0.123335628354811,0.0101294306077659,0.9405,0.0821289901619152
20,1.5,49.8109589041096,0.122922010304185,0.0099132067117523,0.941,0.0806463113255379
20,1.5,49.9753424657534,0.123381917676593,0.00980275685788192,0.942,0.0794505146497785
50,1.5,0.00273972602739726,0.340045654915813,0.340051769542514,0,1.0000179817816
50,1.5,0.167123287671233,0.340924551348738,0.340363125493438,0,0.998353225506702
50,1.5,0.331506849315069,0.340831048306816,0.340128942512926,0,0.997940018089965
50,1.5,0.495890410958904,0.339838129249961,0.338735996405407,0,0.996756888795889
50,1.5,0.66027397260274,0.339384731909514,0.336865876901422,0,0.992578172288659
50,1.5,0.824657534246575,0.339311185963834,0.334294712651022,0,0.985215714894389
50,1.5,0.989041095890411,0.338954702373233,0.330889882462257,0,0.976206791484202
50,1.5,1.15342465753425,0.33935737368231,0.327748763832573,0,0.965792374794235
50,1.5,1.31780821917808,0.340570876789901,0.324498107438425,0,0.952806389369014
50,1.5,1.48219178082192,0.340623481518806,0.320628355371767,0,0.941298450541688
50,1.5,1.64657534246575,0.339972812310442,0.316388973036449,0,0.930630219770462
50,1.5,1.81095890410959,0.338793271961208,0.312194662217734,0,0.921490147695377
50,1.5,1.97534246575342,0.33874904883389,0.309109437826339,0,0.912502747654695
50,1.5,2.13972602739726,0.338042833036117,0.305642869498351,0,0.904154265757485
50,1.5,2.3041095890411,0.336963274153235,0.302203349624976,0,0.896843581498288
50,1.5,2.46849315068493,0.335321598054065,0.298055969883539,0,0.888866006881793
50,1.5,2.63287671232877,0.334576085372416,0.294489396711727,0,0.880186628951474
50,1.5,2.7972602739726,0.334301892650304,0.290707186276447,0,0.869594796403205
50,1.5,2.96164383561644,0.334227947058467,0.287715602029676,0,0.860836457758408
50,1.5,3.12602739726027,0.334079387014266,0.284103741108324,0,0.8504078735519
50,1.5,3.29041095890411,0.333317693954512,0.279920752654091,0,0.839801659891155
50,1.5,3.45479452054795,0.332813025198356,0.276986366625605,0,0.832258191999913
50,1.5,3.61917808219178,0.332261470985896,0.273814330475982,0,0.824092933988138
50,1.5,3.78356164383562,0.331444871325958,0.270671204967415,0,0.816640196858633
50,1.5,3.94794520547945,0.330488372749919,0.267319485827985,0,0.808861998997665
50,1.5,4.11232876712329,0.329769542848235,0.263924054272094,0,0.800328775036561
50,1.5,4.27671232876712,0.328842356965023,0.259916661329727,0,0.790398973321348
50,1.5,4.44109589041096,0.328026682876943,0.256013735049334,0,0.780466188920907
50,1.5,4.60547945205479,0.328441164020839,0.253255527334762,0,0.771083393550186
50,1.5,4.76986301369863,0.327935643729096,0.250495638165448,0,0.763856088703734
50,1.5,4.93424657534247,0.326901403392524,0.247454779275584,0,0.756970685067554
50,1.5,5.0986301369863,0.326976884177377,0.245189018362278,0,0.749866520317286
50,1.5,5.26301369863014,0.326374271776773,0.242239559613942,0,0.742214017959187
50,1.5,5.42739726027397,0.326136805622833,0.238923158796342,0,0.7325856961776
50,1.5,5.59178082191781,0.32517808456437,0.236519752543031,0,0.727354529011046
50,1.5,5.75616438356164,0.324642143220127,0.233503818642815,0,0.719265269526283
50,1.5,5.92054794520548,0.324352211600612,0.230891073912835,0,0.711852935342831
50,1.5,6.08493150684932,0.324373958247875,0.227646730083807,0,0.701803348559343
50,1.5,6.24931506849315,0.324342136335988,0.224753567817399,5e-04,0.692952110251181
50,1.5,6.41369863013699,0.323413849461675,0.222343608976262,5e-04,0.687489448415256
50,1.5,6.57808219178082,0.322847106559776,0.219590084079636,0.001,0.680167421723441
50,1.5,6.74246575342466,0.322982549196316,0.217086525540108,0.001,0.672130819699976
50,1.5,6.90684931506849,0.322963943847326,0.21493057085376,0.0015,0.665494012407044
50,1.5,7.07123287671233,0.323293747282636,0.212281176488909,0.0015,0.656620111812198
50,1.5,7.23561643835616,0.322425408998552,0.209710562838644,0.002,0.650415745737911
50,1.5,7.4,0.320787656106475,0.207155902921968,0.0025,0.645772675408711
50,1.5,7.56438356164384,0.32049963831882,0.204703893509473,0.0025,0.638702416586945
50,1.5,7.72876712328767,0.319256373652046,0.202498406172223,0.003,0.634281483109633
50,1.5,7.89315068493151,0.31870425393262,0.200413854998503,0.004,0.628839598234148
50,1.5,8.05753424657534,0.31789731698409,0.198836598844059,0.0045,0.625474290662257
50,1.5,8.22191780821918,0.317210161824288,0.196617269656072,0.005,0.619832821638873
50,1.5,8.38630136986301,0.3160622004206,0.194276345459502,0.007,0.614677570430657
50,1.5,8.55068493150685,0.316236587343899,0.192292183687983,0.007,0.608064314452236
50,1.5,8.71506849315069,0.31626668321347,0.189545324494404,0.0075,0.599321188588386
50,1.5,8.87945205479452,0.314965369092518,0.187035280502168,0.0075,0.593828080341202
50,1.5,9.04383561643836,0.315201491160265,0.184617541267411,0.008,0.585712778793747
50,1.5,9.20821917808219,0.314628786445341,0.183053833797745,0.01,0.58180891795019
50,1.5,9.37260273972603,0.313848988811816,0.180670228096344,0.01,0.575659742541578
50,1.5,9.53698630136986,0.312911748885893,0.178224493403247,0.0105,0.569567918231918
50,1.5,9.7013698630137,0.312387348107322,0.17612259567395,0.0115,0.563795546589942
50,1.5,9.86575342465753,0.31266273373372,0.174118407045223,0.0115,0.556888903790853
50,1.5,10.0301369863014,0.311454302067225,0.172175829640666,0.012,0.552812494474723
50,1.5,10.1945205479452,0.310779223984894,0.171088406085627,0.0145,0.550514297229672
50,1.5,10.358904109589,0.311130628677828,0.169599077251097,0.0165,0.545105693938976
50,1.5,10.5232876712329,0.310397030199294,0.167635832148415,0.017,0.540069059426191
50,1.5,10.6876712328767,0.310247407533512,0.165944363851914,0.017,0.534877519754905
50,1.5,10.8520547945205,0.309863336625128,0.163867614979545,0.019,0.528838347783596
50,1.5,11.0164383561644,0.308789411526915,0.16214349235571,0.021,0.525094081283216
50,1.5,11.1808219178082,0.309158712631661,0.160954161501194,0.022,0.520619846457177
50,1.5,11.3452054794521,0.309073718717514,0.159314542653599,0.023,0.515458070374494
50,1.5,11.5095890410959,0.307654161085034,0.157439684970958,0.023,0.511742420176278
50,1.5,11.6739726027397,0.307439199918903,0.155875486359433,0.024,0.507012399201371
50,1.5,11.8383561643836,0.307368668087664,0.154518793994931,0.026,0.502714850398677
50,1.5,12.0027397260274,0.307451960409578,0.152734172111457,0.0285,0.496774103856713
50,1.5,12.1671232876712,0.307423378618998,0.151147813727546,0.0315,0.491660115136752
50,1.5,12.3315068493151,0.307204172373258,0.149807073309254,0.034,0.48764661023951
50,1.5,12.4958904109589,0.306383493158591,0.147982430924475,0.0365,0.482997401063889
50,1.5,12.6602739726027,0.306041264092512,0.146711729706408,0.039,0.479385451963297
50,1.5,12.8246575342466,0.306430989380396,0.144758027572863,0.0415,0.47240009199319
50,1.5,12.9890410958904,0.30587320239721,0.143030219295685,0.044,0.467612782599845
50,1.5,13.1534246575342,0.305460798518108,0.141508262626701,0.0455,0.463261614299459
50,1.5,13.3178082191781,0.305128839710024,0.140137053927909,0.0465,0.459271742589415
50,1.5,13.4821917808219,0.305188247726158,0.138487978658315,0.048,0.453778871533018
50,1.5,13.6465753424658,0.304453971946726,0.137305128975473,0.0515,0.450988134914196
50,1.5,13.8109589041096,0.303770545251476,0.135999680093226,0.054,0.447705290124949
50,1.5,13.9753424657534,0.304056323872617,0.134690263452352,0.056,0.442978003998956
50,1.5,14.1397260273973,0.303114577391924,0.133525525117418,0.0585,0.440511724201145
50,1.5,14.3041095890411,0.303688792581037,0.132144722980769,0.061,0.435132037167646
50,1.5,14.4684931506849,0.303366615609009,0.131325467414622,0.0625,0.432893603506722
50,1.5,14.6328767123288,0.302902780787786,0.130263607691169,0.0675,0.430050880854842
50,1.5,14.7972602739726,0.301703786393378,0.129546376737693,0.0685,0.42938266796819
50,1.5,14.9616438356164,0.302110362322209,0.128666056642814,0.0705,0.425890908387934
50,1.5,15.1260273972603,0.302591606078798,0.127791732331001,0.073,0.422324115288653
50,1.5,15.2904109589041,0.302285070198243,0.126419246638029,0.0745,0.418212009462198
50,1.5,15.4547945205479,0.301469980900979,0.124854610834628,0.077,0.414152714182305
50,1.5,15.6191780821918,0.301105072672251,0.123950562489654,0.0795,0.411652189681216
50,1.5,15.7835616438356,0.301636358678392,0.122733593118248,0.0815,0.406892569768446
50,1.5,15.9479452054795,0.301046175490697,0.121737304910098,0.0845,0.404380838626065
50,1.5,16.1123287671233,0.30030862891402,0.120660958033688,0.087,0.401789846898586
50,1.5,16.2767123287671,0.300543322693969,0.119624142041787,0.09,0.398026284428869
50,1.5,16.441095890411,0.30122963220726,0.118507723136869,0.095,0.393413231854064
50,1.5,16.6054794520548,0.300490955622937,0.117046399956804,0.0975,0.389517214300708
50,1.5,16.7698630136986,0.299664063113157,0.116353719391395,0.1015,0.388280523805948
50,1.5,16.9342465753425,0.29967377693213,0.115730039351146,0.1035,0.386186741248824
50,1.5,17.0986301369863,0.300028675505069,0.11474020025853,0.107,0.382430779542576
50,1.5,17.2630136986301,0.299818774494967,0.11355109062763,0.1105,0.378732422006934
50,1.5,17.427397260274,0.299051478693357,0.112132933906112,0.1125,0.374961977770694
50,1.5,17.5917808219178,0.299410802853027,0.111016700046859,0.115,0.370783882842578
50,1.5,17.7561643835616,0.29920278646771,0.110301126894978,0.117,0.368650065720165
50,1.5,17.9205479452055,0.298225151549864,0.10932735645722,0.1235,0.36659334696973
50,1.5,18.0849315068493,0.298240242598585,0.108497948915121,0.128,0.36379379244656
50,1.5,18.2493150684931,0.297467120651911,0.107422373446895,0.131,0.361123519169024
50,1.5,18.413698630137,0.297069053175315,0.1057223607522,0.134,0.355884800594859
50,1.5,18.5780821917808,0.297010772653857,0.104292773170127,0.138,0.351141381971595
50,1.5,18.7424657534247,0.297159173652069,0.103749013643909,0.1415,0.349136162847808
50,1.5,18.9068493150685,0.296653424504117,0.103054725737775,0.1475,0.347390986333768
50,1.5,19.0712328767123,0.296493518039693,0.102009017652321,0.152,0.344051425902217
50,1.5,19.2356164383562,0.296579773975899,0.101270758086941,0.1585,0.341462119042449
50,1.5,19.4,0.296013324959681,0.100476498065267,0.161,0.339432348455777
50,1.5,19.5643835616438,0.296301961760578,0.10026814926519,0.166,0.338398533271305
50,1.5,19.7287671232877,0.295993400342647,0.0992960625823434,0.1695,0.33546715050875
50,1.5,19.8931506849315,0.296590022919352,0.0988287815160274,0.172,0.33321681067775
50,1.5,20.0575342465753,0.296182686865653,0.0979854794786743,0.1795,0.330827843165323
50,1.5,20.2219178082192,0.29573448122085,0.0977759373939152,0.1845,0.330620687145702
50,1.5,20.386301369863,0.294592533457867,0.0971737900550905,0.189,0.329858292450539
50,1.5,20.5506849315069,0.29425620092401,0.0962568415380258,0.1935,0.327119160907279
50,1.5,20.7150684931507,0.294042589431843,0.0953609806431304,0.1995,0.324310096803968
50,1.5,20.8794520547945,0.293801890879062,0.0945267493983574,0.2015,0.321736354778151
50,1.5,21.0438356164384,0.293588817315049,0.0932110405745228,0.2045,0.317488388784571
50,1.5,21.2082191780822,0.293710737556451,0.0924131749198657,0.207,0.314640096881388
50,1.5,21.372602739726,0.292474713302852,0.0914585204938214,0.211,0.312705736030991
50,1.5,21.5369863013699,0.292377373955746,0.0907347571095385,0.214,0.310334400647815
50,1.5,21.7013698630137,0.292181193665596,0.0898587796770676,0.2175,0.307544707274733
50,1.5,21.8657534246575,0.292037028410595,0.089241881870685,0.2205,0.305584132109486
50,1.5,22.0301369863014,0.291419046998874,0.0886982253870162,0.224,0.304366603008481
50,1.5,22.1945205479452,0.291457323656867,0.0878094422594593,0.2305,0.301277185825111
50,1.5,22.358904109589,0.290640103925611,0.0874262154083863,0.2345,0.300805753327019
50,1.5,22.5232876712329,0.290411316158151,0.0868507425146194,0.2385,0.299061151140965
50,1.5,22.6876712328767,0.290005361642737,0.086146269241274,0.2435,0.297050608834602
50,1.5,22.8520547945205,0.290025381021316,0.0857368425173147,0.2495,0.295618411793461
50,1.5,23.0164383561644,0.29029141697978,0.0849698617422823,0.254,0.292705387662912
50,1.5,23.1808219178082,0.289669076142488,0.0841480188806504,0.2555,0.290497073423392
50,1.5,23.3452054794521,0.289351191441873,0.0835646191833109,0.262,0.288799983047928
50,1.5,23.5095890410959,0.288468425119059,0.0832472343568641,0.264,0.288583522867384
50,1.5,23.6739726027397,0.288185199413978,0.0822065988762643,0.269,0.285256144463459
50,1.5,23.8383561643836,0.288477249397042,0.0812462108298837,0.2735,0.281638191572124
50,1.5,24.0027397260274,0.288443321458998,0.0805855113431993,0.2805,0.279380749519813
50,1.5,24.1671232876712,0.288436246937709,0.0801871749911525,0.2855,0.278006581497609
50,1.5,24.3315068493151,0.28876096495311,0.0792881129362528,0.2895,0.27458044043151
50,1.5,24.4958904109589,0.288433121492913,0.0786188764512366,0.2925,0.272572290048764
50,1.5,24.6602739726027,0.287806130694453,0.077987692313906,0.2955,0.270973005772073
50,1.5,24.8246575342466,0.288015720901022,0.0775314023149883,0.302,0.269191563823116
50,1.5,24.9890410958904,0.287019040183806,0.0769065126109373,0.3095,0.267949166583815
50,1.5,25.1534246575342,0.28693839113409,0.0764009189202248,0.3155,0.266262449643839
50,1.5,25.3178082191781,0.286032517502551,0.0752609396049784,0.3225,0.263120222351318
50,1.5,25.4821917808219,0.285113480179331,0.0747922795359376,0.326,0.262324599625716
50,1.5,25.6465753424658,0.284901329979917,0.0737874937488234,0.3305,0.258993153012044
50,1.5,25.8109589041096,0.284714176637615,0.0729178623582095,0.334,0.25610899751936
50,1.5,25.9753424657534,0.284978702096457,0.07238627925127,0.3365,0.254005926473654
50,1.5,26.1397260273973,0.284602417941285,0.0716196692790234,0.3425,0.251648140578338
50,1.5,26.3041095890411,0.284435645963615,0.0710950134200504,0.346,0.249951138083251
50,1.5,26.4684931506849,0.283656073365808,0.0706627179329777,0.349,0.249114066533135
50,1.5,26.6328767123288,0.284125935603412,0.0702018837688339,0.3495,0.247080167531143
50,1.5,26.7972602739726,0.283816551723905,0.0699181722973261,0.3545,0.246349875906258
50,1.5,26.9616438356164,0.284134043387578,0.0692576191686493,0.358,0.24374981027591
50,1.5,27.1260273972603,0.284195827267222,0.0689411153478089,0.361,0.242583137165435
50,1.5,27.2904109589041,0.283892466105995,0.0685682429874018,0.3655,0.241528927934991
50,1.5,27.4547945205479,0.28377759504135,0.0685382366236331,0.37,0.241520958036332
50,1.5,27.6191780821918,0.284195564211233,0.0678735391215627,0.374,0.238826877224285
50,1.5,27.7835616438356,0.284295288119429,0.0678442831068737,0.378,0.238640195395617
50,1.5,27.9479452054795,0.28365582865516,0.0676846363119231,0.3825,0.238615355209948
50,1.5,28.1123287671233,0.283965144237915,0.0677106681282517,0.3855,0.238447110507061
50,1.5,28.2767123287671,0.283758901840779,0.0669354004472558,0.392,0.235888284078623
50,1.5,28.441095890411,0.282648209545309,0.0666674311220012,0.397,0.235867162326087
50,1.5,28.6054794520548,0.283013190336068,0.066000729178316,0.4005,0.233207254757075
50,1.5,28.7698630136986,0.283288211770624,0.0654734618521635,0.405,0.231119612930371
50,1.5,28.9342465753425,0.283311892573108,0.0652022741592094,0.408,0.230143089183537
50,1.5,29.0986301369863,0.282732276436232,0.0645930870868245,0.4105,0.228460251871501
50,1.5,29.2630136986301,0.282182928790439,0.0644380296606336,0.414,0.228355520785199
50,1.5,29.427397260274,0.282358968307759,0.0638464572200861,0.4175,0.226118042585055
50,1.5,29.5917808219178,0.2818322530046,0.063451863029454,0.421,0.225140530769622
50,1.5,29.7561643835616,0.280783272472452,0.0626684861956677,0.4265,0.223191665386036
50,1.5,29.9205479452055,0.280509568456659,0.062234018029587,0.4305,0.221860588827659
50,1.5,30.0849315068493,0.280193899860644,0.0612149468741825,0.435,0.218473517462829
50,1.5,30.2493150684931,0.278939325127957,0.0608789354633629,0.438,0.218251533502621
50,1.5,30.413698630137,0.278668484051562,0.0605861207092044,0.4415,0.21741289085993
50,1.5,30.5780821917808,0.279037239884581,0.0597388156213631,0.4455,0.214089042903639
50,1.5,30.7424657534247,0.278780965113839,0.0592103014987498,0.4495,0.212390044186021
50,1.5,30.9068493150685,0.277758179712181,0.0588488744873724,0.453,0.211870896289546
50,1.5,31.0712328767123,0.277236240826881,0.058680706398782,0.4565,0.211663187409272
50,1.5,31.2356164383562,0.276403601558645,0.0584772288874526,0.461,0.211564641552058
50,1.5,31.4,0.276058815841136,0.057848217773582,0.462,0.209550336573464
50,1.5,31.5643835616438,0.276502928200061,0.0572235224135162,0.4645,0.206954489726462
50,1.5,31.7287671232877,0.276564995507158,0.0567417618962884,0.4675,0.205166101343508
50,1.5,31.8931506849315,0.276397282460345,0.0566719220447688,0.4685,0.205037913326444
50,1.5,32.0575342465753,0.276263942968926,0.0562167714143536,0.472,0.203489354456499
50,1.5,32.2219178082192,0.27619911987616,0.0562582282773955,0.476,0.203687210526305
50,1.5,32.386301369863,0.275308950550717,0.0561180928030936,0.479,0.203836790234524
50,1.5,32.5506849315069,0.27536017115064,0.0560311993713832,0.4815,0.203483311102136
50,1.5,32.7150684931507,0.274325983946995,0.055508226887887,0.486,0.202344036424243
50,1.5,32.8794520547945,0.27422076409505,0.0549722758976036,0.49,0.200467226028694
50,1.5,33.0438356164384,0.275851844630872,0.0546262680954431,0.4935,0.198027561383686
50,1.5,33.2082191780822,0.275401736203345,0.0542337256626729,0.4985,0.196925866954699
50,1.5,33.372602739726,0.275671906581941,0.0538830690356735,0.5035,0.195460863980557
50,1.5,33.5369863013699,0.275703594629172,0.0538295711305462,0.5085,0.195244357270526
50,1.5,33.7013698630137,0.275908631971947,0.0531809721881949,0.5095,0.192748489991434
50,1.5,33.8657534246575,0.27569554175683,0.0526364828130761,0.5125,0.190922502691402
50,1.5,34.0301369863014,0.275262018353862,0.0519306583086922,0.516,0.188659004316146
50,1.5,34.1945205479452,0.275556153764192,0.0511825642872837,0.518,0.185742773616601
50,1.5,34.358904109589,0.275008829353874,0.0510740366070966,0.5195,0.185717806686766
50,1.5,34.5232876712329,0.275388271378204,0.0507820819236856,0.523,0.184401759993417
50,1.5,34.6876712328767,0.276009225760747,0.050285515695174,0.5245,0.182187807514677
50,1.5,34.8520547945205,0.275566272771811,0.0497256610194286,0.5275,0.180449009667468
50,1.5,35.0164383561644,0.275234518801788,0.0492603084355567,0.531,0.178975764558921
50,1.5,35.1808219178082,0.275244591605241,0.0491984335468766,0.5345,0.178744415139817
50,1.5,35.3452054794521,0.27512773556853,0.0486961546342826,0.5385,0.176994713141718
50,1.5,35.5095890410959,0.275375786153297,0.0484481733023727,0.5415,0.175934761654761
50,1.5,35.6739726027397,0.275748051423757,0.0480412272113924,0.5455,0.174221456736841
50,1.5,35.8383561643836,0.27501103334301,0.0476075924917512,0.5455,0.173111572699602
50,1.5,36.0027397260274,0.275153886334776,0.0473689717898919,0.5475,0.172154471161126
50,1.5,36.1671232876712,0.27536594011894,0.0467667051346043,0.5495,0.16983474831493
50,1.5,36.3315068493151,0.275719812321749,0.0464956808005607,0.5525,0.168633804038365
50,1.5,36.4958904109589,0.274962036394655,0.0464517558896918,0.554,0.168938797874698
50,1.5,36.6602739726027,0.274562967072593,0.0458873046851966,0.5585,0.167128528564685
50,1.5,36.8246575342466,0.273684183599778,0.0452784189838956,0.563,0.165440393333465
50,1.5,36.9890410958904,0.273623661210317,0.0449409216823741,0.5655,0.164243550735296
50,1.5,37.1534246575342,0.274195338224348,0.0449168804216971,0.5675,0.163813435751945
50,1.5,37.3178082191781,0.273668808471491,0.0448130620759773,0.5705,0.163749249782134
50,1.5,37.4821917808219,0.27284606525478,0.0445058748258504,0.5725,0.163117158329886
50,1.5,37.6465753424658,0.27283340187935,0.0445259686661002,0.5745,0.163198378055594
50,1.5,37.8109589041096,0.272233505145665,0.0441580102533038,0.5765,0.162206375845163
50,1.5,37.9753424657534,0.271899039305024,0.0437876846568269,0.5785,0.161043910889676
50,1.5,38.1397260273973,0.27170656683347,0.0432748386710717,0.582,0.159270492338137
50,1.5,38.3041095890411,0.271483235685228,0.0425880872885192,0.584,0.156871886328547
50,1.5,38.4684931506849,0.270703132907512,0.0423287197534741,0.588,0.156365828865143
50,1.5,38.6328767123288,0.270675787418906,0.0421521422389921,0.5905,0.155729267996018
50,1.5,38.7972602739726,0.27037748554808,0.0417178165547788,0.596,0.154294713075732
50,1.5,38.9616438356164,0.270255305787553,0.0412572100226437,0.5985,0.152660129659308
50,1.5,39.1260273972603,0.270051391856228,0.0408911485607668,0.6,0.151419877082273
50,1.5,39.2904109589041,0.26904174631988,0.0404724775205051,0.6025,0.150431961114261
50,1.5,39.4547945205479,0.269073560865738,0.0400474907681401,0.604,0.148834729950012
50,1.5,39.6191780821918,0.269470630419289,0.0396881083203227,0.6065,0.147281758529933
50,1.5,39.7835616438356,0.268860973561437,0.0393710755559062,0.61,0.146436558026186
50,1.5,39.9479452054794,0.268960225059465,0.0391517821656694,0.614,0.145567182497015
50,1.5,40.1123287671233,0.268608700108367,0.0388260924829463,0.616,0.144545178422301
50,1.5,40.2767123287671,0.269213281248204,0.0384751594003246,0.6185,0.1429170181424
50,1.5,40.441095890411,0.269637568006601,0.0383003099395703,0.621,0.142043670778965
50,1.5,40.6054794520548,0.270252633059866,0.0377684155973561,0.625,0.139752257618114
50,1.5,40.7698630136986,0.269798845239485,0.0371691057304026,0.6285,0.137765992650597
50,1.5,40.9342465753425,0.269428918124155,0.0367509696366876,0.631,0.136403211253487
50,1.5,41.0986301369863,0.269968755736437,0.0365876772420815,0.6325,0.135525598665207
50,1.5,41.2630136986301,0.270293918006029,0.0363756619112711,0.635,0.134578173936047
50,1.5,41.427397260274,0.270080523003793,0.0360266023002619,0.6375,0.133392078405283
50,1.5,41.5917808219178,0.26924247242972,0.0355998829318558,0.6395,0.132222389025744
50,1.5,41.7561643835616,0.268443456454214,0.0356322899247446,0.642,0.132736667883063
50,1.5,41.9205479452055,0.26820010844238,0.0352628847269158,0.646,0.131479755663453
50,1.5,42.0849315068493,0.26853273746967,0.0346865203848791,0.648,0.12917054624968
50,1.5,42.2493150684932,0.268860918614469,0.0343943061830913,0.652,0.127926016024705
50,1.5,42.413698630137,0.26839149439568,0.034247663586405,0.6555,0.127603386476603
50,1.5,42.5780821917808,0.268489404691644,0.0338762877789245,0.66,0.126173648520063
50,1.5,42.7424657534247,0.268377230394154,0.0332073065527488,0.6645,0.123733695678947
50,1.5,42.9068493150685,0.26845590287291,0.033075079489936,0.6675,0.123204888162187
50,1.5,43.0712328767123,0.267202200779697,0.0328288138882702,0.6685,0.122861315484961
50,1.5,43.2356164383562,0.266779397532098,0.0325012648854915,0.6725,0.12182824155895
50,1.5,43.4,0.26753442058789,0.0322520034205607,0.6755,0.120552724952883
50,1.5,43.5643835616438,0.26676615999215,0.0317765454233288,0.678,0.119117602563473
50,1.5,43.7287671232877,0.266168801034878,0.0313600691572747,0.681,0.117820229250555
50,1.5,43.8931506849315,0.265609365424747,0.0311318731111668,0.6825,0.11720924471689
50,1.5,44.0575342465753,0.264998460212428,0.0309551978450553,0.684,0.116812746082528
50,1.5,44.2219178082192,0.264844599019354,0.0305677783455299,0.687,0.115417790125658
50,1.5,44.386301369863,0.264604253210951,0.0304598537579156,0.689,0.115114754915266
50,1.5,44.5506849315069,0.26454611503049,0.0300925288714292,0.6925,0.113751543347975
50,1.5,44.7150684931507,0.263851866937355,0.029768567326107,0.697,0.112823030860626
50,1.5,44.8794520547945,0.2639775086318,0.0294161157059013,0.6985,0.11143417429146
50,1.5,45.0438356164384,0.263651658138264,0.0290831738203642,0.7005,0.110309087474475
50,1.5,45.2082191780822,0.26370055151085,0.0287568770537474,0.7045,0.109051258668164
50,1.5,45.372602739726,0.263569466926422,0.0288554855602054,0.707,0.10947962181166
50,1.5,45.5369863013699,0.263739672611405,0.0288070587674112,0.7095,0.109225352720656
50,1.5,45.7013698630137,0.263607863381077,0.0284863001121767,0.711,0.108063165289558
50,1.5,45.8657534246575,0.263737357398374,0.0285508647921348,0.7145,0.108254913425135
50,1.5,46.0301369863014,0.262726126142236,0.028354980197676,0.716,0.107926001170987
50,1.5,46.1945205479452,0.262913890487938,0.0284943282751569,0.718,0.108378938146915
50,1.5,46.358904109589,0.262803859146067,0.0283089959096859,0.7205,0.107719102762306
50,1.5,46.5232876712329,0.262819939636665,0.0282321533730682,0.722,0.107420134910988
50,1.5,46.6876712328767,0.26280573513663,0.028008240357103,0.723,0.106573931282519
50,1.5,46.8520547945205,0.26347485813768,0.0277512279815629,0.725,0.105327803106972
50,1.5,47.0164383561644,0.262980189970298,0.0277900670644672,0.7265,0.105673613923566
50,1.5,47.1808219178082,0.263052665670308,0.0273784617751194,0.7285,0.104079773171482
50,1.5,47.3452054794521,0.263057204465632,0.0269503200317371,0.7325,0.102450416009261
50,1.5,47.5095890410959,0.263222592842372,0.0267540041493918,0.734,0.101640227233128
50,1.5,47.6739726027397,0.262936018534218,0.0261763327248402,0.736,0.099554001276678
50,1.5,47.8383561643836,0.262088180839283,0.0258439803225615,0.739,0.0986079579773555
50,1.5,48.0027397260274,0.262599812997567,0.0255298303976777,0.74,0.0972195299998719
50,1.5,48.1671232876712,0.262315616209971,0.0252948850773385,0.743,0.0964292002237913
50,1.5,48.3315068493151,0.262190023325647,0.0249332117081524,0.7445,0.0950959589991137
50,1.5,48.4958904109589,0.2617262642737,0.0245529066403113,0.745,0.0938113976006442
50,1.5,48.6602739726027,0.261530781107012,0.0242310777801126,0.7475,0.0926509593920336
50,1.5,48.8246575342466,0.260473436425148,0.0240253018142226,0.75,0.0922370516700526
50,1.5,48.9890410958904,0.260394205502546,0.0237174770962754,0.7525,0.0910829680349532
50,1.5,49.1534246575342,0.259893944821891,0.0237430042801827,0.7535,0.0913565119666568
50,1.5,49.3178082191781,0.259837814822399,0.0234492962302943,0.7545,0.0902458952955789
50,1.5,49.4821917808219,0.259805686575066,0.0233221730966766,0.756,0.0897677545250267
50,1.5,49.6465753424658,0.259853379262125,0.0232338610208205,0.7585,0.089411425346074
50,1.5,49.8109589041096,0.259674020892739,0.0230906336392574,0.7595,0.0889216162628574
50,1.5,49.9753424657534,0.25936973657335,0.0230031579466689,0.7625,0.0886886737464976
100,1.5,0.00273972602739726,0.330025763773256,0.329970848749941,0,0.999833603829328
100,1.5,0.167123287671233,0.330341200760566,0.329710816117006,0,0.998091716558188
100,1.5,0.331506849315069,0.33087903491962,0.329180181032315,0,0.994865634543095
100,1.5,0.495890410958904,0.331156118802057,0.328253027634744,0,0.991233466626511
100,1.5,0.66027397260274,0.331551965734057,0.327213454665421,0,0.986914536733236
100,1.5,0.824657534246575,0.331758150080109,0.324527228467178,0,0.978204238204293
100,1.5,0.989041095890411,0.331636389582818,0.321906604856165,0,0.97066128738498
100,1.5,1.15342465753425,0.331476202895619,0.318726031510903,0,0.96153518330023
100,1.5,1.31780821917808,0.331241705969923,0.315286767429487,0,0.95183294176765
100,1.5,1.48219178082192,0.331729118940378,0.311556252444423,0,0.939188737604972
100,1.5,1.64657534246575,0.331495813336307,0.307482912561386,0,0.927561978737393
100,1.5,1.81095890410959,0.331840941972495,0.303863865839064,0,0.915691306904044
100,1.5,1.97534246575342,0.331591253830477,0.300390739067699,0,0.905906701692655
100,1.5,2.13972602739726,0.331195461658931,0.296464545805679,0,0.895134686691394
100,1.5,2.3041095890411,0.331065904706303,0.293074767088938,0,0.885245997617701
100,1.5,2.46849315068493,0.331056983370122,0.289831351986626,0,0.875472702723793
100,1.5,2.63287671232877,0.331347223215483,0.286106169000843,0,0.863463306631607
100,1.5,2.7972602739726,0.331143338235116,0.282670047078646,0,0.853618401581574
100,1.5,2.96164383561644,0.330654487726064,0.278997112116044,0,0.843772343858778
100,1.5,3.12602739726027,0.329850151001229,0.275334882467199,0,0.834727168174537
100,1.5,3.29041095890411,0.329980614499981,0.27216195412528,0,0.82478164524206
100,1.5,3.45479452054795,0.330035625509489,0.269482739786964,0,0.816526214013874
100,1.5,3.61917808219178,0.329432026618122,0.266410947679917,0,0.808697777246597
100,1.5,3.78356164383562,0.329346065474806,0.263867084206778,0,0.801184868646818
100,1.5,3.94794520547945,0.329474621621197,0.260625917567775,0,0.791034879364461
100,1.5,4.11232876712329,0.329349428334279,0.258185913576698,0,0.78392701296766
100,1.5,4.27671232876712,0.328787953432289,0.254770343278621,0,0.774877365849381
100,1.5,4.44109589041096,0.328109397589128,0.251755349314409,0,0.767290882749012
100,1.5,4.60547945205479,0.32848133895291,0.249134217239106,0,0.758442528373952
100,1.5,4.76986301369863,0.328178420909349,0.246211750700121,0,0.750237477582754
100,1.5,4.93424657534247,0.327862467934215,0.243147705139777,0,0.741614941996239
100,1.5,5.0986301369863,0.327951792406032,0.240241778458398,0,0.73255211290615
100,1.5,5.26301369863014,0.328125054740324,0.237113952605348,0,0.72263287786115
100,1.5,5.42739726027397,0.327843409314253,0.234092210437768,0,0.714036652215814
100,1.5,5.59178082191781,0.328270657274234,0.231359179008184,0,0.704781782597488
100,1.5,5.75616438356164,0.327935333258141,0.228992737014118,0,0.698286258876113
100,1.5,5.92054794520548,0.327581855395472,0.226850037326065,0,0.692498786455072
100,1.5,6.08493150684932,0.327264803045334,0.224439592910215,0,0.68580425032485
100,1.5,6.24931506849315,0.327058234576723,0.221843844416067,0,0.678300745746936
100,1.5,6.41369863013699,0.327405499388215,0.218977650652919,0,0.668827038831349
100,1.5,6.57808219178082,0.326725493756927,0.216354393652283,0,0.662190119186853
100,1.5,6.74246575342466,0.326031453694836,0.214155059469284,0,0.656853984615031
100,1.5,6.90684931506849,0.325585193789261,0.211862869117348,0,0.650714077785978
100,1.5,7.07123287671233,0.325681742421108,0.209767651149041,0,0.644087843517524
100,1.5,7.23561643835616,0.325096763024131,0.207500106398329,0,0.638271831648248
100,1.5,7.4,0.3249761205292,0.205605339443816,0,0.632678299897859
100,1.5,7.56438356164384,0.325211611232153,0.203429747472011,0,0.625530394506094
100,1.5,7.72876712328767,0.325690749962595,0.201134821034337,0,0.617563811859678
100,1.5,7.89315068493151,0.325787423725949,0.198616267389573,0,0.609649891079429
100,1.5,8.05753424657534,0.326226075427183,0.19646923416568,0,0.602248713283907
100,1.5,8.22191780821918,0.325585053824482,0.194078750991107,0,0.596092322762863
100,1.5,8.38630136986301,0.324852152563007,0.19234978593542,0,0.59211485722913
100,1.5,8.55068493150685,0.323840867531081,0.190302866297528,0,0.58764314630322
100,1.5,8.71506849315069,0.323889104644301,0.188545346814285,0,0.582129327941883
100,1.5,8.87945205479452,0.323726484466218,0.186335427006975,0,0.575595250769233
100,1.5,9.04383561643836,0.323223930188911,0.184629611757071,0,0.571212693469704
100,1.5,9.20821917808219,0.323058396571318,0.182897303365835,0,0.566143165777333
100,1.5,9.37260273972603,0.323331115148271,0.181461979365627,0,0.561226466813791
100,1.5,9.53698630136986,0.323735357948735,0.17967120240392,0,0.5549940653451
100,1.5,9.7013698630137,0.323034502979889,0.177875963602469,0,0.550640758066461
100,1.5,9.86575342465753,0.323616305187444,0.175924446549227,0,0.543620465746708
100,1.5,10.0301369863014,0.32376161945372,0.174308024997142,0,0.538383843308082
100,1.5,10.1945205479452,0.323059276543306,0.172922671219016,0,0.53526607583991
100,1.5,10.358904109589,0.32265953811223,0.171244669638864,0,0.53072867655101
100,1.5,10.5232876712329,0.322251512714081,0.169652652953087,0,0.526460377250772
100,1.5,10.6876712328767,0.322444085796611,0.16798151458159,0,0.520963236669653
100,1.5,10.8520547945205,0.322349583722584,0.165908967182123,0,0.514686463268106
100,1.5,11.0164383561644,0.321972347160984,0.16436661364373,0,0.510499162717062
100,1.5,11.1808219178082,0.321811696384653,0.162864158637263,0,0.506085268083593
100,1.5,11.3452054794521,0.322040268904435,0.161329405518758,0,0.500960349050735
100,1.5,11.5095890410959,0.322052070511511,0.159853344046705,0,0.496358690670153
100,1.5,11.6739726027397,0.322472302278945,0.158231839209731,0,0.490683503952093
100,1.5,11.8383561643836,0.322846230405378,0.156857015794609,0,0.485856736185687
100,1.5,12.0027397260274,0.322734742222472,0.155477256644343,5e-04,0.481749363497924
100,1.5,12.1671232876712,0.322255763076482,0.154123988973332,5e-04,0.478266044032712
100,1.5,12.3315068493151,0.321579855472924,0.152628270392768,0.001,0.474620122483448
100,1.5,12.4958904109589,0.321425462232365,0.151319197838487,0.001,0.470775391555927
100,1.5,12.6602739726027,0.321028497386404,0.150185369320659,0.001,0.467825662031149
100,1.5,12.8246575342466,0.320829306195573,0.148776157816907,0.002,0.463723715208908
100,1.5,12.9890410958904,0.320750650905951,0.147160139593932,0.002,0.458799192389111
100,1.5,13.1534246575342,0.319712430987628,0.145740932028456,0.002,0.455850063690818
100,1.5,13.3178082191781,0.319385133677287,0.144727298353314,0.002,0.453143503227515
100,1.5,13.4821917808219,0.318505145293687,0.143061209156716,0.0025,0.449164515144024
100,1.5,13.6465753424658,0.318075544489067,0.141948519115508,0.0025,0.446272973747553
100,1.5,13.8109589041096,0.31822271649065,0.140560047265193,0.0035,0.441703373081863
100,1.5,13.9753424657534,0.318004458875722,0.139919266362836,0.0035,0.439991523570167
100,1.5,14.1397260273973,0.317825126485666,0.139106265053183,0.0035,0.437681773594628
100,1.5,14.3041095890411,0.31771891773029,0.137850273407159,0.0035,0.433874930683793
100,1.5,14.4684931506849,0.317719288987223,0.13682112489207,0.0035,0.430635248266504
100,1.5,14.6328767123288,0.317675823995881,0.135748242709409,0.004,0.427316882354789
100,1.5,14.7972602739726,0.318265532205034,0.13484435718689,0.005,0.423685079099361
100,1.5,14.9616438356164,0.318527919289247,0.133974880302774,0.005,0.420606396455675
100,1.5,15.1260273972603,0.318331818956031,0.132963484906276,0.005,0.417688327049207
100,1.5,15.2904109589041,0.319286356868775,0.132138910098871,0.005,0.413857051064601
100,1.5,15.4547945205479,0.319271054017655,0.131633180242579,0.005,0.41229287336302
100,1.5,15.6191780821918,0.319515451314547,0.131041533025004,0.0055,0.41012580920852
100,1.5,15.7835616438356,0.320016474186655,0.130224712799578,0.0055,0.406931277930467
100,1.5,15.9479452054795,0.319998303352802,0.129494296665661,0.0055,0.404671822659296
100,1.5,16.1123287671233,0.319781252505554,0.128463799495154,0.006,0.401723986283165
100,1.5,16.2767123287671,0.319524147204418,0.127440964372139,0.0065,0.398846113782467
100,1.5,16.441095890411,0.318990319060886,0.126480934392467,0.0065,0.396503990355663
100,1.5,16.6054794520548,0.319258280089448,0.125579134835158,0.0075,0.393346524324988
100,1.5,16.7698630136986,0.31926242995086,0.124652590555452,0.0085,0.390439271462786
100,1.5,16.9342465753425,0.318720412385272,0.123664582711788,0.0085,0.38800333429006
100,1.5,17.0986301369863,0.318596378042792,0.123184232571809,0.0095,0.386646682327518
100,1.5,17.2630136986301,0.318258390229104,0.122339549128918,0.01,0.384403217275276
100,1.5,17.427397260274,0.319123136987441,0.121837543754883,0.01,0.381788499903339
100,1.5,17.5917808219178,0.319401294121669,0.120874401958597,0.0105,0.378440551692168
100,1.5,17.7561643835616,0.318818828146016,0.120024408423083,0.012,0.376465872862794
100,1.5,17.9205479452055,0.318966026944159,0.119247208704758,0.0135,0.373855516360789
100,1.5,18.0849315068493,0.318641108356206,0.118593647051477,0.015,0.372185646928212
100,1.5,18.2493150684931,0.31851922756272,0.117919395800675,0.016,0.370211232467764
100,1.5,18.413698630137,0.318719091097797,0.117131343140049,0.0165,0.367506517217407
100,1.5,18.5780821917808,0.318637486339286,0.116184354626188,0.0165,0.364628644171749
100,1.5,18.7424657534247,0.318751816781282,0.115206034602759,0.017,0.361428636756006
100,1.5,18.9068493150685,0.318468682821863,0.114389933386579,0.0175,0.359187384998115
100,1.5,19.0712328767123,0.318043862013435,0.11347156779613,0.0185,0.356779618628002
100,1.5,19.2356164383562,0.317793429003481,0.112308276305621,0.019,0.35340024700256
100,1.5,19.4,0.317838515590347,0.111511901466197,0.0205,0.350844520083027
100,1.5,19.5643835616438,0.31817720989614,0.110626010315534,0.0215,0.347686782317452
100,1.5,19.7287671232877,0.317878046835579,0.10995998158952,0.023,0.345918765652904
100,1.5,19.8931506849315,0.317908383206869,0.109407648378307,0.0235,0.344148358953824
100,1.5,20.0575342465753,0.318268554209818,0.108970148226573,0.0235,0.342384275119854
100,1.5,20.2219178082192,0.318151541982042,0.108162849750447,0.025,0.33997273461762
100,1.5,20.386301369863,0.31745193270643,0.107579148148195,0.026,0.338883267243109
100,1.5,20.5506849315069,0.317766412231996,0.107123782039292,0.027,0.337114867763566
100,1.5,20.7150684931507,0.3177625469165,0.106269748685975,0.0285,0.334431322121485
100,1.5,20.8794520547945,0.317664706735407,0.105590005271198,0.0295,0.332394512303022
100,1.5,21.0438356164384,0.317809387233115,0.105143394663628,0.0295,0.330837913816891
100,1.5,21.2082191780822,0.318266256842637,0.104299493457159,0.031,0.327711440389135
100,1.5,21.372602739726,0.31796758018669,0.103779868628539,0.031,0.326385062802965
100,1.5,21.5369863013699,0.317317419099042,0.103111757300216,0.0315,0.324948304423315
100,1.5,21.7013698630137,0.31684439568172,0.10239031952127,0.033,0.323156479700288
100,1.5,21.8657534246575,0.31709807720221,0.10125627543607,0.035,0.319321631747076
100,1.5,22.0301369863014,0.317049807082522,0.100526128930908,0.036,0.317067308306998
100,1.5,22.1945205479452,0.317032210516642,0.0996934995242507,0.0375,0.314458582494782
100,1.5,22.358904109589,0.31667151701919,0.0993299975935708,0.04,0.313668872175679
100,1.5,22.5232876712329,0.316101807092189,0.0989384106044802,0.0435,0.312995397003933
100,1.5,22.6876712328767,0.315928305992217,0.0981736209064509,0.045,0.310746517625646
100,1.5,22.8520547945205,0.315547169280929,0.0974704573160956,0.0475,0.308893461279377
100,1.5,23.0164383561644,0.315040370179453,0.0969044428667017,0.049,0.307593730960584
100,1.5,23.1808219178082,0.314789484175978,0.0958416958755254,0.051,0.30446282577199
100,1.5,23.3452054794521,0.314312739764903,0.0953930548078856,0.053,0.303497258428777
100,1.5,23.5095890410959,0.314149509408553,0.0950372457610864,0.0535,0.302522343389975
100,1.5,23.6739726027397,0.314915213212202,0.0941634748518462,0.0555,0.29901214962389
100,1.5,23.8383561643836,0.314823029769384,0.0934174957396217,0.0585,0.296730184599432
100,1.5,24.0027397260274,0.314577912059335,0.0927307430969618,0.0595,0.294778303059851
100,1.5,24.1671232876712,0.314174272376975,0.0924279376101515,0.06,0.294193209745857
100,1.5,24.3315068493151,0.313795727165956,0.0919222763295479,0.0625,0.292936673038041
100,1.5,24.4958904109589,0.314507876399979,0.091833709190785,0.0665,0.291991762629163
100,1.5,24.6602739726027,0.314487001188814,0.0908989686524794,0.0695,0.289038873813118
100,1.5,24.8246575342466,0.314073971392168,0.0908851546344508,0.071,0.28937499733452
100,1.5,24.9890410958904,0.314500741598505,0.0903862731913174,0.074,0.287396057420766
100,1.5,25.1534246575342,0.31415222651518,0.0898364228522105,0.076,0.285964622465821
100,1.5,25.3178082191781,0.314142898858265,0.0893416607561988,0.0765,0.284398154728012
100,1.5,25.4821917808219,0.314667145543243,0.0887070405776969,0.0785,0.281907538915614
100,1.5,25.6465753424658,0.314826206607012,0.0879481232859093,0.079,0.279354518271385
100,1.5,25.8109589041096,0.315408518282273,0.0869533207142919,0.0825,0.275684756987043
100,1.5,25.9753424657534,0.31465547736303,0.0862393449076341,0.084,0.274075460660539
100,1.5,26.1397260273973,0.314423516886721,0.0854912021371212,0.0855,0.271898244074159
100,1.5,26.3041095890411,0.313646075100675,0.085208176589608,0.0875,0.271669832189858
100,1.5,26.4684931506849,0.313141511252122,0.0843832472495502,0.089,0.269473206896578
100,1.5,26.6328767123288,0.313028418850146,0.0840681988868872,0.0915,0.268564110554872
100,1.5,26.7972602739726,0.312792781387109,0.0836121139326372,0.094,0.267308323299059
100,1.5,26.9616438356164,0.312010760332988,0.0831809713012644,0.096,0.266596482802359
100,1.5,27.1260273972603,0.312273295021854,0.0828706520585627,0.097,0.265378607071614
100,1.5,27.2904109589041,0.311734480102983,0.0823995643599333,0.1,0.26432611603539
100,1.5,27.4547945205479,0.311715216101208,0.0817223493636912,0.1035,0.26216990747464
100,1.5,27.6191780821918,0.312722397038978,0.0811647567201467,0.106,0.259542512748232
100,1.5,27.7835616438356,0.312477628509373,0.0807715274824835,0.109,0.258487392738455
100,1.5,27.9479452054795,0.312223466728107,0.0800644251528812,0.1125,0.256433079780655
100,1.5,28.1123287671233,0.31211891124008,0.0796426650600026,0.1145,0.255167701128952
100,1.5,28.2767123287671,0.312675418189027,0.0790814556295807,0.118,0.252918685093985
100,1.5,28.441095890411,0.312261577361989,0.0788011259665068,0.124,0.2523561388251
100,1.5,28.6054794520548,0.31159672160852,0.0781166787201339,0.127,0.250698012215536
100,1.5,28.7698630136986,0.311545558737312,0.0774995395628157,0.1305,0.248758287156844
100,1.5,28.9342465753425,0.31107232738031,0.0769920049922374,0.1325,0.247505156246536
100,1.5,29.0986301369863,0.31166924143589,0.0766363707054647,0.135,0.245890067150655
100,1.5,29.2630136986301,0.311818979630774,0.0761340007009279,0.1375,0.244160893577031
100,1.5,29.427397260274,0.311699658901397,0.0757510677529071,0.1395,0.24302582819595
100,1.5,29.5917808219178,0.311121630441945,0.0754190268036447,0.1405,0.242410104037166
100,1.5,29.7561643835616,0.310638768368078,0.0748653023468016,0.1415,0.241004375403952
100,1.5,29.9205479452055,0.310460626857132,0.0745031416416645,0.143,0.239976136091323
100,1.5,30.0849315068493,0.310673390390745,0.0739479644894524,0.1445,0.238024777070368
100,1.5,30.2493150684931,0.310394675227644,0.073522926802579,0.147,0.236869162619034
100,1.5,30.413698630137,0.30973949791894,0.0730453486057935,0.1505,0.235828330247083
100,1.5,30.5780821917808,0.30936581094856,0.0728452230426687,0.153,0.235466300620986
100,1.5,30.7424657534247,0.30946447020958,0.0724740779504911,0.156,0.234191918385361
100,1.5,30.9068493150685,0.309098632290838,0.071864735157645,0.159,0.232497745541707
100,1.5,31.0712328767123,0.30883749569273,0.0715962406130544,0.162,0.2318249617083
100,1.5,31.2356164383562,0.309078417654228,0.0714831823551599,0.165,0.231278466150067
100,1.5,31.4,0.309061681503919,0.070908182255517,0.168,0.229430519857629
100,1.5,31.5643835616438,0.309340359742702,0.0705035902581849,0.17,0.227915912158463
100,1.5,31.7287671232877,0.309429667675468,0.0703189355655903,0.1735,0.22725337261242
100,1.5,31.8931506849315,0.309340652392741,0.0698903857326975,0.176,0.225933401226439
100,1.5,32.0575342465753,0.30912181001181,0.0695206865375776,0.18,0.224897384415941
100,1.5,32.2219178082192,0.309273368378985,0.0689295561770968,0.1825,0.222875821925379
100,1.5,32.386301369863,0.309141626277206,0.0687802774973929,0.185,0.222487920263827
100,1.5,32.5506849315069,0.308446268174396,0.0684105648627784,0.19,0.221790865772767
100,1.5,32.7150684931507,0.308184403474118,0.0680812006020124,0.1925,0.220910597144251
100,1.5,32.8794520547945,0.308881063719174,0.0678823992951334,0.1945,0.219768730649187
100,1.5,33.0438356164384,0.308502490922489,0.0676737629641894,0.198,0.219362128201398
100,1.5,33.2082191780822,0.308729754267207,0.067199002264551,0.2015,0.217662863186131
100,1.5,33.372602739726,0.309410022213676,0.0664339577314118,0.206,0.214711718955029
100,1.5,33.5369863013699,0.309577797797908,0.0663061564422574,0.208,0.214182531544274
100,1.5,33.7013698630137,0.30937967565064,0.0664134140330522,0.2125,0.214666376818004
100,1.5,33.8657534246575,0.310055816946023,0.0660370405771975,0.2165,0.212984362711356
100,1.5,34.0301369863014,0.310114098756499,0.0659348983344926,0.218,0.212614965262397
100,1.5,34.1945205479452,0.309979991876976,0.065729059296388,0.2205,0.212042909280656
100,1.5,34.358904109589,0.310753293208682,0.0653198077902637,0.222,0.210198280172044
100,1.5,34.5232876712329,0.311244507305294,0.0648323060757268,0.225,0.208300241623651
100,1.5,34.6876712328767,0.311984758035806,0.0645088822938926,0.2295,0.206769339310124
100,1.5,34.8520547945205,0.311574293980006,0.06407034873609,0.23,0.205634257941066
100,1.5,35.0164383561644,0.310864334238776,0.0637170967368852,0.2315,0.204967536378566
100,1.5,35.1808219178082,0.311092336913771,0.0631289545623933,0.2345,0.20292674255069
100,1.5,35.3452054794521,0.311438570360523,0.0627277119407541,0.2375,0.201412791832881
100,1.5,35.5095890410959,0.311726778114382,0.0621488410387784,0.2405,0.199369593509782
100,1.5,35.6739726027397,0.311902177350335,0.0618857709325869,0.2445,0.19841403948609
100,1.5,35.8383561643836,0.311755252620997,0.0612769622755668,0.246,0.196554706810543
100,1.5,36.0027397260274,0.312178036859032,0.0606997084936532,0.2475,0.194439394597971
100,1.5,36.1671232876712,0.312279266620243,0.0605770258486191,0.2495,0.193983502344668
100,1.5,36.3315068493151,0.312043987274854,0.0601983834879946,0.251,0.192916338538421
100,1.5,36.4958904109589,0.310937889652938,0.0599003856563617,0.2545,0.192644214969174
100,1.5,36.6602739726027,0.311134194712154,0.0597619792848539,0.2575,0.192077824618868
100,1.5,36.8246575342466,0.311053491078119,0.059360915473123,0.26,0.190838287226343
100,1.5,36.9890410958904,0.310926542585134,0.0589378195425108,0.264,0.189555446288003
100,1.5,37.1534246575342,0.310567597418675,0.0586875021523451,0.265,0.188968529364088
100,1.5,37.3178082191781,0.310732183698857,0.058152577616201,0.268,0.187146940892865
100,1.5,37.4821917808219,0.310458177390799,0.05792999639599,0.271,0.186595170025329
100,1.5,37.6465753424658,0.310902204327656,0.0574863945375842,0.274,0.184901855752042
100,1.5,37.8109589041096,0.311467982480928,0.0572875868016055,0.278,0.183927690882685
100,1.5,37.9753424657534,0.310902490437371,0.0569126818580714,0.284,0.18305637171966
100,1.5,38.1397260273973,0.311282234112524,0.057130388839347,0.2875,0.183532442839945
100,1.5,38.3041095890411,0.31088183223773,0.0569285194557505,0.2885,0.183119479983692
100,1.5,38.4684931506849,0.310988312671536,0.0568492574271917,0.29,0.182801909624287
100,1.5,38.6328767123288,0.310201975254338,0.0566438313099336,0.2925,0.182603064546867
100,1.5,38.7972602739726,0.309928727496006,0.0563748664140733,0.2945,0.181896227786112
100,1.5,38.9616438356164,0.310318729942158,0.0560000921287291,0.2995,0.180459916612727
100,1.5,39.1260273972603,0.310366678350604,0.0556320921983275,0.301,0.179246343370286
100,1.5,39.2904109589041,0.310216874990385,0.0555022486241485,0.304,0.178914343798572
100,1.5,39.4547945205479,0.310088838579955,0.0550695730554588,0.307,0.17759289017834
100,1.5,39.6191780821918,0.310434882747646,0.0547268983482021,0.31,0.176291072265516
100,1.5,39.7835616438356,0.310331055617238,0.0543312587515386,0.3135,0.175075158506053
100,1.5,39.9479452054794,0.310141806431592,0.0542302194690926,0.3155,0.174856205595275
100,1.5,40.1123287671233,0.310041834183423,0.054077622659552,0.3185,0.174420406207374
100,1.5,40.2767123287671,0.310273464626475,0.0536174046150132,0.321,0.172806929137691
100,1.5,40.441095890411,0.310716340784664,0.0532603179270106,0.3235,0.171411383747988
100,1.5,40.6054794520548,0.311127331909769,0.0528905326622139,0.328,0.169996420235921
100,1.5,40.7698630136986,0.3116814889933,0.0525507647621077,0.3325,0.16860406093362
100,1.5,40.9342465753425,0.3119181420923,0.0525107654086849,0.3345,0.168347903896999
100,1.5,41.0986301369863,0.312160804554713,0.0524426579499869,0.337,0.167998855669259
100,1.5,41.2630136986301,0.312079587899608,0.0518541583566804,0.34,0.166156840649768
100,1.5,41.427397260274,0.312144244062846,0.0516134009753978,0.3435,0.165351121980023
100,1.5,41.5917808219178,0.312396623757542,0.0511184606483772,0.347,0.163633204589469
100,1.5,41.7561643835616,0.312682681629279,0.050876438107372,0.3495,0.162709485035349
100,1.5,41.9205479452055,0.311871985928444,0.0505897805804002,0.3515,0.162213288987128
100,1.5,42.0849315068493,0.312022255673214,0.0503021719326761,0.354,0.161213410319546
100,1.5,42.2493150684932,0.312225906938955,0.0497641340956742,0.358,0.159385025360512
100,1.5,42.413698630137,0.311904413203217,0.0497210063023661,0.3615,0.159411038118178
100,1.5,42.5780821917808,0.312063824640616,0.0495030159610196,0.3665,0.158631062148998
100,1.5,42.7424657534247,0.312581981833917,0.0492799812006737,0.3695,0.157654580444939
100,1.5,42.9068493150685,0.312169293004003,0.0489830830221511,0.3745,0.156911919653554
100,1.5,43.0712328767123,0.312873172094718,0.0487831224802418,0.3765,0.155919800197741
100,1.5,43.2356164383562,0.312780194394185,0.0486503867725344,0.3785,0.155541775484742
100,1.5,43.4,0.312803424219072,0.0483447889833017,0.38,0.154553260099364
100,1.5,43.5643835616438,0.31282037232881,0.0481493451794038,0.3845,0.15392010699608
100,1.5,43.7287671232877,0.312491275657976,0.0479149285250024,0.388,0.153332051988055
100,1.5,43.8931506849315,0.311947809311177,0.0476250766128973,0.389,0.152670014635012
100,1.5,44.0575342465753,0.312623349763212,0.0475691204264856,0.3935,0.152161124441011
100,1.5,44.2219178082192,0.311978114463664,0.0473087798436374,0.395,0.151641341652981
100,1.5,44.386301369863,0.312313400504718,0.0471758851143566,0.3975,0.151053028906597
100,1.5,44.5506849315069,0.31234743337899,0.0469173383307134,0.4005,0.150208816583377
100,1.5,44.7150684931507,0.312016452435973,0.0467587702270495,0.4035,0.149859950851933
100,1.5,44.8794520547945,0.312330675942472,0.0465129836420101,0.405,0.148922239231401
100,1.5,45.0438356164384,0.31250002252361,0.0462936408574634,0.4065,0.148139640066637
100,1.5,45.2082191780822,0.311819066643942,0.0460039863107642,0.4095,0.147534231328115
100,1.5,45.372602739726,0.312139366297601,0.0458758515896585,0.411,0.146972335254629
100,1.5,45.5369863013699,0.31188873509657,0.0457239176767696,0.4115,0.146603299611357
100,1.5,45.7013698630137,0.311621517108146,0.0455396141391209,0.4145,0.146137579207397
100,1.5,45.8657534246575,0.311750093140173,0.0452410329084181,0.4155,0.145119548971799
100,1.5,46.0301369863014,0.310972696725781,0.0448215386365668,0.418,0.144133356749615
100,1.5,46.1945205479452,0.311477353435552,0.0444333396349292,0.4195,0.14265351604165
100,1.5,46.358904109589,0.31069495953192,0.0440132952951948,0.4215,0.141660796047362
100,1.5,46.5232876712329,0.31035875975937,0.0436912901916589,0.4255,0.140776726345775
100,1.5,46.6876712328767,0.309897318588429,0.043344401653847,0.4265,0.13986697868597
100,1.5,46.8520547945205,0.309231108150926,0.0431344703812045,0.4305,0.139489427952869
100,1.5,47.0164383561644,0.309178932349577,0.0431629889405537,0.4325,0.139605207290615
100,1.5,47.1808219178082,0.308617020515857,0.0428729132090682,0.435,0.1389194709268
100,1.5,47.3452054794521,0.309023946354417,0.0426111615346378,0.438,0.137889513215159
100,1.5,47.5095890410959,0.309319619969879,0.0422535068801757,0.442,0.136601444435663
100,1.5,47.6739726027397,0.309573680285352,0.0421073717034468,0.4455,0.136017285657598
100,1.5,47.8383561643836,0.309747410948454,0.0417516770060564,0.4485,0.134792658567223
100,1.5,48.0027397260274,0.309920992568449,0.0416333985244182,0.451,0.134335522674293
100,1.5,48.1671232876712,0.310049080516561,0.0414240051890052,0.4535,0.133604670331517
100,1.5,48.3315068493151,0.310286751169176,0.0413764958464318,0.4545,0.13334921871631
100,1.5,48.4958904109589,0.309950811085817,0.0411790274124872,0.4565,0.132856653183869
100,1.5,48.6602739726027,0.310440601100059,0.0409510742352705,0.459,0.1319127526817
100,1.5,48.8246575342466,0.310004423613431,0.0409350384396381,0.462,0.132046626827117
100,1.5,48.9890410958904,0.309529299926133,0.0407287229847225,0.4645,0.131582770983045
100,1.5,49.1534246575342,0.308988351065282,0.0406116588634821,0.4675,0.131434271626964
100,1.5,49.3178082191781,0.309308047708855,0.0404185673171175,0.4725,0.130674153538878
100,1.5,49.4821917808219,0.309586284198951,0.0402676453747646,0.474,0.130069216338044
100,1.5,49.6465753424658,0.310023170244213,0.0399519495755962,0.4755,0.128867624778255
100,1.5,49.8109589041096,0.310194580112959,0.0393500005028161,0.48,0.126855860887339
100,1.5,49.9753424657534,0.310520357645076,0.0392874213076227,0.485,0.126521241974506
200,1.5,0.00273972602739726,0.335030558985466,0.335001298439485,0,0.999912663053573
200,1.5,0.167123287671233,0.335183791654228,0.334401913457205,0,0.997667315017935
200,1.5,0.331506849315069,0.334952499703038,0.333183157768006,0,0.994717633286508
200,1.5,0.495890410958904,0.335010285668321,0.33189306351038,0,0.990695144921529
200,1.5,0.66027397260274,0.335333501795418,0.330047485827542,0,0.9842365408181
200,1.5,0.824657534246575,0.335445057732588,0.327460308574562,0,0.976196551494907
200,1.5,0.989041095890411,0.335306542314484,0.324589714405287,0,0.968038715155324
200,1.5,1.15342465753425,0.334965350332096,0.321428406710039,0,0.959587033080778
200,1.5,1.31780821917808,0.334916524687507,0.31832941424991,0,0.950473896583415
200,1.5,1.48219178082192,0.335355335533029,0.314867694914171,0,0.938907664652795
200,1.5,1.64657534246575,0.33531100479897,0.310875401876576,0,0.927125556356124
200,1.5,1.81095890410959,0.335153651883027,0.307191216527727,0,0.916568310689153
200,1.5,1.97534246575342,0.33474646690577,0.303598768425445,0,0.906951374966734
200,1.5,2.13972602739726,0.334935115947172,0.300038135309038,0,0.895809728581465
200,1.5,2.3041095890411,0.33493503502199,0.296414206189933,0,0.884990147926664
200,1.5,2.46849315068493,0.334973268145963,0.292894118098909,0,0.874380572873898
200,1.5,2.63287671232877,0.334837729116666,0.289454588798855,0,0.864462286142195
200,1.5,2.7972602739726,0.334944958836096,0.285609209122602,0,0.852704904456746
200,1.5,2.96164383561644,0.334445029116801,0.282482541299465,0,0.844630706712674
200,1.5,3.12602739726027,0.334995992834846,0.279245286881238,0,0.833577991540055
200,1.5,3.29041095890411,0.335193222615063,0.276137599222782,0,0.823816177034996
200,1.5,3.45479452054795,0.334780580055825,0.273328031359569,0,0.816439326659841
200,1.5,3.61917808219178,0.334073617778801,0.270058695815955,0,0.808380792268273
200,1.5,3.78356164383562,0.334028657580514,0.266884159286844,0,0.798985815229084
200,1.5,3.94794520547945,0.333768355742174,0.263701474897049,0,0.790073325886983
200,1.5,4.11232876712329,0.333483988993673,0.260482911278908,0,0.781095704369334
200,1.5,4.27671232876712,0.333339740811113,0.257505417290663,0,0.772501402515274
200,1.5,4.44109589041096,0.332983463394833,0.254393642023419,0,0.76398280992643
200,1.5,4.60547945205479,0.332837735083052,0.251613267215618,0,0.755963764603897
200,1.5,4.76986301369863,0.332516066111181,0.248520075666766,0,0.74739268563243
200,1.5,4.93424657534247,0.333035649223211,0.245518373409537,0,0.73721349045424
200,1.5,5.0986301369863,0.333136114629607,0.24285143774509,0,0.72898562203351
200,1.5,5.26301369863014,0.332453645895886,0.240363713649643,0,0.722999180838936
200,1.5,5.42739726027397,0.332708920151617,0.237512246256224,0,0.713873995767798
200,1.5,5.59178082191781,0.33256577908659,0.234960120352827,0,0.706507208884083
200,1.5,5.75616438356164,0.332192093790765,0.232150158521795,0,0.698843117765521
200,1.5,5.92054794520548,0.332603574351693,0.22952599302795,0,0.690088774527873
200,1.5,6.08493150684932,0.33273746701619,0.227138610617829,0,0.682636111450525
200,1.5,6.24931506849315,0.332567262824058,0.224531430579,0,0.675145919873017
200,1.5,6.41369863013699,0.332296737654135,0.222227562523245,0,0.668762396200669
200,1.5,6.57808219178082,0.331927877991708,0.219589290556889,0,0.661557239137276
200,1.5,6.74246575342466,0.331645924619159,0.217269059958298,0,0.65512356350465
200,1.5,6.90684931506849,0.331443416190668,0.215138719049528,0,0.649096372231953
200,1.5,7.07123287671233,0.330965643635234,0.212873499202621,0,0.643189114327632
200,1.5,7.23561643835616,0.330780709006534,0.210591195477166,0,0.63664896332575
200,1.5,7.4,0.3308149737202,0.208443969291561,0,0.630092304914409
200,1.5,7.56438356164384,0.33072342212391,0.206617471256271,0,0.624743992818444
200,1.5,7.72876712328767,0.33069011337539,0.204901338646154,0,0.61961737094195
200,1.5,7.89315068493151,0.330633740293444,0.202976828020723,0,0.613902343543574
200,1.5,8.05753424657534,0.330755766479073,0.200977371238683,0,0.607630740283402
200,1.5,8.22191780821918,0.330922743908333,0.198792376240186,0,0.600721406731873
200,1.5,8.38630136986301,0.330501162571521,0.196780905002436,0,0.595401551605291
200,1.5,8.55068493150685,0.33040968830899,0.194849311129986,0,0.589720332134353
200,1.5,8.71506849315069,0.330338740517171,0.193039201863832,0,0.584367433143367
200,1.5,8.87945205479452,0.329933844761425,0.191337774560907,0,0.57992769641218
200,1.5,9.04383561643836,0.329837511017159,0.189507205240635,0,0.574547160073546
200,1.5,9.20821917808219,0.329586211994374,0.187752745623899,0,0.569662014948319
200,1.5,9.37260273972603,0.329575818930692,0.185608494493906,0,0.563173885438902
200,1.5,9.53698630136986,0.329807657285504,0.183847570361083,0,0.557438756499012
200,1.5,9.7013698630137,0.329664831522539,0.182592089466221,0,0.55387190869869
200,1.5,9.86575342465753,0.329402749523085,0.180768698720981,0,0.548777139786176
200,1.5,10.0301369863014,0.329749634058216,0.179294231838558,0,0.543728372438176
200,1.5,10.1945205479452,0.329755321421143,0.177987287263332,0,0.539755617881348
200,1.5,10.358904109589,0.329630307768038,0.176404475787067,0,0.535158544678492
200,1.5,10.5232876712329,0.329528420417254,0.17470932500154,0,0.530179839360503
200,1.5,10.6876712328767,0.329489446357371,0.173357905939069,0,0.526140997399478
200,1.5,10.8520547945205,0.329520907117826,0.171792448572261,0,0.521340057220812
200,1.5,11.0164383561644,0.329414408196527,0.170508670148129,0,0.517611452035832
200,1.5,11.1808219178082,0.329368574763532,0.168970714734035,0,0.513014075053597
200,1.5,11.3452054794521,0.328957234474293,0.167457470413959,0,0.509055442059431
200,1.5,11.5095890410959,0.328608170519065,0.165981122433948,0,0.505103455497671
200,1.5,11.6739726027397,0.328531056183314,0.164495505679693,0,0.500700017802603
200,1.5,11.8383561643836,0.328102196105696,0.16302244194614,0,0.496864830169022
200,1.5,12.0027397260274,0.328072383612103,0.161789818903374,0,0.493152813175113
200,1.5,12.1671232876712,0.328294497322446,0.160481526080368,0,0.488834041963079
200,1.5,12.3315068493151,0.327975122441449,0.159065079203114,0,0.484991294519633
200,1.5,12.4958904109589,0.327311138144616,0.15791224153067,0,0.482453003053319
200,1.5,12.6602739726027,0.327556872172673,0.156606171379817,0,0.478103757497299
200,1.5,12.8246575342466,0.327394253635632,0.155210863042973,0,0.474079374697003
200,1.5,12.9890410958904,0.327645264823366,0.153702670938701,0,0.469113054393024
200,1.5,13.1534246575342,0.32747441430602,0.152366161565093,0,0.465276537368532
200,1.5,13.3178082191781,0.327663723901097,0.151339305271642,0,0.461873848803971
200,1.5,13.4821917808219,0.327372534624406,0.150218750804192,0,0.458861800903786
200,1.5,13.6465753424658,0.327643504039801,0.149326369699567,0,0.455758676300284
200,1.5,13.8109589041096,0.327374728932276,0.148262457708324,0,0.452883025491546
200,1.5,13.9753424657534,0.327412730883295,0.14680061164126,0,0.448365618664923
200,1.5,14.1397260273973,0.327091540456309,0.145596396788239,0,0.445124311638036
200,1.5,14.3041095890411,0.326966549269769,0.144512421974162,0,0.44197922477669
200,1.5,14.4684931506849,0.326793515500736,0.143283911586804,0,0.438453961876369
200,1.5,14.6328767123288,0.326652600303118,0.142511130218986,0,0.436277348126854
200,1.5,14.7972602739726,0.326286348183467,0.141489569378636,0,0.433636191542645
200,1.5,14.9616438356164,0.326022116809809,0.140343132754071,0,0.430471202774083
200,1.5,15.1260273972603,0.325869291948806,0.139358079147869,0,0.427650234590875
200,1.5,15.2904109589041,0.325931476500981,0.138352210163156,0,0.424482506717143
200,1.5,15.4547945205479,0.325879060458309,0.137107757496171,0,0.42073202648659
200,1.5,15.6191780821918,0.325285175697877,0.136141506307967,0,0.418529697874747
200,1.5,15.7835616438356,0.325099782819215,0.13480859736964,0,0.414668371047808
200,1.5,15.9479452054795,0.325822712423471,0.133291125250205,0,0.409090957038521
200,1.5,16.1123287671233,0.325670576180384,0.132103271351095,0,0.405634653582965
200,1.5,16.2767123287671,0.325823831950736,0.130834881934145,0,0.401550988921913
200,1.5,16.441095890411,0.325839502071086,0.130063523668336,0,0.399164382592143
200,1.5,16.6054794520548,0.325426126517207,0.128697176504413,0,0.39547278481222
200,1.5,16.7698630136986,0.32557584864791,0.1277280402881,0,0.392314235894783
200,1.5,16.9342465753425,0.325455701833304,0.126902625917082,0,0.389922884135182
200,1.5,17.0986301369863,0.325196336363798,0.126067575616452,0,0.387666039003035
200,1.5,17.2630136986301,0.32510584761199,0.125201260041131,0,0.385109221998853
200,1.5,17.427397260274,0.325043038667613,0.124439754942744,0,0.382840855330533
200,1.5,17.5917808219178,0.324967085701902,0.123534534580765,0,0.380144759319057
200,1.5,17.7561643835616,0.324345232526613,0.123101271210569,0,0.37953778525315
200,1.5,17.9205479452055,0.32391340424678,0.122189265002957,0,0.377228183214871
200,1.5,18.0849315068493,0.324045124694112,0.121372810437597,0,0.37455527390566
200,1.5,18.2493150684931,0.324248192401053,0.12046976980132,0,0.371535671206809
200,1.5,18.413698630137,0.32432597269977,0.119717900886513,0,0.369128318308743
200,1.5,18.5780821917808,0.324304915281973,0.118931702244549,0,0.366728028593528
200,1.5,18.7424657534247,0.324682706422942,0.118171967742803,0,0.36396138570087
200,1.5,18.9068493150685,0.324539910378471,0.117411883410972,0,0.361779490460969
200,1.5,19.0712328767123,0.324604825848111,0.116786994329691,0,0.359782064313294
200,1.5,19.2356164383562,0.324432526721378,0.116372945938919,0,0.35869691339198
200,1.5,19.4,0.324193391230818,0.11580112213446,0,0.357197664316397
200,1.5,19.5643835616438,0.323582089593003,0.115122949440758,0,0.35577664259959
200,1.5,19.7287671232877,0.323566987857753,0.114469681806796,0,0.353774291267066
200,1.5,19.8931506849315,0.323426820061548,0.113533538924746,0,0.351033160772321
200,1.5,20.0575342465753,0.323409536106662,0.112789336054249,0,0.348750804976421
200,1.5,20.2219178082192,0.323590918648266,0.112011061782991,0,0.34615020177604
200,1.5,20.386301369863,0.322986228991212,0.111136043097116,0,0.344089106969758
200,1.5,20.5506849315069,0.322885369973646,0.110517929368153,5e-04,0.342282245173184
200,1.5,20.7150684931507,0.32291917480809,0.109914096117055,5e-04,0.340376492608023
200,1.5,20.8794520547945,0.323031743362014,0.10914236290093,5e-04,0.337868847702118
200,1.5,21.0438356164384,0.322832413155224,0.10829971913747,5e-04,0.335467303543022
200,1.5,21.2082191780822,0.323060522366477,0.107610767062247,5e-04,0.33309785508294
200,1.5,21.372602739726,0.323223331009231,0.106958814762877,0.001,0.33091303907088
200,1.5,21.5369863013699,0.323136732858119,0.106341427186347,0.0015,0.329091113367909
200,1.5,21.7013698630137,0.323291979106532,0.105664464646373,0.0015,0.326839115954541
200,1.5,21.8657534246575,0.323412002451896,0.105181819595815,0.0015,0.325225467200959
200,1.5,22.0301369863014,0.323092804568719,0.104628863392945,0.0015,0.323835325062745
200,1.5,22.1945205479452,0.322947467091668,0.104160305569568,0.0015,0.322530182718549
200,1.5,22.358904109589,0.323211531750155,0.103354884064472,0.0015,0.319774741652367
200,1.5,22.5232876712329,0.323062223134043,0.10258937716377,0.0025,0.31755299696927
200,1.5,22.6876712328767,0.322924958618502,0.102164022958683,0.0025,0.316370785942804
200,1.5,22.8520547945205,0.322928006408568,0.101927466405313,0.0025,0.315635263534108
200,1.5,23.0164383561644,0.32288626189402,0.101439242272955,0.0025,0.314164008335076
200,1.5,23.1808219178082,0.323399460927664,0.100756943770022,0.0025,0.311555694870372
200,1.5,23.3452054794521,0.323720597042795,0.100266046928837,0.0025,0.309730205136074
200,1.5,23.5095890410959,0.323303778657723,0.0997271732170632,0.0025,0.308462751753492
200,1.5,23.6739726027397,0.323413400284111,0.0992598527141702,0.003,0.306913234352605
200,1.5,23.8383561643836,0.323146435499395,0.0988482418373794,0.004,0.305893028603635
200,1.5,24.0027397260274,0.322598686562907,0.0982507473803493,0.004,0.30456028332648
200,1.5,24.1671232876712,0.322824215333078,0.0976398267608166,0.004,0.30245508894082
200,1.5,24.3315068493151,0.322566419146195,0.0971221317727361,0.004,0.301091886842437
200,1.5,24.4958904109589,0.322230042178814,0.09665587261844,0.0045,0.299959221570045
200,1.5,24.6602739726027,0.321804776203066,0.0962345767571681,0.0045,0.299046452612132
200,1.5,24.8246575342466,0.321867336301445,0.0956893814843687,0.005,0.297294477233785
200,1.5,24.9890410958904,0.322022493576412,0.0950631559066651,0.0055,0.295206570357507
200,1.5,25.1534246575342,0.322164209114029,0.0948868904988248,0.0055,0.294529584027256
200,1.5,25.3178082191781,0.322175787309887,0.0941792079276097,0.0055,0.292322426567154
200,1.5,25.4821917808219,0.322650755935134,0.0935854635829027,0.006,0.290051896242008
200,1.5,25.6465753424658,0.323058472751159,0.0928912413672103,0.0065,0.287536929696196
200,1.5,25.8109589041096,0.323213370861677,0.0926024556822327,0.0065,0.286505646209367
200,1.5,25.9753424657534,0.323455672883302,0.0923366088298273,0.007,0.285469127830511
200,1.5,26.1397260273973,0.32340197844435,0.0920102446668441,0.007,0.284507364826393
200,1.5,26.3041095890411,0.323497656913297,0.0915192599487246,0.007,0.282905480126099
200,1.5,26.4684931506849,0.323505008223439,0.0912099518841762,0.008,0.281942936169875
200,1.5,26.6328767123288,0.323469207104694,0.0908687221774902,0.008,0.280919234912149
200,1.5,26.7972602739726,0.323085764825675,0.090348355278698,0.008,0.279642018048819
200,1.5,26.9616438356164,0.323295910952858,0.089885065044168,0.009,0.278027225210636
200,1.5,27.1260273972603,0.322611064789562,0.0895500068470535,0.0095,0.277578845305466
200,1.5,27.2904109589041,0.32235705862778,0.0891730278241385,0.0095,0.276628122255902
200,1.5,27.4547945205479,0.322592670934664,0.0885450519516208,0.0105,0.274479428485076
200,1.5,27.6191780821918,0.322115648997829,0.0878966302393673,0.0105,0.272872896777392
200,1.5,27.7835616438356,0.322002365552595,0.0877159996237463,0.0115,0.272407935492073
200,1.5,27.9479452054795,0.322273472800723,0.0872355313130373,0.0125,0.270687905383324
200,1.5,28.1123287671233,0.321928083999583,0.0866909507651416,0.0135,0.269286698097622
200,1.5,28.2767123287671,0.321750907168428,0.0861695468024637,0.0145,0.267814464179136
200,1.5,28.441095890411,0.321751782664999,0.0858176691417574,0.0145,0.266720104643862
200,1.5,28.6054794520548,0.321625013777899,0.0856258666172279,0.015,0.266228878194025
200,1.5,28.7698630136986,0.321575313551217,0.0852089693739205,0.0165,0.264973602708933
200,1.5,28.9342465753425,0.321892033864671,0.0849963906073263,0.0165,0.264052482401786
200,1.5,29.0986301369863,0.321969217875953,0.0847334907486408,0.0165,0.263172645222521
200,1.5,29.2630136986301,0.322226127774192,0.0843000695957735,0.017,0.261617734657597
200,1.5,29.427397260274,0.322354025676743,0.0839482839940935,0.0175,0.260422632594255
200,1.5,29.5917808219178,0.322226557441592,0.0836289628304071,0.019,0.259534668695227
200,1.5,29.7561643835616,0.322384844659581,0.0835100603247082,0.0195,0.259038418548769
200,1.5,29.9205479452055,0.322613466761517,0.0832747386182702,0.02,0.258125426239038
200,1.5,30.0849315068493,0.322490184025758,0.0828793540900252,0.0205,0.256998067523834
200,1.5,30.2493150684931,0.323080496553338,0.0825044087620761,0.021,0.255367964461622
200,1.5,30.413698630137,0.32258191030717,0.0820243554620246,0.0225,0.254274504679817
200,1.5,30.5780821917808,0.322187477840935,0.0815375457625916,0.023,0.253074844214917
200,1.5,30.7424657534247,0.322398345322162,0.0813191916317006,0.0235,0.252232037824019
200,1.5,30.9068493150685,0.322384775396724,0.0810178944742449,0.0245,0.25130806619061
200,1.5,31.0712328767123,0.322066601756698,0.0804947172229783,0.026,0.24993189850771
200,1.5,31.2356164383562,0.321715079285108,0.0799874080100366,0.0265,0.248628097221239
200,1.5,31.4,0.321897595802081,0.0797901503798348,0.0275,0.247874328421185
200,1.5,31.5643835616438,0.321824189795477,0.0793085183688457,0.029,0.246434298239816
200,1.5,31.7287671232877,0.321784413472497,0.0790654686173034,0.0295,0.245709441809434
200,1.5,31.8931506849315,0.321854619612002,0.0788187472596373,0.03,0.244889283722737
200,1.5,32.0575342465753,0.321553755894596,0.0785499642822908,0.0305,0.244282527702893
200,1.5,32.2219178082192,0.321561636924065,0.0781041031588875,0.0305,0.242889991188008
200,1.5,32.386301369863,0.321574880845957,0.0776920187327054,0.0305,0.241598530732013
200,1.5,32.5506849315069,0.321373724486441,0.0773750231628495,0.031,0.240763376926647
200,1.5,32.7150684931507,0.321157792284441,0.077119754219783,0.032,0.240130415865732
200,1.5,32.8794520547945,0.32143976798859,0.0769636166149597,0.0325,0.239434022419067
200,1.5,33.0438356164384,0.321709485145859,0.0765307401968794,0.0335,0.237887733282658
200,1.5,33.2082191780822,0.32156424214872,0.0763576569999592,0.0335,0.237456927703562
200,1.5,33.372602739726,0.322219675843865,0.0759858433205183,0.0355,0.235819998023144
200,1.5,33.5369863013699,0.322198115788567,0.0757607829084715,0.038,0.235137262435722
200,1.5,33.7013698630137,0.322361692519835,0.0753032521617193,0.04,0.23359863752138
200,1.5,33.8657534246575,0.32259357092649,0.075098384463905,0.0405,0.23279566374563
200,1.5,34.0301369863014,0.32264724076261,0.0745459653378838,0.0415,0.231044794189737
200,1.5,34.1945205479452,0.322766779139992,0.0742144693865335,0.0425,0.229932180704213
200,1.5,34.358904109589,0.322806408057209,0.0738640453930983,0.0425,0.228818398735157
200,1.5,34.5232876712329,0.322650405772502,0.0734144133068461,0.044,0.227535474908437
200,1.5,34.6876712328767,0.322121160813881,0.0731136628611937,0.0455,0.226975659334092
200,1.5,34.8520547945205,0.322432767394745,0.0726529085534836,0.0475,0.225327311304365
200,1.5,35.0164383561644,0.322328253751701,0.0723703259094552,0.0485,0.224523680648871
200,1.5,35.1808219178082,0.322761509376407,0.0719532422889915,0.0495,0.222930058878486
200,1.5,35.3452054794521,0.32253533250549,0.0718280056993714,0.051,0.222698099899331
200,1.5,35.5095890410959,0.322576165054592,0.0714134620638731,0.0525,0.221384807063434
200,1.5,35.6739726027397,0.322171369597755,0.0711211329888636,0.054,0.220755596866542
200,1.5,35.8383561643836,0.322353114737678,0.0707635515516287,0.054,0.219521848297369
200,1.5,36.0027397260274,0.322776236448742,0.0704104437162482,0.0555,0.218140109975009
200,1.5,36.1671232876712,0.322642808952314,0.0701922918556896,0.056,0.217554180375562
200,1.5,36.3315068493151,0.323043455181768,0.0699052495108768,0.058,0.216395808023856
200,1.5,36.4958904109589,0.323426927474528,0.069556800803454,0.059,0.215061873006638
200,1.5,36.6602739726027,0.322908167501618,0.06932796537376,0.0595,0.214698704929514
200,1.5,36.8246575342466,0.322883953975287,0.0690388839649813,0.06,0.213819494945436
200,1.5,36.9890410958904,0.323203476491778,0.0687662011760136,0.0625,0.212764422964872
200,1.5,37.1534246575342,0.323104740739684,0.0685463610715791,0.063,0.212149041560504
200,1.5,37.3178082191781,0.323167166940925,0.0680536595579139,0.065,0.210583458097258
200,1.5,37.4821917808219,0.323434548112539,0.0676653599859604,0.067,0.209208819468526
200,1.5,37.6465753424658,0.32335200549297,0.0674691739252277,0.067,0.208655498586956
200,1.5,37.8109589041096,0.322998647753229,0.0672032022898561,0.068,0.208060320863013
200,1.5,37.9753424657534,0.323109828066468,0.0670132806464068,0.069,0.207400935611966
200,1.5,38.1397260273973,0.323257507768256,0.0668528451361493,0.071,0.206809876119184
200,1.5,38.3041095890411,0.323064142856699,0.0666398560822799,0.0735,0.206274380972819
200,1.5,38.4684931506849,0.323422681309518,0.0661936360057635,0.0735,0.204666029413119
200,1.5,38.6328767123288,0.323222137346435,0.0659457792012251,0.075,0.204026183796141
200,1.5,38.7972602739726,0.323176335839461,0.0657549949480244,0.078,0.203464757953962
200,1.5,38.9616438356164,0.323201887181893,0.0655833027099005,0.08,0.202917449776496
200,1.5,39.1260273972603,0.323001535051567,0.0653109576128854,0.0805,0.202200146208155
200,1.5,39.2904109589041,0.322463074998759,0.0650208366043674,0.0815,0.201638084002696
200,1.5,39.4547945205479,0.322799998483675,0.0648423761877047,0.0825,0.200874772280967
200,1.5,39.6191780821918,0.322600675075465,0.0645954001234155,0.084,0.200233307349109
200,1.5,39.7835616438356,0.322401559103022,0.0642885430130417,0.0845,0.199405186475846
200,1.5,39.9479452054794,0.321787382835213,0.0638998912871197,0.085,0.198577988745577
200,1.5,40.1123287671233,0.322089598268189,0.063676039282546,0.087,0.197696664607982
200,1.5,40.2767123287671,0.32215046160216,0.063346785572251,0.0875,0.196637264640897
200,1.5,40.441095890411,0.322936392928546,0.063129893775507,0.0885,0.195487084013709
200,1.5,40.6054794520548,0.32265999701282,0.0628890981615022,0.0895,0.194908258673924
200,1.5,40.7698630136986,0.323011321946685,0.0624955456711427,0.091,0.193477879643667
200,1.5,40.9342465753425,0.323087809771264,0.0624080498057008,0.094,0.19316126427018
200,1.5,41.0986301369863,0.323122089892107,0.062154783530501,0.0955,0.192356961887858
200,1.5,41.2630136986301,0.322990629407794,0.0619772697102919,0.0975,0.191885658800467
200,1.5,41.427397260274,0.322485118865413,0.0618656972642065,0.098,0.191840471528938
200,1.5,41.5917808219178,0.322287780898498,0.0616053892119505,0.099,0.191150247893986
200,1.5,41.7561643835616,0.322288449998884,0.0613673791277619,0.1,0.190411350850378
200,1.5,41.9205479452055,0.322088107902407,0.061116976316796,0.101,0.189752352903742
200,1.5,42.0849315068493,0.321907290415053,0.0607918159116547,0.102,0.188848832324588
200,1.5,42.2493150684932,0.321910348539216,0.0606301026893108,0.1025,0.188344683432644
200,1.5,42.413698630137,0.321818071329222,0.0604696535981259,0.1045,0.187900118064734
200,1.5,42.5780821917808,0.321822816879715,0.0605026738123756,0.1055,0.187999951025813
200,1.5,42.7424657534247,0.321394990168653,0.06037362552321,0.107,0.18784868268024
200,1.5,42.9068493150685,0.321456913818269,0.0601885947359349,0.109,0.187236895984019
200,1.5,43.0712328767123,0.321194968175983,0.0601416278223554,0.1095,0.187243368611565
200,1.5,43.2356164383562,0.321263447050415,0.0597458316432884,0.1095,0.185971457978886
200,1.5,43.4,0.320972031728198,0.059374263182698,0.11,0.184982669246947
200,1.5,43.5643835616438,0.321221411942081,0.0591225999786858,0.112,0.184055600843154
200,1.5,43.7287671232877,0.321423700757027,0.0587400009335613,0.1145,0.182749438809941
200,1.5,43.8931506849315,0.321937133248497,0.0585427650568376,0.1175,0.181845332553327
200,1.5,44.0575342465753,0.321661483458215,0.0583775253374686,0.1185,0.181487459144458
200,1.5,44.2219178082192,0.322249150376923,0.0581064486504739,0.122,0.180315288907694
200,1.5,44.386301369863,0.321659669644006,0.057964611355228,0.125,0.180204784203689
200,1.5,44.5506849315069,0.321974479904294,0.0577140218033313,0.1255,0.179250299031422
200,1.5,44.7150684931507,0.32221765959253,0.0573722334045838,0.1265,0.178054280069986
200,1.5,44.8794520547945,0.322133120111799,0.0569354717891686,0.127,0.176745166002828
200,1.5,45.0438356164384,0.322103792652235,0.0567597193444673,0.1295,0.176215619434661
200,1.5,45.2082191780822,0.32233113437434,0.0563200653529374,0.1315,0.174727351306778
200,1.5,45.372602739726,0.322348638179233,0.0562621419897259,0.132,0.174538171799078
200,1.5,45.5369863013699,0.322776374462986,0.0559484199986549,0.1325,0.17333492914944
200,1.5,45.7013698630137,0.322376971771127,0.055753488881262,0.133,0.172945010851595
200,1.5,45.8657534246575,0.322583791467308,0.055609437262324,0.135,0.172387574122613
200,1.5,46.0301369863014,0.322760274741752,0.0555361289390591,0.1385,0.172066184363905
200,1.5,46.1945205479452,0.322964165697619,0.0553770075074505,0.1405,0.171464866350833
200,1.5,46.358904109589,0.322827293270882,0.0553185032174975,0.1425,0.171356339351023
200,1.5,46.5232876712329,0.32298012335021,0.0551254989712261,0.143,0.170677682575076
200,1.5,46.6876712328767,0.323005079487339,0.0549592782025472,0.1445,0.170149888323046
200,1.5,46.8520547945205,0.322773127442416,0.0548883493070278,0.146,0.170052413414807
200,1.5,47.0164383561644,0.322962586502026,0.0545348179892027,0.147,0.168858004822985
200,1.5,47.1808219178082,0.322420438665142,0.0542469858838193,0.1485,0.168249215553481
200,1.5,47.3452054794521,0.32268452535628,0.0540785022867694,0.149,0.167589388512079
200,1.5,47.5095890410959,0.32259862069255,0.0537986625229539,0.1495,0.166766560896818
200,1.5,47.6739726027397,0.322177373181929,0.0533811893004829,0.1545,0.165688821574503
200,1.5,47.8383561643836,0.321744149097488,0.0531190529204522,0.157,0.165097183801024
200,1.5,48.0027397260274,0.322110559031288,0.05301290840411,0.158,0.164579852841647
200,1.5,48.1671232876712,0.321624132251567,0.0525996693414022,0.1605,0.163543913739221
200,1.5,48.3315068493151,0.32169660616444,0.0523264169982489,0.1625,0.162657659408137
200,1.5,48.4958904109589,0.321360896557691,0.0520522643155768,0.164,0.161974480632656
200,1.5,48.6602739726027,0.321473497885043,0.0516954397059339,0.165,0.160807780566782
200,1.5,48.8246575342466,0.321664263308788,0.0514799491970901,0.1685,0.160042488610775
200,1.5,48.9890410958904,0.321693456390759,0.051301939925645,0.1705,0.159474614439558
200,1.5,49.1534246575342,0.321601462724539,0.051108067198048,0.1715,0.15891739659724
200,1.5,49.3178082191781,0.321304613663129,0.0511117289334493,0.172,0.159075614728138
200,1.5,49.4821917808219,0.321683102052737,0.0509634986142559,0.173,0.158427652211278
200,1.5,49.6465753424658,0.321385051630202,0.0506441945229174,0.1755,0.157581051968747
200,1.5,49.8109589041096,0.321058044058042,0.0505520490999942,0.176,0.157454547660719
200,1.5,49.9753424657534,0.32101385066943,0.050354947763045,0.177,0.156862227776268
10,2,0.00273972602739726,0.500030808080808,0.500025757575758,0,0.999989899612246
10,2,0.167123287671233,0.499424254911755,0.501449118936619,0,1.00405439664764
10,2,0.331506849315069,0.501094362581863,0.502478638028638,0,1.00276250453037
10,2,0.495890410958904,0.501349605949606,0.498463517038517,5e-04,0.994243360567478
10,2,0.66027397260274,0.500977391358641,0.494336246392496,5e-04,0.986743623403574
10,2,0.824657534246575,0.500506893276572,0.489090153922875,5e-04,0.977189646122638
10,2,0.989041095890411,0.500141044494721,0.484850728642273,0.001,0.969427992321855
10,2,1.15342465753425,0.499055668392065,0.478910470983265,0.001,0.959633366206004
10,2,1.31780821917808,0.497592982909334,0.471641733008993,0.0015,0.94784643113613
10,2,1.48219178082192,0.496463429875078,0.465703322208837,0.003,0.938041543817273
10,2,1.64657534246575,0.494121504478064,0.459251622921282,0.0035,0.929430552524496
10,2,1.81095890410959,0.49319211366334,0.452093969384159,0.0045,0.9166690968071
10,2,1.97534246575342,0.492033084450809,0.445352877579077,0.0055,0.905127910404979
10,2,2.13972602739726,0.490935511536537,0.436755380590771,0.0065,0.889639006198203
10,2,2.3041095890411,0.490769521152222,0.428642063251506,0.009,0.873408076045851
10,2,2.46849315068493,0.488027013475001,0.423371536205882,0.012,0.867516601573468
10,2,2.63287671232877,0.485734927444771,0.419455410009667,0.014,0.86354796888136
10,2,2.7972602739726,0.485535124103623,0.411029180425697,0.018,0.846548807739759
10,2,2.96164383561644,0.483723502392001,0.403125294135259,0.021,0.833379590079487
10,2,3.12602739726027,0.481713142499056,0.400272734474418,0.022,0.830935881047095
10,2,3.29041095890411,0.478084005582425,0.3944874811506,0.023,0.82514260369371
10,2,3.45479452054795,0.474768352049138,0.389606351009503,0.027,0.820624098737693
10,2,3.61917808219178,0.473846533424436,0.384787292620464,0.0305,0.812050454056611
10,2,3.78356164383562,0.471568907694043,0.380209612766965,0.033,0.806265227761045
10,2,3.94794520547945,0.469163660528928,0.372876077549471,0.0385,0.794767602267185
10,2,4.11232876712329,0.468135265409685,0.366859771234976,0.0415,0.783661899331428
10,2,4.27671232876712,0.465310911446225,0.362729529980702,0.047,0.779542282499476
10,2,4.44109589041096,0.46097710139233,0.35599594368181,0.0545,0.772263833944385
10,2,4.60547945205479,0.459955916400421,0.351725028798171,0.0625,0.764692911335381
10,2,4.76986301369863,0.460196684866131,0.346657468655785,0.068,0.753281107960667
10,2,4.93424657534247,0.459546145067952,0.342601365103764,0.072,0.745521138150565
10,2,5.0986301369863,0.456509828200695,0.338274566085789,0.0785,0.741001716039887
10,2,5.26301369863014,0.454908523607885,0.335417294648506,0.0835,0.737329105175492
10,2,5.42739726027397,0.451124921571806,0.329996717113726,0.09,0.731497421964527
10,2,5.59178082191781,0.44981656869747,0.32677236821486,0.095,0.726456940350357
10,2,5.75616438356164,0.447961085067845,0.324861361729086,0.101,0.72519996168838
10,2,5.92054794520548,0.446104811476793,0.318641089882769,0.1045,0.714274048800179
10,2,6.08493150684932,0.444190275839403,0.316095994702322,0.11,0.711622950558707
10,2,6.24931506849315,0.441822850281384,0.311689995687577,0.1155,0.705463729386271
10,2,6.41369863013699,0.443074134401031,0.310550872207857,0.122,0.700900477134995
10,2,6.57808219178082,0.440255108396207,0.304373960705617,0.13,0.691358157806306
10,2,6.74246575342466,0.437900371210877,0.298694738867327,0.1375,0.682106612610031
10,2,6.90684931506849,0.43637117334476,0.295755728028851,0.143,0.677761836928641
10,2,7.07123287671233,0.434022922945349,0.291573663728772,0.1485,0.671793235597113
10,2,7.23561643835616,0.434364845433634,0.28838368773899,0.158,0.66392041338219
10,2,7.4,0.434251268249295,0.284374369402098,0.1655,0.654861344558801
10,2,7.56438356164384,0.430460028361731,0.281775474235517,0.172,0.654591496701596
10,2,7.72876712328767,0.427281021534608,0.278994151849183,0.177,0.652952361064755
10,2,7.89315068493151,0.425199744454941,0.275387450197777,0.1835,0.64766607644789
10,2,8.05753424657534,0.424382462407396,0.273580217644898,0.1905,0.644654861779534
10,2,8.22191780821918,0.421285967139118,0.269445005789704,0.196,0.63957745286286
10,2,8.38630136986301,0.420194574888905,0.264138517066812,0.2005,0.628610012722434
10,2,8.55068493150685,0.417609088802532,0.26118771830165,0.207,0.625435904784998
10,2,8.71506849315069,0.416687803557811,0.258666086620208,0.2145,0.620767117279738
10,2,8.87945205479452,0.414771775427445,0.255100347549767,0.22,0.615037865792272
10,2,9.04383561643836,0.410810435797433,0.250157246006917,0.227,0.608935957338405
10,2,9.20821917808219,0.408082610856281,0.247160666225759,0.235,0.605663313384369
10,2,9.37260273972603,0.408616969444814,0.243249098437682,0.2405,0.595298572078843
10,2,9.53698630136986,0.407222405382958,0.241239775654772,0.248,0.592403002550674
10,2,9.7013698630137,0.403255130116701,0.237600792916234,0.2525,0.589207117706036
10,2,9.86575342465753,0.402166061852683,0.234512093440615,0.2575,0.58312253490579
10,2,10.0301369863014,0.400413110077487,0.232416941912371,0.267,0.580442887765074
10,2,10.1945205479452,0.399892060845931,0.230605782597781,0.272136068034017,0.576670069693202
10,2,10.358904109589,0.398345182198767,0.227324469292112,0.2795,0.570672068976302
10,2,10.5232876712329,0.397565716805704,0.224170186434017,0.285,0.563856934735579
10,2,10.6876712328767,0.395664296928132,0.219365554753984,0.2925,0.554423425254942
10,2,10.8520547945205,0.394941002861088,0.216249569782213,0.3015,0.547549047112422
10,2,11.0164383561644,0.390828843814574,0.213263720799325,0.3095,0.545670372528866
10,2,11.1808219178082,0.388764381653778,0.210578934341802,0.3155,0.541662107639628
10,2,11.3452054794521,0.387514067554393,0.209412154892321,0.3225,0.540398845941064
10,2,11.5095890410959,0.385739096824621,0.20748109684648,0.3275,0.537879355643364
10,2,11.6739726027397,0.384491486027303,0.20436453796032,0.335,0.531519020282826
10,2,11.8383561643836,0.382481335077891,0.202347715468226,0.3425,0.529039450845409
10,2,12.0027397260274,0.38227911973862,0.200385477698128,0.348674337168584,0.524186300928859
10,2,12.1671232876712,0.381287441362051,0.198875402978944,0.3545,0.52158917762545
10,2,12.3315068493151,0.378079917920786,0.198221226863951,0.362,0.524283934343961
10,2,12.4958904109589,0.376573633802988,0.195662319479327,0.3685,0.519585817794381
10,2,12.6602739726027,0.374861815781398,0.1930068643796,0.373,0.514874698499975
10,2,12.8246575342466,0.375182727116626,0.190082304736476,0.3815,0.50663927467372
10,2,12.9890410958904,0.372661433621045,0.188150706720629,0.387,0.504883762433966
10,2,13.1534246575342,0.370233077818295,0.186097471620227,0.394,0.502649500462952
10,2,13.3178082191781,0.370280532837905,0.183539162219285,0.4035,0.495675969818352
10,2,13.4821917808219,0.36949387139778,0.180493945820168,0.4105,0.488489687629641
10,2,13.6465753424658,0.368667383762179,0.178801775107343,0.4145,0.484994829981176
10,2,13.8109589041096,0.369125206441306,0.175564726299579,0.4215,0.475623780863351
10,2,13.9753424657534,0.367103487358015,0.17311501483758,0.4275,0.471570063481176
10,2,14.1397260273973,0.366638452203504,0.17114011231072,0.4315,0.466781679014202
10,2,14.3041095890411,0.362771791291354,0.169341805459762,0.435,0.46679981609639
10,2,14.4684931506849,0.360454308915629,0.166858482754476,0.44,0.462911605236305
10,2,14.6328767123288,0.360830071179923,0.165079905038632,0.4455,0.457500408707114
10,2,14.7972602739726,0.360082882253625,0.162347794684675,0.451,0.450862295004419
10,2,14.9616438356164,0.359378870125832,0.160360576695406,0.4555,0.446215929832653
10,2,15.1260273972603,0.359175783620404,0.157560619674144,0.462,0.438672724775517
10,2,15.2904109589041,0.358391956613648,0.153444393785609,0.4695,0.428146868125795
10,2,15.4547945205479,0.355642894004001,0.152479602576216,0.479,0.428743565939212
10,2,15.6191780821918,0.353565430967811,0.151377243816574,0.482,0.428144921866966
10,2,15.7835616438356,0.353499627084302,0.149034331219513,0.4885,0.421596855557562
10,2,15.9479452054795,0.352420465061255,0.14863438829832,0.4935,0.421752999708703
10,2,16.1123287671233,0.350027304669874,0.148671387814673,0.497,0.424742258192946
10,2,16.2767123287671,0.347371949546857,0.146292388869637,0.502,0.421140477981811
10,2,16.441095890411,0.345417806602153,0.144005029808513,0.506,0.416901002368925
10,2,16.6054794520548,0.342615239344419,0.142963586503795,0.513,0.417271534031442
10,2,16.7698630136986,0.342699404181989,0.142632335502904,0.52,0.416202461289253
10,2,16.9342465753425,0.341881817739364,0.140215001424444,0.525,0.410127108693853
10,2,17.0986301369863,0.343015321986665,0.139097532605853,0.5305,0.405514050510142
10,2,17.2630136986301,0.341164779196552,0.137704914830611,0.535,0.403631685412863
10,2,17.427397260274,0.339675081256892,0.137128247466328,0.5405,0.403704172113289
10,2,17.5917808219178,0.336153532865201,0.135238139483496,0.549,0.402310629701835
10,2,17.7561643835616,0.334668107725496,0.133405719274276,0.5545,0.398620950711261
10,2,17.9205479452055,0.331334606248166,0.133126210644361,0.558,0.40178782455537
10,2,18.0849315068493,0.328255453452514,0.131027071608302,0.5615,0.399161903420614
10,2,18.2493150684931,0.325929966738064,0.130700732269966,0.5665,0.401008638690177
10,2,18.413698630137,0.325146638886229,0.129046885867625,0.5705,0.396888266505437
10,2,18.5780821917808,0.32338107031857,0.128644434182743,0.5725,0.39781065124193
10,2,18.7424657534247,0.31990526256724,0.127468492665745,0.5785,0.398457004560695
10,2,18.9068493150685,0.319602911776906,0.126367760380744,0.5815,0.39538989078095
10,2,19.0712328767123,0.319241581678985,0.126780461497567,0.5855,0.397130163404126
10,2,19.2356164383562,0.317824653019409,0.125972320872712,0.5905,0.396357927794288
10,2,19.4,0.318222529597763,0.125677111308884,0.5945,0.394934675014182
10,2,19.5643835616438,0.317207506041001,0.123645399494297,0.597,0.38979342272662
10,2,19.7287671232877,0.314858123661684,0.122452197220135,0.6005,0.38891230055004
10,2,19.8931506849315,0.313230757318877,0.120929793591491,0.6055,0.386072538426938
10,2,20.0575342465753,0.312711180778566,0.118757807714133,0.61,0.379768345405683
10,2,20.2219178082192,0.311707052776944,0.1170466436517,0.6165,0.375502070321962
10,2,20.386301369863,0.311431691886974,0.116613039312768,0.62,0.374441787238179
10,2,20.5506849315069,0.310293014937849,0.114395880781156,0.6255,0.368670499411883
10,2,20.7150684931507,0.309516911464009,0.112118954534028,0.63,0.362238541356941
10,2,20.8794520547945,0.307211753494184,0.111940389566144,0.633,0.364375347925168
10,2,21.0438356164384,0.306757382793935,0.11132827128367,0.636,0.362919615070699
10,2,21.2082191780822,0.305074812861287,0.108567413335718,0.6395,0.355871441229343
10,2,21.372602739726,0.301708511382408,0.107906403746323,0.643,0.357651175473647
10,2,21.5369863013699,0.300380711664497,0.107468271709371,0.646,0.357773543826626
10,2,21.7013698630137,0.29981651773579,0.106808624611972,0.648,0.356246631835328
10,2,21.8657534246575,0.29803857699533,0.106239293826658,0.6505,0.356461552385962
10,2,22.0301369863014,0.297097354275785,0.104863805746197,0.6545,0.352961089141359
10,2,22.1945205479452,0.296491393028196,0.103517269688516,0.658,0.34914089286454
10,2,22.358904109589,0.292945438865516,0.100888698953695,0.6615,0.344394162081529
10,2,22.5232876712329,0.293570965553222,0.0989545051719007,0.668,0.337071838781554
10,2,22.6876712328767,0.291677988138882,0.0981204856396613,0.6725,0.336400035757725
10,2,22.8520547945205,0.290325703078741,0.0974014938321053,0.675,0.335490426094614
10,2,23.0164383561644,0.288509761098035,0.0957643511910347,0.679,0.331927595193197
10,2,23.1808219178082,0.287821975156766,0.0950955505730079,0.683,0.330397116207728
10,2,23.3452054794521,0.286291745805981,0.0940626595197029,0.6855,0.328555261888161
10,2,23.5095890410959,0.285998406423653,0.092356949683014,0.6895,0.322928196831295
10,2,23.6739726027397,0.284944761389711,0.0919543007903689,0.6915,0.322709216838718
10,2,23.8383561643836,0.283363206143701,0.0919462640945225,0.695,0.324482014958195
10,2,24.0027397260274,0.281199398696419,0.0907999754974987,0.699,0.322902452560099
10,2,24.1671232876712,0.280897805449624,0.0904834826207506,0.703,0.322122426253621
10,2,24.3315068493151,0.280530455565247,0.0887489642967972,0.706,0.316361245405513
10,2,24.4958904109589,0.280851080025925,0.0880754894894407,0.709,0.313602103582121
10,2,24.6602739726027,0.277605392875808,0.0872841791314121,0.71,0.3144181682755
10,2,24.8246575342466,0.275590281110359,0.0863212644685423,0.710855427713857,0.31322318087834
10,2,24.9890410958904,0.276552057567905,0.0853474679249797,0.713856928464232,0.308612666546599
10,2,25.1534246575342,0.274819892553697,0.0839226454724325,0.718,0.305373256253766
10,2,25.3178082191781,0.273819811006847,0.0817939636816571,0.7225,0.298714557507353
10,2,25.4821917808219,0.271079289623775,0.080922881966245,0.725,0.298521078753586
10,2,25.6465753424658,0.27070685020389,0.0801578732950057,0.7265,0.2961058179157
10,2,25.8109589041096,0.270265270114303,0.0787346034748705,0.7295,0.291323422508454
10,2,25.9753424657534,0.269085697616367,0.0782532165954959,0.731,0.290811504619843
10,2,26.1397260273973,0.267834737340833,0.0766945103507603,0.7355,0.286350124379732
10,2,26.3041095890411,0.267038663445687,0.0744202467144998,0.739,0.278687159957404
10,2,26.4684931506849,0.265925573121839,0.074204121242105,0.7415,0.279040937548744
10,2,26.6328767123288,0.263763868301891,0.072273021102994,0.7435,0.274006525489208
10,2,26.7972602739726,0.263182706421116,0.0717643245729159,0.7465,0.272678724027127
10,2,26.9616438356164,0.261421190827576,0.0712960013928281,0.7475,0.272724644728025
10,2,27.1260273972603,0.260953075499921,0.0701747769387475,0.7505,0.268917225076999
10,2,27.2904109589041,0.260582409551663,0.0697955628113716,0.7525,0.267844490852074
10,2,27.4547945205479,0.259233861198141,0.0692875442260698,0.7555,0.267278139922898
10,2,27.6191780821918,0.257059085124971,0.0683296447790255,0.758,0.265812992938205
10,2,27.7835616438356,0.257705004734687,0.0672065752659793,0.762,0.260788785748146
10,2,27.9479452054795,0.257169560146166,0.0664598349964449,0.7635,0.25842807740804
10,2,28.1123287671233,0.256023163888915,0.0660823906958195,0.7675,0.258110983756501
10,2,28.2767123287671,0.255798291281676,0.0652211232932014,0.769,0.254970910737564
10,2,28.441095890411,0.256052184978596,0.0637299053586593,0.7745,0.248894206327459
10,2,28.6054794520548,0.254810183169084,0.0633921137943584,0.778,0.248781712747694
10,2,28.7698630136986,0.252353661624753,0.0631442192503919,0.779,0.250221133483241
10,2,28.9342465753425,0.25164845396047,0.0623083094257823,0.786,0.247600604912001
10,2,29.0986301369863,0.249327354009939,0.0611414913625247,0.7885,0.245225765962636
10,2,29.2630136986301,0.248183063988385,0.0604001777999262,0.7895,0.24336945813012
10,2,29.427397260274,0.248355336203614,0.0598457276577052,0.791,0.240968157046727
10,2,29.5917808219178,0.247601813683393,0.059325460308955,0.7935,0.239600265549
10,2,29.7561643835616,0.246581003228797,0.0593026257175057,0.794,0.240499571909358
10,2,29.9205479452055,0.244906289756425,0.0591126182060973,0.795,0.241368313835012
10,2,30.0849315068493,0.242406569234859,0.0583792178689043,0.7985,0.240831830808772
10,2,30.2493150684931,0.242319057020121,0.0577251108239885,0.8035,0.238219443133584
10,2,30.413698630137,0.242217790102484,0.0568466816723008,0.807,0.234692429685898
10,2,30.5780821917808,0.239538537170174,0.0570273161522,0.8085,0.238071572223414
10,2,30.7424657534247,0.238603453576867,0.0556408846098862,0.811,0.233193961679022
10,2,30.9068493150685,0.238332090316804,0.0554495366561543,0.8135,0.232656611967141
10,2,31.0712328767123,0.236220656639542,0.0542235465386007,0.816,0.229546168019262
10,2,31.2356164383562,0.235042216394287,0.0534111575795206,0.8165,0.227240699134332
10,2,31.4,0.2343174741907,0.0536581543606892,0.8195,0.228997664583135
10,2,31.5643835616438,0.232897722773947,0.052444190630491,0.824,0.225181208325484
10,2,31.7287671232877,0.230035218801479,0.0521240869016604,0.8255,0.226591767874656
10,2,31.8931506849315,0.229096439881554,0.0516651607465462,0.827,0.225517082558148
10,2,32.0575342465753,0.228341675878731,0.0513666316376262,0.829,0.224955131120726
10,2,32.2219178082192,0.226883715033676,0.0509575996565354,0.83,0.224597872301993
10,2,32.386301369863,0.225555182934111,0.051437619121075,0.832,0.22804893442019
10,2,32.5506849315069,0.222076127652018,0.050517606617239,0.8345,0.227478780143346
10,2,32.7150684931507,0.220473030542729,0.0503088123885918,0.8355,0.228185788823009
10,2,32.8794520547945,0.222293889203332,0.0500473545653693,0.837,0.225140487418397
10,2,33.0438356164384,0.220178717977499,0.04910846149035,0.839,0.223039092703631
10,2,33.2082191780822,0.220190353216185,0.0481845308286485,0.842,0.218831252708607
10,2,33.372602739726,0.220110852376468,0.0476022502931365,0.8435,0.216264894616462
10,2,33.5369863013699,0.218883149865271,0.0459003634437458,0.845,0.209702590044044
10,2,33.7013698630137,0.218017306766591,0.0456329259234058,0.8465,0.209308731495616
10,2,33.8657534246575,0.216609571051154,0.0455157905196798,0.8485,0.210128251945668
10,2,34.0301369863014,0.214052257127547,0.0459644419069922,0.849,0.214734675185431
10,2,34.1945205479452,0.213928216694296,0.0447285684344895,0.8505,0.209082135707262
10,2,34.358904109589,0.213645246181837,0.044133213123306,0.854,0.206572408757195
10,2,34.5232876712329,0.214271911776304,0.0429711438071732,0.8555,0.200544921874941
10,2,34.6876712328767,0.211466933794777,0.0427517649189475,0.8565,0.202167611511485
10,2,34.8520547945205,0.211630407763885,0.0423377565374082,0.8585,0.200055166857895
10,2,35.0164383561644,0.209947814726675,0.0422032730749643,0.859,0.201017920238453
10,2,35.1808219178082,0.209557902673092,0.0417354073085497,0.861,0.199159310034022
10,2,35.3452054794521,0.207064566464238,0.0403959205010676,0.8645,0.195088523308716
10,2,35.5095890410959,0.203119368823471,0.0396077684312591,0.8655,0.194997496598573
10,2,35.6739726027397,0.203462383041795,0.03905648886717,0.868,0.191959261870766
10,2,35.8383561643836,0.202410811290533,0.0385516508452848,0.869,0.190462409589126
10,2,36.0027397260274,0.201096086966869,0.0378520981874129,0.870935467733867,0.18822891463646
10,2,36.1671232876712,0.201341976446756,0.0373981808143936,0.87343671835918,0.185744579815841
10,2,36.3315068493151,0.201564814169748,0.0368789290050617,0.874437218609305,0.182963128544866
10,2,36.4958904109589,0.202299720495792,0.0360147191831997,0.875937968984492,0.178026539507497
10,2,36.6602739726027,0.200728862543975,0.0355651542901543,0.8765,0.177180071861179
10,2,36.8246575342466,0.199743588661081,0.0357911217244228,0.8775,0.179185334379629
10,2,36.9890410958904,0.198579226142365,0.035746773853082,0.8795,0.180012655641303
10,2,37.1534246575342,0.198883941544352,0.0353870467123176,0.8805,0.177928124500822
10,2,37.3178082191781,0.196279863475877,0.0347351931844385,0.8835,0.176967685677586
10,2,37.4821917808219,0.195669110451812,0.0345851081171001,0.884,0.176753029833074
10,2,37.6465753424658,0.194683580688747,0.034303237210416,0.885,0.176199950139908
10,2,37.8109589041096,0.194181859190618,0.0338954150832828,0.8855,0.174555003359039
10,2,37.9753424657534,0.193544968668672,0.0338419838868562,0.8855,0.174853338320512
10,2,38.1397260273973,0.194293454792971,0.0330453104128414,0.8885,0.17007938043025
10,2,38.3041095890411,0.193384602350526,0.0322264364398072,0.889,0.16664427285371
10,2,38.4684931506849,0.192828810452533,0.0322355923435047,0.892,0.167172074898216
10,2,38.6328767123288,0.192273496848439,0.0326093530330179,0.8925,0.169598793216532
10,2,38.7972602739726,0.192239180719521,0.0325581403546574,0.8925,0.169362667031753
10,2,38.9616438356164,0.192292845072025,0.0324507795674398,0.893,0.168757082746813
10,2,39.1260273972603,0.19279412910361,0.0320456170549437,0.8945,0.166216768134687
10,2,39.2904109589041,0.19089405321201,0.0326786153346138,0.8945,0.171187183596131
10,2,39.4547945205479,0.190329167242287,0.0323550278969396,0.8965,0.169995110921449
10,2,39.6191780821918,0.189721847499266,0.0319855878190436,0.8975,0.168592011097549
10,2,39.7835616438356,0.189666105558223,0.0320292553851377,0.898,0.168871793359544
10,2,39.9479452054794,0.189697789080859,0.0313230244793906,0.8985,0.165120661822996
10,2,40.1123287671233,0.188877286011496,0.030928170889568,0.9,0.163747433810996
10,2,40.2767123287671,0.187608588192259,0.0305214705981153,0.9005,0.162686958482078
10,2,40.441095890411,0.186253815397915,0.0302904915432005,0.9015,0.162630180103894
10,2,40.6054794520548,0.186955894377078,0.0295682651584742,0.9015,0.158156367612764
10,2,40.7698630136986,0.185751509368233,0.0291113969363969,0.903,0.15672226317519
10,2,40.9342465753425,0.184477866315321,0.0282506717547159,0.9035,0.153138543495662
10,2,41.0986301369863,0.183251063515944,0.0278639399407782,0.904,0.152053360052417
10,2,41.2630136986301,0.181912900422562,0.0274140865541407,0.906,0.150698969069599
10,2,41.427397260274,0.182672238515795,0.0270543433690492,0.906,0.14810320160778
10,2,41.5917808219178,0.180214613447653,0.0268349535676741,0.907,0.148905535762608
10,2,41.7561643835616,0.180387548813514,0.0269379368588928,0.9085,0.14933368204222
10,2,41.9205479452055,0.179305627170817,0.0271772629997281,0.909,0.151569492985502
10,2,42.0849315068493,0.17861228107333,0.0270525042359601,0.9095,0.151459373752993
10,2,42.2493150684932,0.175880900484964,0.0275836027534557,0.9105,0.156831143560206
10,2,42.413698630137,0.174150387117183,0.0272043422349924,0.9115,0.156211781583276
10,2,42.5780821917808,0.173894453832631,0.0267837028253824,0.913,0.154022754809426
10,2,42.7424657534247,0.171786594281621,0.0259651169178259,0.9155,0.151147515476438
10,2,42.9068493150685,0.170643444691703,0.0257255424314248,0.916,0.150756113004531
10,2,43.0712328767123,0.170611154366359,0.0252418918048755,0.9185,0.147949833049443
10,2,43.2356164383562,0.168590703572145,0.0248489851844921,0.92,0.147392380825189
10,2,43.4,0.169140586498984,0.0246647090096006,0.922,0.145823716945363
10,2,43.5643835616438,0.168600918828763,0.023979705603564,0.9235,0.142227609257092
10,2,43.7287671232877,0.167676201556871,0.0238419984276989,0.9245,0.142190711659295
10,2,43.8931506849315,0.167789641614835,0.0234850871544177,0.9255,0.13996744333198
10,2,44.0575342465753,0.167919898292712,0.0229869475704035,0.926,0.136892338574035
10,2,44.2219178082192,0.16747759788586,0.0227846856574798,0.927,0.13604616942863
10,2,44.386301369863,0.167651824772665,0.0225828805181746,0.9275,0.134701071991295
10,2,44.5506849315069,0.166796844293477,0.0217438241497065,0.9275,0.13036112428751
10,2,44.7150684931507,0.168612369858384,0.021759090296958,0.9275,0.129048007066345
10,2,44.8794520547945,0.168030317489528,0.0216525257830405,0.9285,0.128860827656235
10,2,45.0438356164384,0.166450189222113,0.0212649272296331,0.9285,0.127755500483433
10,2,45.2082191780822,0.165489627516446,0.0207735796259983,0.929,0.125527985878957
10,2,45.372602739726,0.165569498556999,0.0207949932205737,0.9295,0.125596763907664
10,2,45.5369863013699,0.166676160967086,0.0207388617295158,0.9295,0.12442608234546
10,2,45.7013698630137,0.166713550033558,0.0201951573538261,0.9295,0.121136868297514
10,2,45.8657534246575,0.165269299755542,0.019809589022089,0.9295,0.119862485358081
10,2,46.0301369863014,0.164428912262058,0.0191578262209067,0.9295,0.116511299365491
10,2,46.1945205479452,0.162953979796153,0.0181976017446606,0.93,0.111673257489168
10,2,46.358904109589,0.161295858179488,0.0178949876705682,0.931,0.110945115842062
10,2,46.5232876712329,0.160992237788871,0.0178035391487597,0.932,0.110586320143632
10,2,46.6876712328767,0.160757779184442,0.017395145459116,0.933,0.108207176955077
10,2,46.8520547945205,0.160499578207422,0.0175383112480055,0.933,0.109273254446437
10,2,47.0164383561644,0.159042918750235,0.0177415921904893,0.934,0.111552229611374
10,2,47.1808219178082,0.157573094226035,0.0175423271366576,0.934,0.111328188500846
10,2,47.3452054794521,0.155370492934998,0.0174115313393177,0.935,0.112064594830128
10,2,47.5095890410959,0.156078611228233,0.0165919755897697,0.9355,0.106305248741016
10,2,47.6739726027397,0.155451872873335,0.0164652957336781,0.9365,0.105918928021499
10,2,47.8383561643836,0.154044020051586,0.016367683623566,0.937,0.106253287976286
10,2,48.0027397260274,0.155798350881575,0.0160801790529732,0.9375,0.103211484344889
10,2,48.1671232876712,0.153463516035908,0.0162234079645844,0.9385,0.105715080584941
10,2,48.3315068493151,0.153003713496742,0.0160928828116328,0.9395,0.10517968775951
10,2,48.4958904109589,0.152050354446036,0.0157596596600854,0.94,0.103647635137073
10,2,48.6602739726027,0.15280334061793,0.0157325237842653,0.9405,0.102959292124397
10,2,48.8246575342466,0.152598486506613,0.0157025231906037,0.941,0.102900910422353
10,2,48.9890410958904,0.15287114609247,0.0158392841635489,0.941,0.103611993292494
10,2,49.1534246575342,0.152500474263812,0.015639596065699,0.9415,0.102554409362976
10,2,49.3178082191781,0.151131212776993,0.0154771437691136,0.9425,0.102408651956969
10,2,49.4821917808219,0.151230402108156,0.0154863661665132,0.9425,0.10240246637338
10,2,49.6465753424658,0.150356320747536,0.0152843132744449,0.943,0.101653945763337
10,2,49.8109589041096,0.150568706237863,0.0146433279779364,0.943971985992996,0.0972534621822644
10,2,49.9753424657534,0.148979351779971,0.0148021480153833,0.9445,0.0993570440368459
20,2,0.00273972602739726,0.500376587301587,0.500082222601959,0,0.999411713683058
20,2,0.167123287671233,0.49969568043746,0.497259873661621,0,0.995125419587964
20,2,0.331506849315069,0.499896220674308,0.497192998319377,0,0.994592432902804
20,2,0.495890410958904,0.499117256053829,0.493465550500449,0,0.988676597563337
20,2,0.66027397260274,0.49821965447096,0.491584896598836,0,0.986683066770681
20,2,0.824657534246575,0.49704920039386,0.487364009149265,0,0.980514622623032
20,2,0.989041095890411,0.496856850456343,0.483392432082515,0,0.972900809636694
20,2,1.15342465753425,0.495466227213016,0.478119393110514,0,0.964988866748644
20,2,1.31780821917808,0.494176166294573,0.471370558693058,0,0.953851259617566
20,2,1.48219178082192,0.492907469026136,0.465300450226599,0,0.943991478047429
20,2,1.64657534246575,0.491118513107255,0.458142150486512,0,0.932854572286219
20,2,1.81095890410959,0.492498134378243,0.450713332755993,0,0.915157441814472
20,2,1.97534246575342,0.492652960174892,0.445339811797842,0,0.903962520878281
20,2,2.13972602739726,0.491726098142091,0.440002813046769,0,0.894812812883534
20,2,2.3041095890411,0.490073651789646,0.435836662316295,0,0.889328901328834
20,2,2.46849315068493,0.489903857647775,0.429568313986054,0,0.876842072745833
20,2,2.63287671232877,0.487232674879989,0.425552293338791,0,0.873406721836973
20,2,2.7972602739726,0.486796507239102,0.419103687509783,0,0.860942264945072
20,2,2.96164383561644,0.484001255379159,0.413441601397311,0,0.854215969075178
20,2,3.12602739726027,0.482460318777472,0.407964089352232,0,0.84559097085122
20,2,3.29041095890411,0.481161937533851,0.402700453367609,5e-04,0.836933310709511
20,2,3.45479452054795,0.480346753817787,0.396869558767153,0.001,0.826214720122164
20,2,3.61917808219178,0.478887994860279,0.392610384446794,0.001,0.819837600149787
20,2,3.78356164383562,0.479657462475306,0.388536514351461,0.001,0.81002912442223
20,2,3.94794520547945,0.477152411631982,0.383541640315261,0.002,0.803813689222384
20,2,4.11232876712329,0.475935273764795,0.379105868597353,0.002,0.796549214767185
20,2,4.27671232876712,0.475211355842801,0.375744979612088,0.0025,0.790690237075024
20,2,4.44109589041096,0.475343041904644,0.37174349836049,0.003,0.782053097634411
20,2,4.60547945205479,0.474047863757115,0.369003662031681,0.003,0.778410135860763
20,2,4.76986301369863,0.472887273999328,0.365555528088832,0.004,0.773028897557839
20,2,4.93424657534247,0.473583989776229,0.360114211783762,0.004,0.760401997444884
20,2,5.0986301369863,0.47064038704112,0.3555969068192,0.006,0.755559694005034
20,2,5.26301369863014,0.469205773765542,0.350150469793332,0.0065,0.746262065326373
20,2,5.42739726027397,0.469511330993805,0.345155325824459,0.0065,0.735137371645272
20,2,5.59178082191781,0.468217958582397,0.340704504328833,0.007,0.727662188268834
20,2,5.75616438356164,0.466208975660718,0.335998834933589,0.0075,0.720704346065852
20,2,5.92054794520548,0.466149571314335,0.330983173573468,0.0075,0.710036421658056
20,2,6.08493150684932,0.465030608619674,0.325851795630532,0.009,0.700710425487346
20,2,6.24931506849315,0.463980737031839,0.323257874800559,0.01,0.696705378047573
20,2,6.41369863013699,0.462836112377035,0.318512334120783,0.0105,0.6881751998239
20,2,6.57808219178082,0.46248820405577,0.314739510053373,0.0115,0.680535216451529
20,2,6.74246575342466,0.46316377434943,0.310060155469215,0.0135,0.66943956466529
20,2,6.90684931506849,0.462105898785716,0.306023882791367,0.015,0.662237559822353
20,2,7.07123287671233,0.461239494603767,0.302701407867955,0.017,0.656278162233253
20,2,7.23561643835616,0.460157168693212,0.299963431271356,0.019,0.651871690108
20,2,7.4,0.460599468595912,0.297204049266714,0.02,0.645254867906619
20,2,7.56438356164384,0.458285980237605,0.293698851022781,0.022,0.640863704515918
20,2,7.72876712328767,0.456821408537155,0.290623770371585,0.025,0.636186844443714
20,2,7.89315068493151,0.456922315510415,0.287461729106303,0.028,0.629126044730793
20,2,8.05753424657534,0.457196381896816,0.28445070016456,0.0295,0.622163060399627
20,2,8.22191780821918,0.456903055712798,0.282507889387482,0.0315,0.618310352393576
20,2,8.38630136986301,0.456974808856735,0.279635932706686,0.035,0.61192855117393
20,2,8.55068493150685,0.457269486632689,0.276342479120259,0.0385,0.604331771960626
20,2,8.71506849315069,0.457081540253693,0.274093597101774,0.0405,0.599660176496395
20,2,8.87945205479452,0.455978807197622,0.269868587892567,0.0435,0.591844584951522
20,2,9.04383561643836,0.45601262700984,0.267196028170997,0.0485,0.585939976976189
20,2,9.20821917808219,0.455299200969045,0.266274584406489,0.0515,0.584834288836347
20,2,9.37260273972603,0.453473059348428,0.2632655346486,0.055,0.58055385920141
20,2,9.53698630136986,0.453456787508965,0.260368333287913,0.059,0.574185546363149
20,2,9.7013698630137,0.452752846325534,0.257645683402791,0.061,0.5690647457963
20,2,9.86575342465753,0.451931764074119,0.254633853802543,0.0635,0.563434292617639
20,2,10.0301369863014,0.450663582090625,0.252199042558053,0.0655,0.559617090398349
20,2,10.1945205479452,0.451211843801128,0.248996371764374,0.071,0.551839175290176
20,2,10.358904109589,0.451191199264088,0.246347094641038,0.074,0.545992685679243
20,2,10.5232876712329,0.450720965768089,0.243803826130202,0.077,0.540919647957196
20,2,10.6876712328767,0.44998159423714,0.240617413850081,0.081,0.53472723536171
20,2,10.8520547945205,0.450225034557519,0.237414970819892,0.0845,0.52732512098805
20,2,11.0164383561644,0.44872490475358,0.235108794136669,0.0915,0.523948618955705
20,2,11.1808219178082,0.447258914473462,0.232298032262653,0.098,0.51938155897044
20,2,11.3452054794521,0.445472871523592,0.22948126100479,0.101,0.515140821527303
20,2,11.5095890410959,0.447054773705273,0.227621974215058,0.106,0.509159028385906
20,2,11.6739726027397,0.445923856815813,0.225896995045033,0.11,0.506581990607286
20,2,11.8383561643836,0.445680799380621,0.223762961283168,0.1115,0.502070005246221
20,2,12.0027397260274,0.444007713426765,0.222011449800557,0.1145,0.500017101250596
20,2,12.1671232876712,0.443606334125727,0.220927273894156,0.1195,0.498025516992597
20,2,12.3315068493151,0.442387004994103,0.218970802726349,0.1235,0.494975666677341
20,2,12.4958904109589,0.441734586462391,0.215837061789709,0.128,0.488612547906263
20,2,12.6602739726027,0.439893949661742,0.213656747238737,0.132,0.485700581703906
20,2,12.8246575342466,0.440710780288738,0.212915919323894,0.134,0.483119380888299
20,2,12.9890410958904,0.438313133339209,0.210455320220582,0.1395,0.480148332807794
20,2,13.1534246575342,0.438153507830555,0.207737906246451,0.1425,0.474121289762192
20,2,13.3178082191781,0.436821320369037,0.205462694437369,0.1475,0.47035866807918
20,2,13.4821917808219,0.436006966742677,0.20457854955748,0.153,0.469209359395897
20,2,13.6465753424658,0.435304188320001,0.20307580318831,0.157,0.466514700839553
20,2,13.8109589041096,0.435938592576319,0.201302625778581,0.1625,0.461768306836334
20,2,13.9753424657534,0.435535451855259,0.199398577539477,0.165,0.457823988127935
20,2,14.1397260273973,0.436238389912817,0.19749529343594,0.168,0.452723322849715
20,2,14.3041095890411,0.434632569364553,0.196993428057507,0.1715,0.453241293779521
20,2,14.4684931506849,0.433608335798859,0.196270230114493,0.174,0.452644042815493
20,2,14.6328767123288,0.433782407726486,0.194987843413941,0.1815,0.449506111683734
20,2,14.7972602739726,0.431269329896433,0.193197850694096,0.186,0.447974936544853
20,2,14.9616438356164,0.432433326604616,0.19123554765653,0.1905,0.442231289521729
20,2,15.1260273972603,0.43016720842568,0.18982939249982,0.197,0.441292104050782
20,2,15.2904109589041,0.429695655128905,0.187623633821059,0.2015,0.436643078843267
20,2,15.4547945205479,0.429085323640764,0.187279061842863,0.204,0.436461122123244
20,2,15.6191780821918,0.429556674897465,0.187077145624831,0.2075,0.435512137413499
20,2,15.7835616438356,0.429231524180282,0.185759572299404,0.2145,0.432772435934558
20,2,15.9479452054795,0.430413232869084,0.184493827124929,0.2195,0.42864348267156
20,2,16.1123287671233,0.429040293203189,0.182743206641983,0.226,0.425934835345261
20,2,16.2767123287671,0.427091977710546,0.180946792990274,0.2325,0.423671720457618
20,2,16.441095890411,0.425783612052602,0.179822958524269,0.238,0.422334146815527
20,2,16.6054794520548,0.42585296533228,0.177645804405519,0.2425,0.417152911608604
20,2,16.7698630136986,0.425557744091336,0.175705564125767,0.2465,0.412883014268578
20,2,16.9342465753425,0.424937027440792,0.174902854026001,0.252,0.411597113763807
20,2,17.0986301369863,0.422881691856265,0.172928347435248,0.257,0.408928432621826
20,2,17.2630136986301,0.422206143139251,0.172138587943214,0.2615,0.407712182166047
20,2,17.427397260274,0.422599905718794,0.171799826279263,0.267,0.406530678200345
20,2,17.5917808219178,0.422490600560692,0.170740859927365,0.273,0.404129369270638
20,2,17.7561643835616,0.42022264928904,0.16918853588543,0.2785,0.402616413398169
20,2,17.9205479452055,0.421004793990492,0.168319017843434,0.284,0.399803090715484
20,2,18.0849315068493,0.421859691841295,0.166417610843146,0.2875,0.394485688160396
20,2,18.2493150684931,0.422463703087284,0.165886707668135,0.292,0.392664994544778
20,2,18.413698630137,0.42271647866636,0.164286705100096,0.299,0.38864514016205
20,2,18.5780821917808,0.422975490478885,0.162278263509012,0.304,0.383658786766307
20,2,18.7424657534247,0.421846884370549,0.159674441089583,0.308,0.378512789842784
20,2,18.9068493150685,0.421757792265923,0.159204706481063,0.3105,0.377478992446646
20,2,19.0712328767123,0.42149501788111,0.157917115469743,0.3145,0.374659506685524
20,2,19.2356164383562,0.4215209830601,0.157036273156757,0.319,0.372546752042394
20,2,19.4,0.418890401744152,0.155843549920027,0.3245,0.372038961196375
20,2,19.5643835616438,0.417795137776626,0.155211551102907,0.3275,0.37150157354366
20,2,19.7287671232877,0.418629899433723,0.153439921946266,0.331,0.366528817348745
20,2,19.8931506849315,0.418740002866256,0.152015909918132,0.3355,0.363031735390913
20,2,20.0575342465753,0.41783325652482,0.151042540215673,0.3375,0.361489991179533
20,2,20.2219178082192,0.417065005576732,0.150091830841336,0.34,0.359876347414435
20,2,20.386301369863,0.414113785257456,0.149531697349869,0.344,0.36108843190744
20,2,20.5506849315069,0.414456610747628,0.148873127907471,0.3475,0.35920075599451
20,2,20.7150684931507,0.413280694362055,0.147927305379679,0.353,0.357934225812366
20,2,20.8794520547945,0.41276649910041,0.146739857567935,0.3585,0.355503312133477
20,2,21.0438356164384,0.412402910667454,0.146219991834528,0.3635,0.354556158679575
20,2,21.2082191780822,0.411314253205397,0.146055559491812,0.3665,0.355094817049475
20,2,21.372602739726,0.410945342715476,0.144459313168461,0.371,0.351529262295301
20,2,21.5369863013699,0.410157714112168,0.143771250148895,0.374,0.350526749106996
20,2,21.7013698630137,0.409543714899173,0.142818294011998,0.3775,0.34872539564466
20,2,21.8657534246575,0.408679985785035,0.141581817986181,0.3785,0.346436877045045
20,2,22.0301369863014,0.408355638574993,0.140975215519267,0.385,0.345226567732033
20,2,22.1945205479452,0.4104041082138,0.138603965767553,0.391,0.337725580698492
20,2,22.358904109589,0.409714429517092,0.1375113185347,0.3935,0.335627228693843
20,2,22.5232876712329,0.410505038479259,0.136566035363331,0.396,0.332678097860255
20,2,22.6876712328767,0.409436155309542,0.136205501229454,0.4005,0.332666032208318
20,2,22.8520547945205,0.40711333948763,0.134704739821557,0.406,0.330877735401863
20,2,23.0164383561644,0.405024922916024,0.13366157517353,0.4095,0.330008272605098
20,2,23.1808219178082,0.404247931132133,0.132712396745911,0.411,0.328294560158261
20,2,23.3452054794521,0.403856118469575,0.131299431431318,0.417,0.325114379667891
20,2,23.5095890410959,0.404153696439474,0.129933679716238,0.4215,0.321495710322415
20,2,23.6739726027397,0.40353404128664,0.128587553960471,0.4255,0.318653547915012
20,2,23.8383561643836,0.401963078381809,0.127943337550487,0.428,0.31829624269361
20,2,24.0027397260274,0.402079308410864,0.128380862313779,0.4315,0.319292387417741
20,2,24.1671232876712,0.400170129643013,0.128564222919567,0.4345,0.321273911759126
20,2,24.3315068493151,0.400366979794554,0.128277157676105,0.4365,0.320398944343335
20,2,24.4958904109589,0.40027488252167,0.12706570118064,0.4405,0.317446101989078
20,2,24.6602739726027,0.40043534170135,0.125105164486218,0.4435,0.312422884440411
20,2,24.8246575342466,0.401664851845773,0.123992132395389,0.447,0.308695500304811
20,2,24.9890410958904,0.401757817266347,0.123331027821887,0.4515,0.306978539113587
20,2,25.1534246575342,0.400272531279462,0.123411784429041,0.4545,0.308319394375023
20,2,25.3178082191781,0.400566521187763,0.123569955925941,0.4575,0.308487977376467
20,2,25.4821917808219,0.400576137326742,0.122604108920889,0.463,0.306069427248191
20,2,25.6465753424658,0.400522721577722,0.122695196015017,0.466,0.306337666766323
20,2,25.8109589041096,0.399070899390657,0.12189957569595,0.47,0.305458443304381
20,2,25.9753424657534,0.400596554146939,0.121079478439341,0.4755,0.30224792796128
20,2,26.1397260273973,0.39940538778523,0.119443337111498,0.4795,0.299052894037889
20,2,26.3041095890411,0.400331481486303,0.118364048891849,0.482,0.295665103459767
20,2,26.4684931506849,0.403373708401605,0.117168877552472,0.486,0.290472272019814
20,2,26.6328767123288,0.401875561143764,0.116775695169963,0.4895,0.290576751762689
20,2,26.7972602739726,0.40315829852759,0.115509954446369,0.4915,0.286512654875846
20,2,26.9616438356164,0.402202512103503,0.114264438404721,0.496,0.284096779523139
20,2,27.1260273972603,0.402931543344407,0.113360161562108,0.4975,0.281338513786232
20,2,27.2904109589041,0.402836394844028,0.11286909627447,0.504,0.280185945756393
20,2,27.4547945205479,0.404190347215184,0.11228775194705,0.5055,0.27780908851658
20,2,27.6191780821918,0.402871342130483,0.11124468242375,0.5095,0.276129550033171
20,2,27.7835616438356,0.401596664474583,0.109648663607988,0.515,0.273031808547124
20,2,27.9479452054795,0.398225944182322,0.108802331839295,0.5195,0.273217587725728
20,2,28.1123287671233,0.397502345966646,0.108583898031857,0.5215,0.273165426905349
20,2,28.2767123287671,0.396920218679739,0.107831956543819,0.5235,0.271671614266708
20,2,28.441095890411,0.397951180593698,0.106495364676895,0.527,0.267609118580867
20,2,28.6054794520548,0.399163146569506,0.105829035849188,0.5295,0.265127271289209
20,2,28.7698630136986,0.397948133682934,0.104641021918116,0.5325,0.262951407636174
20,2,28.9342465753425,0.396594405585087,0.103592730799328,0.537,0.261205728927264
20,2,29.0986301369863,0.395409614342588,0.102577653615526,0.542,0.259421242920644
20,2,29.2630136986301,0.395223005078581,0.102115378858111,0.546,0.258374076270705
20,2,29.427397260274,0.395082977152414,0.101786581951533,0.55,0.257633428514603
20,2,29.5917808219178,0.395689773240443,0.101059814028627,0.5525,0.255401632448098
20,2,29.7561643835616,0.395401683780096,0.101213598839847,0.5555,0.2559766510659
20,2,29.9205479452055,0.39533079747258,0.100185271896818,0.5575,0.253421368983444
20,2,30.0849315068493,0.394218710105318,0.0997455444421555,0.561,0.253020827995474
20,2,30.2493150684931,0.393903111738969,0.099237069131131,0.563,0.251932686423897
20,2,30.413698630137,0.394595218643225,0.0988294549848323,0.5645,0.250457811740971
20,2,30.5780821917808,0.394822590623555,0.0986399786222219,0.5685,0.249833674578845
20,2,30.7424657534247,0.394823360058044,0.0987172457055573,0.5715,0.250028888085661
20,2,30.9068493150685,0.394151270253228,0.0980480480988685,0.5735,0.248757407367675
20,2,31.0712328767123,0.395017382700297,0.0971572931683706,0.575,0.245957007016283
20,2,31.2356164383562,0.393472265244881,0.0965519788547136,0.5785,0.245384458786755
20,2,31.4,0.392037060473235,0.0955804549202795,0.5815,0.243804641339016
20,2,31.5643835616438,0.39125212459161,0.0947052762265135,0.585,0.242056899564104
20,2,31.7287671232877,0.390207013967385,0.0941520617575935,0.587,0.241287466363849
20,2,31.8931506849315,0.3908973263143,0.0934620696236633,0.5875,0.2390962110304
20,2,32.0575342465753,0.390162964621045,0.0930655217238815,0.59,0.23852987126616
20,2,32.2219178082192,0.389598872003252,0.0926952855208247,0.5905,0.237924933006611
20,2,32.386301369863,0.389505627763383,0.0920430565281705,0.594,0.236307385484261
20,2,32.5506849315069,0.389218414271875,0.090962322355068,0.597,0.233705084393899
20,2,32.7150684931507,0.389007161004828,0.0901305220008487,0.6005,0.231693734809499
20,2,32.8794520547945,0.387951934194367,0.0897470530066191,0.603,0.231335495705133
20,2,33.0438356164384,0.388175039451311,0.0888175020646654,0.6045,0.228807865106963
20,2,33.2082191780822,0.388271025912205,0.0879422543858417,0.6085,0.226497081978316
20,2,33.372602739726,0.388848170683121,0.0876174948114834,0.6115,0.225325722010106
20,2,33.5369863013699,0.389904855146953,0.0865003565300363,0.6135,0.221849908735901
20,2,33.7013698630137,0.388569885859089,0.0863991602012936,0.6175,0.222351662713835
20,2,33.8657534246575,0.3884526966685,0.086891833604707,0.6195,0.2236870392455
20,2,34.0301369863014,0.387504475893785,0.086583668848164,0.621,0.223439145182665
20,2,34.1945205479452,0.386936745666688,0.0859016597100156,0.6225,0.222004399096312
20,2,34.358904109589,0.387337168244699,0.0844432389517797,0.6255,0.21800964605192
20,2,34.5232876712329,0.386623220161907,0.08385805000318,0.6285,0.216898638338542
20,2,34.6876712328767,0.38568658757128,0.0835081138356189,0.63,0.216518065513972
20,2,34.8520547945205,0.385618005053075,0.083201169730629,0.6325,0.215760593749188
20,2,35.0164383561644,0.386416412146941,0.0823468933813016,0.633,0.213104026621902
20,2,35.1808219178082,0.386590020061028,0.0821572397438743,0.6355,0.212517746140743
20,2,35.3452054794521,0.385793121211257,0.0817648463764894,0.6365,0.211939617066722
20,2,35.5095890410959,0.386283464269757,0.0812560086360047,0.6405,0.210353318616974
20,2,35.6739726027397,0.383953716405197,0.0804992389949403,0.6455,0.209658705087223
20,2,35.8383561643836,0.382269412869969,0.0802189765809926,0.6475,0.209849320610644
20,2,36.0027397260274,0.382755351270608,0.0802601052072261,0.648,0.209690354271447
20,2,36.1671232876712,0.382081437097334,0.0794878966351577,0.649,0.208039147986423
20,2,36.3315068493151,0.382044752628539,0.0783600323726534,0.6515,0.20510694580549
20,2,36.4958904109589,0.38078405439408,0.0777574908834844,0.6545,0.20420364242199
20,2,36.6602739726027,0.380219071622699,0.07772396133725,0.657,0.204418891997026
20,2,36.8246575342466,0.379132323967405,0.0776982263399464,0.6605,0.204936961129767
20,2,36.9890410958904,0.37875178319072,0.077006910883282,0.6645,0.203317619350996
20,2,37.1534246575342,0.379088758547055,0.0767227808133122,0.668,0.202387380484111
20,2,37.3178082191781,0.378966867517801,0.0767051723908756,0.6715,0.202406012148998
20,2,37.4821917808219,0.379804226280809,0.0767851124475678,0.6735,0.202170242283709
20,2,37.6465753424658,0.380102148472773,0.076230456542955,0.676,0.200552553699694
20,2,37.8109589041096,0.379980869943794,0.0755390533430601,0.6785,0.198796990370156
20,2,37.9753424657534,0.379962840471478,0.074994741631785,0.682,0.197373884084895
20,2,38.1397260273973,0.380140698011779,0.075100935548471,0.6835,0.197560892430791
20,2,38.3041095890411,0.379471748311778,0.0741411321325541,0.686,0.19537984701733
20,2,38.4684931506849,0.377534618963398,0.0731098504947726,0.6895,0.193650719225461
20,2,38.6328767123288,0.377200252428227,0.0725937395159616,0.6915,0.192454111704961
20,2,38.7972602739726,0.376741829767533,0.0722628606684896,0.6935,0.191810027341745
20,2,38.9616438356164,0.376832544927768,0.0717852578837754,0.695,0.19049643893559
20,2,39.1260273972603,0.376066424962197,0.0714009427084626,0.696,0.189862582695703
20,2,39.2904109589041,0.376611203279484,0.0712167182936924,0.6995,0.189098777926801
20,2,39.4547945205479,0.375855108882057,0.0707513292803004,0.7015,0.188240967352401
20,2,39.6191780821918,0.37564645355452,0.070295190445314,0.704,0.187131250089419
20,2,39.7835616438356,0.376110346596478,0.0696243965239557,0.706,0.185116940158667
20,2,39.9479452054794,0.377007367172158,0.0688363575815937,0.709,0.182586239886819
20,2,40.1123287671233,0.37750418269846,0.0683342265512763,0.711,0.181015813024408
20,2,40.2767123287671,0.374891998057307,0.0682611525270957,0.7115,0.182082180683571
20,2,40.441095890411,0.373277769306277,0.0681938058938735,0.713,0.182689170106779
20,2,40.6054794520548,0.371762302030655,0.0675097861246723,0.7165,0.181593953329634
20,2,40.7698630136986,0.372802838128644,0.0672645230639551,0.718,0.180429214009213
20,2,40.9342465753425,0.372609368571379,0.0669116754420364,0.7195,0.179575934170905
20,2,41.0986301369863,0.372257450049555,0.066190385968977,0.721,0.177808089428877
20,2,41.2630136986301,0.373467224518888,0.0654226225694437,0.724,0.175176342860402
20,2,41.427397260274,0.372965959757735,0.0651096948436311,0.7255,0.174572754269382
20,2,41.5917808219178,0.372130682859888,0.0649925158563673,0.7285,0.174649710034358
20,2,41.7561643835616,0.371933345320284,0.0651768150365205,0.731,0.175237891026938
20,2,41.9205479452055,0.370157351399078,0.0645735753609363,0.7335,0.174448988023252
20,2,42.0849315068493,0.370237990533719,0.064418253855899,0.7355,0.173991474410923
20,2,42.2493150684932,0.370898377295204,0.064012746069636,0.738,0.172588369182018
20,2,42.413698630137,0.371306531418131,0.0634436799939364,0.74,0.170866049007072
20,2,42.5780821917808,0.370501130587497,0.0627051278526607,0.7405,0.169244093137396
20,2,42.7424657534247,0.370456487439751,0.0616697779856017,0.742,0.166469693679292
20,2,42.9068493150685,0.368908818843691,0.061349560920974,0.7435,0.166300065998065
20,2,43.0712328767123,0.368163206606479,0.0611521490464034,0.744,0.166100653050232
20,2,43.2356164383562,0.368324255042323,0.0609222796890618,0.746,0.165403931060857
20,2,43.4,0.369019775639529,0.0607900314020762,0.749,0.164733804026421
20,2,43.5643835616438,0.370395029282435,0.0601212439608286,0.751,0.162316551810377
20,2,43.7287671232877,0.370540245818022,0.0600739105241337,0.7525,0.162125197470822
20,2,43.8931506849315,0.369099134047845,0.0599917437518242,0.753,0.162535585206894
20,2,44.0575342465753,0.369057104199913,0.0597722110785069,0.754,0.161959248035852
20,2,44.2219178082192,0.369576559777184,0.0592182815110599,0.755,0.160232785181945
20,2,44.386301369863,0.369544881594664,0.0584167767235868,0.756,0.158077623674575
20,2,44.5506849315069,0.367373382067497,0.0583288152870068,0.7585,0.158772568003552
20,2,44.7150684931507,0.366125721087629,0.058477222734495,0.759,0.159718969103782
20,2,44.8794520547945,0.366265518257847,0.0578930315684278,0.76,0.15806301353127
20,2,45.0438356164384,0.365064297839827,0.0575513605536131,0.7605,0.157647189533894
20,2,45.2082191780822,0.363533154135545,0.0571610700572708,0.761,0.15723757078827
20,2,45.372602739726,0.365163404484425,0.0571722111657122,0.762,0.156566102910651
20,2,45.5369863013699,0.365644875008138,0.0572866936201428,0.7635,0.156673038611215
20,2,45.7013698630137,0.363983934576948,0.056918745991808,0.765,0.156377083120341
20,2,45.8657534246575,0.364415918033399,0.056323624433516,0.7655,0.1545586283318
20,2,46.0301369863014,0.363966040529407,0.0552160486429038,0.7655,0.15170659483118
20,2,46.1945205479452,0.363586208720112,0.0545155345642308,0.766,0.149938400458409
20,2,46.358904109589,0.362497917611584,0.0541438436089391,0.7665,0.149363185216844
20,2,46.5232876712329,0.362644323974879,0.053938350819412,0.7685,0.148736233420679
20,2,46.6876712328767,0.360482889325308,0.0535285928600598,0.771,0.148491355471117
20,2,46.8520547945205,0.36027331795478,0.0526329600667129,0.7735,0.146091751577671
20,2,47.0164383561644,0.35981858283408,0.0519869221786744,0.774,0.144480926385747
20,2,47.1808219178082,0.360778856548885,0.051694748291914,0.777,0.143286524012001
20,2,47.3452054794521,0.359229796247018,0.0509975119080699,0.78,0.141963479758239
20,2,47.5095890410959,0.359691654762417,0.0499216981023603,0.783,0.138790259494162
20,2,47.6739726027397,0.357825813039625,0.0494891870595885,0.7845,0.138305245893784
20,2,47.8383561643836,0.357370752551358,0.0492405312740246,0.7845,0.137785565613538
20,2,48.0027397260274,0.357148446783268,0.0488911754518405,0.786,0.13689314875142
20,2,48.1671232876712,0.357092412060132,0.0490499650356798,0.7865,0.137359303583914
20,2,48.3315068493151,0.357751649559363,0.048306948593048,0.7885,0.135029282611406
20,2,48.4958904109589,0.356750166880989,0.048120080764233,0.79,0.134884536102504
20,2,48.6602739726027,0.356814803171825,0.0478859299559986,0.7925,0.134203876998172
20,2,48.8246575342466,0.356609616665043,0.0474819927343896,0.795,0.13314837995238
20,2,48.9890410958904,0.356478416212411,0.0469534753105427,0.7955,0.131714777599789
20,2,49.1534246575342,0.3561725845254,0.0464658816930665,0.796,0.130458894681583
20,2,49.3178082191781,0.355649651587935,0.0460696795754868,0.797,0.129536692556259
20,2,49.4821917808219,0.355733491733825,0.04586843310654,0.798,0.128940440448775
20,2,49.6465753424658,0.355955957122939,0.0454995245752772,0.799,0.127823467102597
20,2,49.8109589041096,0.35604860214863,0.0455163175496186,0.8,0.127837371850201
20,2,49.9753424657534,0.356834636313382,0.0454146056823276,0.803,0.127270732884919
50,2,0.00273972602739726,0.49994629197833,0.500084444718149,0,1.00027633516247
50,2,0.167123287671233,0.500708134375209,0.500778543791658,0,1.00014061967764
50,2,0.331506849315069,0.500228725191124,0.49952655000613,0,0.998596291756886
50,2,0.495890410958904,0.500358406226408,0.495903478286953,0,0.991096526241953
50,2,0.66027397260274,0.500198844009793,0.491243038007915,0,0.98209550839805
50,2,0.824657534246575,0.499286673491905,0.487970486359494,0,0.977335291059808
50,2,0.989041095890411,0.498501096300411,0.483350129876994,0,0.969606954656953
50,2,1.15342465753425,0.497714224934555,0.477091192294656,0,0.958564510301849
50,2,1.31780821917808,0.497638575871233,0.471592566124095,0,0.947660790360678
50,2,1.48219178082192,0.496897636967262,0.464511094001258,0,0.934822505569418
50,2,1.64657534246575,0.496097045677705,0.457054469023106,0,0.9213005257847
50,2,1.81095890410959,0.496933357439218,0.450958134443054,0,0.90748211544284
50,2,1.97534246575342,0.495139128426828,0.444455850050458,0,0.897638309181093
50,2,2.13972602739726,0.495815279223862,0.437823351015163,0,0.883037230519644
50,2,2.3041095890411,0.495232640085117,0.432865847674185,0,0.874065666592143
50,2,2.46849315068493,0.494511533631415,0.427514549504167,0,0.864518864433233
50,2,2.63287671232877,0.494163437843215,0.423450664214087,0,0.85690407623487
50,2,2.7972602739726,0.494058525651805,0.417892026946868,0,0.845835068619753
50,2,2.96164383561644,0.493102702284542,0.412441489783255,0,0.836421069834774
50,2,3.12602739726027,0.491434217932692,0.406748933394704,0,0.827677273075873
50,2,3.29041095890411,0.491828437116301,0.402814207850511,0,0.819013658934201
50,2,3.45479452054795,0.492031840360917,0.397528020346241,0,0.807931494950905
50,2,3.61917808219178,0.492706303995194,0.392794756063766,0,0.7972188560989
50,2,3.78356164383562,0.491870364955031,0.38767273472507,0,0.788160381974858
50,2,3.94794520547945,0.490973247159106,0.383666075101918,0,0.781439879508519
50,2,4.11232876712329,0.490685000086598,0.379197510559885,0,0.772792138526676
50,2,4.27671232876712,0.489542354080905,0.374497013029429,0,0.764994100934395
50,2,4.44109589041096,0.487777915339956,0.369314885723738,0,0.757137365406026
50,2,4.60547945205479,0.486946403788911,0.364537548644766,0,0.748619449303483
50,2,4.76986301369863,0.485617010579917,0.360803952423481,0,0.742980465187194
50,2,4.93424657534247,0.486109215917586,0.356304109001782,0,0.732971310427056
50,2,5.0986301369863,0.485655495738351,0.352317911306176,0,0.725448212565866
50,2,5.26301369863014,0.484534712698267,0.347958399289685,0,0.718128939311657
50,2,5.42739726027397,0.485051627089595,0.344538391799063,0,0.7103128255983
50,2,5.59178082191781,0.485729484448085,0.340689477353616,0,0.701397564409184
50,2,5.75616438356164,0.48490044497235,0.338677601379803,0,0.69844770177333
50,2,5.92054794520548,0.484299323811769,0.336047973300046,0,0.693884869908793
50,2,6.08493150684932,0.485094193188418,0.33198973980655,0,0.684382011717052
50,2,6.24931506849315,0.48531076608486,0.328879894524301,0,0.677668655854204
50,2,6.41369863013699,0.484503914519882,0.325052837456055,0,0.67089826875427
50,2,6.57808219178082,0.484980131612723,0.322658308479092,0,0.665302117441685
50,2,6.74246575342466,0.485313131733628,0.319470611821134,0,0.658277287243242
50,2,6.90684931506849,0.485313140633944,0.316326462535056,0,0.651798676050379
50,2,7.07123287671233,0.483576510860634,0.313676770691643,0,0.648660064429896
50,2,7.23561643835616,0.48357432938266,0.310923582876808,0,0.642969578789964
50,2,7.4,0.483909308853165,0.308095088783175,0,0.636679400760736
50,2,7.56438356164384,0.484806108071191,0.304756291612208,0,0.628614793705232
50,2,7.72876712328767,0.484341974299285,0.301715656776092,0,0.622939313101235
50,2,7.89315068493151,0.484827686026937,0.299162609401241,0,0.617049351807479
50,2,8.05753424657534,0.483986061634343,0.297582535635877,0,0.614857656501489
50,2,8.22191780821918,0.484503058913913,0.295198085481057,0,0.609280127441895
50,2,8.38630136986301,0.485135043575409,0.292704441129331,0,0.603346315640529
50,2,8.55068493150685,0.485928143201736,0.29154842044623,0,0.599982578751756
50,2,8.71506849315069,0.486286165785103,0.289338824932709,0,0.594997031152583
50,2,8.87945205479452,0.486101167759193,0.286754754345869,0,0.589907561151803
50,2,9.04383561643836,0.485757080106132,0.284165065622793,0,0.584994181784661
50,2,9.20821917808219,0.485009009452211,0.282925251050867,0,0.583340196856165
50,2,9.37260273972603,0.484573812216114,0.281544396711283,0,0.581014470063269
50,2,9.53698630136986,0.485001319058808,0.279511397626006,0,0.576310592656581
50,2,9.7013698630137,0.484801457463931,0.27809201713342,0,0.573620423065889
50,2,9.86575342465753,0.485051568312908,0.275301436056787,0,0.567571479078672
50,2,10.0301369863014,0.484093550388847,0.273429668521261,0,0.564828158321113
50,2,10.1945205479452,0.482199750105517,0.271740711163497,0,0.563543865595187
50,2,10.358904109589,0.482649422979205,0.269578743207943,0,0.558539449905356
50,2,10.5232876712329,0.482894897871368,0.267494097847713,0,0.55393854651777
50,2,10.6876712328767,0.482506945270433,0.265293299951752,0,0.549822759137823
50,2,10.8520547945205,0.482849811715844,0.263394055249276,5e-04,0.545498929187287
50,2,11.0164383561644,0.483671728229738,0.261416198911327,5e-04,0.540482694467429
50,2,11.1808219178082,0.483673593399283,0.259290668964433,5e-04,0.536086055767743
50,2,11.3452054794521,0.483244887086562,0.257946559327194,0.001,0.533780214173252
50,2,11.5095890410959,0.482756757708854,0.256122280564865,0.001,0.530541057116242
50,2,11.6739726027397,0.482999099383239,0.255408625114063,0.0015,0.52879731129976
50,2,11.8383561643836,0.4830366102612,0.254084383558874,0.002,0.526014753667386
50,2,12.0027397260274,0.482690413530521,0.252437853880365,0.0025,0.522980873048566
50,2,12.1671232876712,0.482048294998844,0.249974665082647,0.0025,0.518567678127037
50,2,12.3315068493151,0.482026880652885,0.248259176775259,0.003,0.51503180992521
50,2,12.4958904109589,0.482192635195223,0.246563579955744,0.003,0.511338336505117
50,2,12.6602739726027,0.482407495625065,0.245448329734889,0.003,0.508798747865342
50,2,12.8246575342466,0.481849384512765,0.243741562619927,0.0035,0.505845956130862
50,2,12.9890410958904,0.481547377732939,0.242382488188951,0.005,0.503340895199255
50,2,13.1534246575342,0.481157190593446,0.241377821268217,0.0065,0.501661049626024
50,2,13.3178082191781,0.480405705546375,0.239954759857572,0.0065,0.499483576250759
50,2,13.4821917808219,0.479344283577371,0.23883087412361,0.0075,0.49824496151535
50,2,13.6465753424658,0.479660075277228,0.236574847546627,0.0075,0.493213547969142
50,2,13.8109589041096,0.47999010414235,0.235397555597268,0.008,0.490421684875938
50,2,13.9753424657534,0.479486925164381,0.234341471454166,0.0085,0.488733809318841
50,2,14.1397260273973,0.479600403526731,0.233342209087747,0.0095,0.486534638778179
50,2,14.3041095890411,0.478762961691578,0.232424253099917,0.01,0.485468325032308
50,2,14.4684931506849,0.479580938927372,0.231672611951741,0.01,0.483073018852457
50,2,14.6328767123288,0.479226725904996,0.230394369891958,0.0105,0.480762773522011
50,2,14.7972602739726,0.479251206419962,0.228865039505039,0.0105,0.477547132775472
50,2,14.9616438356164,0.479696892028291,0.227767582520496,0.011,0.474815631090357
50,2,15.1260273972603,0.479737988597609,0.226514521634368,0.013,0.472162986918183
50,2,15.2904109589041,0.480644426518146,0.22438135716522,0.0155,0.466834409774954
50,2,15.4547945205479,0.48064375209274,0.223618738299595,0.0165,0.465248403471285
50,2,15.6191780821918,0.481601136004144,0.222844163107619,0.018,0.462715194064038
50,2,15.7835616438356,0.48148605207014,0.221418625473731,0.019,0.459865087517584
50,2,15.9479452054795,0.481418884991856,0.219964564841025,0.0195,0.456908882676562
50,2,16.1123287671233,0.48167653450582,0.218667201346808,0.0215,0.453971048374095
50,2,16.2767123287671,0.481390826558026,0.217572930223469,0.0225,0.45196733759787
50,2,16.441095890411,0.480609649539337,0.217209950401341,0.0235,0.451946711035735
50,2,16.6054794520548,0.481011095525389,0.215497745075304,0.0245,0.448009925508941
50,2,16.7698630136986,0.481488798759586,0.214304509677561,0.0245,0.44508721745896
50,2,16.9342465753425,0.480536310741623,0.214422601950333,0.0265,0.446215191562547
50,2,17.0986301369863,0.480525516966628,0.213682730663301,0.0265,0.444685501848472
50,2,17.2630136986301,0.480016645295408,0.212554042025652,0.027,0.442805565408766
50,2,17.427397260274,0.480273484868659,0.211736218292554,0.0275,0.44086593360543
50,2,17.5917808219178,0.480366823696075,0.210896550398079,0.028,0.439032297808127
50,2,17.7561643835616,0.481043279999915,0.210122063411753,0.029,0.436804903317202
50,2,17.9205479452055,0.480639763337157,0.209612915003605,0.03,0.436112304875131
50,2,18.0849315068493,0.479534045746794,0.208422812178429,0.0325,0.434636109838344
50,2,18.2493150684931,0.479025449492623,0.208052801126466,0.033,0.434325151924251
50,2,18.413698630137,0.478829923691768,0.206198194770852,0.034,0.43062929981708
50,2,18.5780821917808,0.476660641754109,0.205201882011011,0.0355,0.430498900131275
50,2,18.7424657534247,0.476727240545772,0.204992253481759,0.0365,0.429999035186406
50,2,18.9068493150685,0.476538820491576,0.204733931252336,0.038,0.429626973603412
50,2,19.0712328767123,0.475827796791117,0.203581315074855,0.0395,0.427846621083856
50,2,19.2356164383562,0.475768104051999,0.20285534102321,0.0415,0.426374402351779
50,2,19.4,0.474170308827005,0.202180386201349,0.042,0.426387697495231
50,2,19.5643835616438,0.474819346206382,0.201726134369898,0.044,0.424848178536973
50,2,19.7287671232877,0.474787037980843,0.2012022517612,0.045,0.423773683074554
50,2,19.8931506849315,0.473807190383102,0.200800649141597,0.046,0.423802452173082
50,2,20.0575342465753,0.474707061648845,0.201544906162986,0.047,0.424566901244193
50,2,20.2219178082192,0.475095929642215,0.200906962275694,0.048,0.422876622889597
50,2,20.386301369863,0.4755165336601,0.199849650282626,0.05,0.420279077878454
50,2,20.5506849315069,0.474716953914621,0.199630364970395,0.0515,0.420525037760289
50,2,20.7150684931507,0.473976909418763,0.198816608695504,0.052,0.419464756077067
50,2,20.8794520547945,0.474575269206522,0.198458567420492,0.052,0.418181435691561
50,2,21.0438356164384,0.474526979268493,0.197813040258076,0.0525,0.416863632417728
50,2,21.2082191780822,0.474755221592384,0.197791380708403,0.054,0.416617599370446
50,2,21.372602739726,0.474842355120358,0.196854835178395,0.0545,0.414568820695235
50,2,21.5369863013699,0.476068963996895,0.196044750228087,0.0555,0.411799056553002
50,2,21.7013698630137,0.47638306726624,0.195068914203916,0.0575,0.409479109581568
50,2,21.8657534246575,0.476779361619326,0.194905167219994,0.059,0.40879531059822
50,2,22.0301369863014,0.477596323140033,0.194762982663235,0.0615,0.407798329314462
50,2,22.1945205479452,0.476958507598663,0.194678101241596,0.063,0.408165696051296
50,2,22.358904109589,0.477330669821503,0.194343560772255,0.065,0.407146603097869
50,2,22.5232876712329,0.477005713546016,0.193223531668424,0.066,0.405075927145649
50,2,22.6876712328767,0.47656400015008,0.191388927017914,0.0685,0.401601730213867
50,2,22.8520547945205,0.476842195410453,0.190724597379339,0.07,0.39997424559957
50,2,23.0164383561644,0.476184444819697,0.190220221343259,0.071,0.399467524428028
50,2,23.1808219178082,0.476760637943403,0.189434965295724,0.0725,0.397337678951197
50,2,23.3452054794521,0.476990969902086,0.188705238111883,0.074,0.395615955058058
50,2,23.5095890410959,0.477352494566498,0.188185000298245,0.0755,0.394226493922783
50,2,23.6739726027397,0.478737974399964,0.187435174558558,0.0765,0.391519337469487
50,2,23.8383561643836,0.477995038250785,0.187130776684741,0.0775,0.391491044278499
50,2,24.0027397260274,0.478473502064177,0.186940010327457,0.078,0.39070086331005
50,2,24.1671232876712,0.478514852720707,0.185754303376361,0.081,0.388189211516031
50,2,24.3315068493151,0.478241692158432,0.18532760487138,0.082,0.387518712630317
50,2,24.4958904109589,0.478140900058824,0.184614987781897,0.083,0.386110010164753
50,2,24.6602739726027,0.476643204848043,0.18359456126233,0.083,0.385182374142648
50,2,24.8246575342466,0.476209333098281,0.182912272622837,0.085,0.384100562315287
50,2,24.9890410958904,0.476923676942117,0.181976582742262,0.0855,0.381563322477587
50,2,25.1534246575342,0.476099171581875,0.181513296603997,0.0865,0.381251023816962
50,2,25.3178082191781,0.475249277688528,0.180963092895412,0.088,0.380775103490033
50,2,25.4821917808219,0.475899008434989,0.18018450915313,0.09,0.378619215336618
50,2,25.6465753424658,0.47645529249505,0.178850616049467,0.0915,0.375377540908153
50,2,25.8109589041096,0.476567080333679,0.177468327898016,0.0925,0.372388977798797
50,2,25.9753424657534,0.476060217608735,0.177189042079563,0.0935,0.372198800751698
50,2,26.1397260273973,0.475741051833608,0.176975445739087,0.0955,0.371999525912227
50,2,26.3041095890411,0.476255825483162,0.175835893729654,0.096,0.369204709572358
50,2,26.4684931506849,0.476436313874707,0.175517541506587,0.0975,0.368396649027774
50,2,26.6328767123288,0.475419527355103,0.17509796099558,0.1,0.368301996280423
50,2,26.7972602739726,0.475999372956051,0.175104998310194,0.1005,0.367868128108566
50,2,26.9616438356164,0.476178353489908,0.174996419507872,0.1025,0.367501836707452
50,2,27.1260273972603,0.476154951089774,0.174607361705186,0.1035,0.366702816605315
50,2,27.2904109589041,0.476444861637493,0.174750957357171,0.1055,0.366781072539159
50,2,27.4547945205479,0.477270507097039,0.174188027794875,0.1085,0.364967089322909
50,2,27.6191780821918,0.47637674361095,0.174344286120345,0.109,0.365979843597758
50,2,27.7835616438356,0.477291222819463,0.174215945306075,0.1105,0.365009740336189
50,2,27.9479452054795,0.477560699817612,0.173572693349616,0.1125,0.363456820077335
50,2,28.1123287671233,0.47841429419123,0.173686168892432,0.114,0.363045525606738
50,2,28.2767123287671,0.478021688657082,0.172899699241662,0.1165,0.36169844035193
50,2,28.441095890411,0.478199708918523,0.172993974360256,0.1175,0.361760936140033
50,2,28.6054794520548,0.477804948328102,0.171853191108822,0.119,0.35967227152033
50,2,28.7698630136986,0.478858671955073,0.171611246908866,0.1225,0.358375564565252
50,2,28.9342465753425,0.478011854506815,0.17159888269076,0.124,0.35898457553486
50,2,29.0986301369863,0.478098569465676,0.171319121969845,0.1265,0.358334312025471
50,2,29.2630136986301,0.477094030721658,0.171906417461211,0.1275,0.360319782666708
50,2,29.427397260274,0.477411886389531,0.171990549299988,0.129,0.360256110505923
50,2,29.5917808219178,0.476931099832093,0.171098520667891,0.13,0.358748927734273
50,2,29.7561643835616,0.476905878523338,0.170082789940852,0.1335,0.356638065497297
50,2,29.9205479452055,0.47682577727258,0.169715275155717,0.135,0.355927223831061
50,2,30.0849315068493,0.476585116467165,0.168973510225129,0.136,0.354550539634341
50,2,30.2493150684931,0.475724116731538,0.169033935329413,0.1375,0.355319247825317
50,2,30.413698630137,0.475591528790436,0.167614288607807,0.139,0.352433292985891
50,2,30.5780821917808,0.47537343409256,0.167768958895478,0.1415,0.352920350325701
50,2,30.7424657534247,0.476498884384152,0.167286547311085,0.1415,0.351074373505182
50,2,30.9068493150685,0.475922048503683,0.167015596685395,0.1425,0.350930571950802
50,2,31.0712328767123,0.474566890387909,0.16594718421655,0.1425,0.349681335924858
50,2,31.2356164383562,0.47512499183446,0.164966307864079,0.146,0.347206126175647
50,2,31.4,0.475678474195228,0.164459562210376,0.149,0.345736818317489
50,2,31.5643835616438,0.475858461385758,0.1633380121452,0.15,0.343249149483525
50,2,31.7287671232877,0.476059107198177,0.162914085515597,0.1505,0.34221398782689
50,2,31.8931506849315,0.47712964244504,0.162184751986505,0.153,0.339917577024545
50,2,32.0575342465753,0.477131673109453,0.161793910983955,0.154,0.339096983290899
50,2,32.2219178082192,0.477598799227529,0.161298382053904,0.156,0.337727779707128
50,2,32.386301369863,0.477975955683048,0.161417559649099,0.157,0.337710626925628
50,2,32.5506849315069,0.478013984197894,0.160822579406358,0.159,0.336439068150314
50,2,32.7150684931507,0.478540584951651,0.160228973948403,0.161,0.334828390709204
50,2,32.8794520547945,0.478360368262074,0.159475311873977,0.1615,0.333379022291009
50,2,33.0438356164384,0.478246322933994,0.159299403542579,0.1635,0.33309070222494
50,2,33.2082191780822,0.476805650871602,0.159146541770794,0.167,0.333776542874174
50,2,33.372602739726,0.476756091219829,0.158778780102672,0.1695,0.333039856284627
50,2,33.5369863013699,0.475606484493515,0.158073526619212,0.1705,0.332362008872836
50,2,33.7013698630137,0.475277855933062,0.158212739108751,0.173,0.332884726552532
50,2,33.8657534246575,0.475394077059464,0.157948229455459,0.173,0.33224694432973
50,2,34.0301369863014,0.475468461117703,0.157555933621248,0.1735,0.331369894126889
50,2,34.1945205479452,0.475595429009204,0.15757825632136,0.175,0.33132836589628
50,2,34.358904109589,0.474618493904163,0.156706807558705,0.176,0.330174254841295
50,2,34.5232876712329,0.474877321908909,0.156431608021975,0.1795,0.329414778943649
50,2,34.6876712328767,0.475317209236364,0.155983390082481,0.1795,0.328166931580451
50,2,34.8520547945205,0.47621928267569,0.155401073120273,0.182,0.326322513122811
50,2,35.0164383561644,0.47625501963768,0.154776379032869,0.1845,0.324986346916864
50,2,35.1808219178082,0.476249826684541,0.154732267692324,0.186,0.324897268245761
50,2,35.3452054794521,0.475615860774669,0.153742168739026,0.188,0.323248615991518
50,2,35.5095890410959,0.475737645936768,0.153851578250441,0.189,0.323395845513748
50,2,35.6739726027397,0.475273769005946,0.153267293593454,0.1895,0.322482122070442
50,2,35.8383561643836,0.474827965818708,0.152579368589348,0.192,0.321336103964027
50,2,36.0027397260274,0.474958788545955,0.152227439184925,0.195,0.320506626797992
50,2,36.1671232876712,0.474305142580728,0.151737540168032,0.198,0.319915443763516
50,2,36.3315068493151,0.475038654977044,0.150990565959666,0.2005,0.317849009502107
50,2,36.4958904109589,0.475982205748529,0.151152141482353,0.202,0.317558386966695
50,2,36.6602739726027,0.475295671028217,0.151359856942136,0.2035,0.318454103768073
50,2,36.8246575342466,0.475222425368955,0.151094279763265,0.206,0.317944338687211
50,2,36.9890410958904,0.475479920811865,0.151278698047589,0.2075,0.318160013548598
50,2,37.1534246575342,0.475621166976001,0.150963320860712,0.21,0.317402444093345
50,2,37.3178082191781,0.474842250037823,0.150711440740891,0.211,0.317392651409782
50,2,37.4821917808219,0.47519878593435,0.150242541624728,0.2125,0.316167772460354
50,2,37.6465753424658,0.47590536167595,0.150213104563191,0.2145,0.315636503934731
50,2,37.8109589041096,0.475238626884436,0.149661418080991,0.2165,0.314918463303665
50,2,37.9753424657534,0.474600122838578,0.149521738523559,0.217,0.315047829379544
50,2,38.1397260273973,0.474209963098915,0.148942063872148,0.2185,0.31408463647374
50,2,38.3041095890411,0.475330786120938,0.148095360569088,0.2205,0.311562736715749
50,2,38.4684931506849,0.475515937681103,0.147480277735082,0.222,0.310147917342757
50,2,38.6328767123288,0.47717001373221,0.147114095883333,0.223,0.30830540823945
50,2,38.7972602739726,0.47737991464697,0.146495458132435,0.223,0.306873945965596
50,2,38.9616438356164,0.476663911631792,0.146322078848064,0.225,0.306971170414707
50,2,39.1260273972603,0.477730783484638,0.14570489317898,0.2255,0.304993729137962
50,2,39.2904109589041,0.477841504516727,0.144959880699574,0.227,0.303363938312938
50,2,39.4547945205479,0.476951979003583,0.145192006390917,0.2285,0.304416404129914
50,2,39.6191780821918,0.479050181383022,0.144724522532004,0.2295,0.302107228337087
50,2,39.7835616438356,0.479002526085639,0.144322525704084,0.232,0.301298047180405
50,2,39.9479452054794,0.478671982471865,0.143337083863501,0.2335,0.299447406809372
50,2,40.1123287671233,0.478360209372391,0.142929714349268,0.235,0.298790977068916
50,2,40.2767123287671,0.477075342774194,0.142178095510558,0.2375,0.29802021350295
50,2,40.441095890411,0.478483439622547,0.142162960922235,0.238,0.297111559460407
50,2,40.6054794520548,0.477636118446729,0.141492706206105,0.239,0.29623535729718
50,2,40.7698630136986,0.477108099783202,0.142029262179933,0.2415,0.297687803339477
50,2,40.9342465753425,0.477403675114349,0.141788885939952,0.2435,0.2969999883348
50,2,41.0986301369863,0.476858503663655,0.141296949018698,0.245,0.29630791510087
50,2,41.2630136986301,0.477383000408547,0.14119796263384,0.2455,0.295775011914966
50,2,41.427397260274,0.477654607363969,0.140913192705192,0.2465,0.295010642696087
50,2,41.5917808219178,0.477590802383106,0.140986145759294,0.248,0.295202807624841
50,2,41.7561643835616,0.476887632070964,0.140472568928093,0.249,0.29456114917065
50,2,41.9205479452055,0.477173922350681,0.140100721289884,0.2515,0.293605150507202
50,2,42.0849315068493,0.477504716703619,0.139806122061386,0.256,0.29278479807805
50,2,42.2493150684932,0.47794614883833,0.139418221349085,0.256,0.291702782181523
50,2,42.413698630137,0.477858485615589,0.138913917214245,0.258,0.290700953097637
50,2,42.5780821917808,0.477006468241909,0.138659208530667,0.2605,0.290686222855049
50,2,42.7424657534247,0.477934051569156,0.138552496698503,0.262,0.289898776292684
50,2,42.9068493150685,0.478821704061301,0.138328215510515,0.2625,0.288892951880071
50,2,43.0712328767123,0.479662935367045,0.137722675355044,0.264,0.287123863864229
50,2,43.2356164383562,0.479517725956087,0.137780115216074,0.2665,0.287330598553705
50,2,43.4,0.478547369308281,0.137178022291944,0.2705,0.286655054629657
50,2,43.5643835616438,0.478222643099325,0.137119201670429,0.2725,0.28672670282145
50,2,43.7287671232877,0.477583469583061,0.136370709477326,0.2745,0.285543194358004
50,2,43.8931506849315,0.476982514593367,0.136339865327546,0.2765,0.285838287895683
50,2,44.0575342465753,0.477282012791057,0.135537913412724,0.279,0.28397867462074
50,2,44.2219178082192,0.477851105626101,0.135204540830011,0.281,0.282942823063808
50,2,44.386301369863,0.477993564356855,0.134989768008585,0.284,0.28240917467208
50,2,44.5506849315069,0.477834806056928,0.13383405276929,0.2865,0.280084353573325
50,2,44.7150684931507,0.478540432407124,0.133480541270829,0.2875,0.278932629787212
50,2,44.8794520547945,0.477954353279158,0.132820301985836,0.291,0.277893278039169
50,2,45.0438356164384,0.478500037190263,0.131878927036582,0.293,0.275609021497617
50,2,45.2082191780822,0.477019576535248,0.131261814660656,0.2945,0.27517070811654
50,2,45.372602739726,0.477616063228698,0.130831293635163,0.2955,0.273925656416871
50,2,45.5369863013699,0.477769800907339,0.130949931421697,0.2995,0.27408582788826
50,2,45.7013698630137,0.477286555870121,0.131289556692487,0.3015,0.275074910612428
50,2,45.8657534246575,0.477003410036152,0.130739682052361,0.3035,0.274085424342044
50,2,46.0301369863014,0.477331343106744,0.130851254767189,0.306,0.27413086665446
50,2,46.1945205479452,0.476466383534048,0.131051422618101,0.3065,0.275048622834766
50,2,46.358904109589,0.476543590345905,0.130463213272284,0.3095,0.27376973673612
50,2,46.5232876712329,0.477159148650694,0.130133368822109,0.311,0.27272529341646
50,2,46.6876712328767,0.476383142717173,0.129445274664266,0.3125,0.271725136884446
50,2,46.8520547945205,0.476339690318434,0.129081294415442,0.315,0.270985804960219
50,2,47.0164383561644,0.475051489270043,0.128944735693653,0.317,0.271433178520895
50,2,47.1808219178082,0.47489920113012,0.128537418778225,0.319,0.270662528958449
50,2,47.3452054794521,0.474061319103568,0.128470998339471,0.3205,0.271000803403248
50,2,47.5095890410959,0.473179651286428,0.128240338414565,0.321,0.271018286745678
50,2,47.6739726027397,0.474116030564202,0.127409477851947,0.321,0.268730584157488
50,2,47.8383561643836,0.473931315817634,0.127214622912098,0.3215,0.268424175964455
50,2,48.0027397260274,0.474290218473837,0.12682873282892,0.3215,0.267407439345951
50,2,48.1671232876712,0.474816519857565,0.125853302209251,0.323,0.265056704949956
50,2,48.3315068493151,0.475437698052857,0.125975343733554,0.3245,0.264967090850143
50,2,48.4958904109589,0.474507282243741,0.125854421252117,0.3255,0.265231801410941
50,2,48.6602739726027,0.474917282308776,0.125824906461759,0.327,0.264940677353476
50,2,48.8246575342466,0.474217387408597,0.125375987746972,0.3285,0.264385050139346
50,2,48.9890410958904,0.474478257885817,0.125165921810141,0.3295,0.263796959565347
50,2,49.1534246575342,0.474297877431363,0.125056368595216,0.3305,0.263666304543633
50,2,49.3178082191781,0.47324167880611,0.12505875636415,0.331,0.264259810504535
50,2,49.4821917808219,0.474149729068104,0.1241771848946,0.332,0.261894455025121
50,2,49.6465753424658,0.475037587266755,0.123585844915705,0.3345,0.260160139383467
50,2,49.8109589041096,0.474074265525797,0.123501435909941,0.3355,0.26051073616697
50,2,49.9753424657534,0.475125573134677,0.123528520069773,0.3355,0.259991309781084
100,2,0.00273972602739726,0.500088914183823,0.499978902646059,0,0.999780016043861
100,2,0.167123287671233,0.50058006132956,0.499327048010735,0,0.997496877291721
100,2,0.331506849315069,0.50069459258776,0.499132764355922,0,0.996880676853797
100,2,0.495890410958904,0.50078107134213,0.496414015309243,0,0.991279510582973
100,2,0.66027397260274,0.500379241111116,0.493787890499552,0,0.986827290043192
100,2,0.824657534246575,0.501065488832936,0.489507876720656,0,0.976933929057457
100,2,0.989041095890411,0.500824760538919,0.483862334894188,0,0.966131016313014
100,2,1.15342465753425,0.500843310927031,0.478762067297682,0,0.955911872740241
100,2,1.31780821917808,0.500961911607948,0.472879151060505,0,0.943942323963702
100,2,1.48219178082192,0.501616759625338,0.466753142775539,0,0.930497503959319
100,2,1.64657534246575,0.500896582980027,0.459346537476393,0,0.917048654521784
100,2,1.81095890410959,0.501038549355473,0.452724280242457,0,0.903571752762004
100,2,1.97534246575342,0.500250048549919,0.447088901030771,0,0.893730849855493
100,2,2.13972602739726,0.500104195062978,0.44088463952004,0,0.881585565313082
100,2,2.3041095890411,0.499871909714758,0.434961635022346,0,0.870146184590665
100,2,2.46849315068493,0.500334006060373,0.428933777953002,0,0.857294872540095
100,2,2.63287671232877,0.499705635915774,0.423440491432626,0,0.847379859257775
100,2,2.7972602739726,0.498659929171055,0.418813018448779,0,0.839877026303259
100,2,2.96164383561644,0.498932715563287,0.413924307230314,0,0.829619494410183
100,2,3.12602739726027,0.498204780309258,0.408565630699256,0,0.820075693464125
100,2,3.29041095890411,0.49862441058787,0.403815650607558,0,0.809859369162183
100,2,3.45479452054795,0.497806947545306,0.399181172989539,0,0.801879473474421
100,2,3.61917808219178,0.497517156868699,0.394513918915456,0,0.792965455500006
100,2,3.78356164383562,0.49744704183467,0.389533196875858,0,0.783064656368631
100,2,3.94794520547945,0.497498958402748,0.385841468960988,0,0.775562365396215
100,2,4.11232876712329,0.49797707959036,0.381744304287255,0,0.766590110133745
100,2,4.27671232876712,0.497052459819093,0.377475893870407,0,0.759428680843452
100,2,4.44109589041096,0.497645829808933,0.373249332312888,0,0.750030061451926
100,2,4.60547945205479,0.49769960647354,0.369591425020168,0,0.742599391707209
100,2,4.76986301369863,0.497806236242184,0.366259141676187,0,0.735746390886917
100,2,4.93424657534247,0.497201147554128,0.362185739662968,0,0.728449122542578
100,2,5.0986301369863,0.496593469090783,0.358267689218952,0,0.721450666427222
100,2,5.26301369863014,0.49636584505915,0.354475350885239,0,0.714141302053121
100,2,5.42739726027397,0.496818681229415,0.35089967034173,0,0.706293228494151
100,2,5.59178082191781,0.496556254356127,0.347154190274428,0,0.699123588171445
100,2,5.75616438356164,0.496158826727051,0.344181189896482,0,0.693691558743193
100,2,5.92054794520548,0.496247033052418,0.340298015011,0,0.685743172947203
100,2,6.08493150684932,0.496112898245179,0.33730994436958,0,0.67990561334465
100,2,6.24931506849315,0.495395939182264,0.334440625961357,0,0.675097633043598
100,2,6.41369863013699,0.494503311489357,0.331374340836764,0,0.670115514168596
100,2,6.57808219178082,0.49479122496039,0.327778988006717,0,0.662459177672273
100,2,6.74246575342466,0.494561303957038,0.324144142689005,0,0.655417518708991
100,2,6.90684931506849,0.494857881389084,0.321466165568828,0,0.649613106426558
100,2,7.07123287671233,0.494717309913256,0.318311138168855,0,0.643420255953177
100,2,7.23561643835616,0.495344471072978,0.316160662889277,0,0.638264241053167
100,2,7.4,0.495262632374334,0.313821376717333,0,0.633646385177184
100,2,7.56438356164384,0.495353085543564,0.311832105020374,0,0.62951481301099
100,2,7.72876712328767,0.495492461061229,0.309016092112373,0,0.623654477911799
100,2,7.89315068493151,0.495371449673785,0.306220950726404,0,0.618164310696667
100,2,8.05753424657534,0.495384289729119,0.303715530193623,0,0.613090759013972
100,2,8.22191780821918,0.494708117693596,0.300710412698911,0,0.60785421128901
100,2,8.38630136986301,0.494703023321989,0.298254973064615,0,0.602897008920216
100,2,8.55068493150685,0.493211445692953,0.296354676598735,0,0.600867395083182
100,2,8.71506849315069,0.493715455747837,0.293765160920332,0,0.59500904316508
100,2,8.87945205479452,0.49390899858888,0.291486544309955,0,0.590162449242158
100,2,9.04383561643836,0.493625786202713,0.288891738503153,0,0.585244423160089
100,2,9.20821917808219,0.49406010121468,0.286842941919416,0,0.580583093462099
100,2,9.37260273972603,0.493127139455568,0.285264164635577,0,0.578479953365617
100,2,9.53698630136986,0.492498143764304,0.283235824636285,0,0.575100288645623
100,2,9.7013698630137,0.491969030705847,0.281141647681899,0,0.571462084266837
100,2,9.86575342465753,0.491891528305437,0.279055314751617,0,0.567310674597224
100,2,10.0301369863014,0.49149904294095,0.27733350099983,0,0.564260510743557
100,2,10.1945205479452,0.491885138018676,0.27545093831096,0,0.559990365678626
100,2,10.358904109589,0.491391704275907,0.274036985101086,0,0.557675236916942
100,2,10.5232876712329,0.491039531769886,0.272580902493656,0,0.55510989412843
100,2,10.6876712328767,0.49139068604631,0.271349051551046,0,0.552206338574096
100,2,10.8520547945205,0.490659108075857,0.269664622214119,0,0.549596691013485
100,2,11.0164383561644,0.489976935830682,0.268317859695327,0,0.547613244775357
100,2,11.1808219178082,0.489311528377264,0.267329635189145,0,0.54633831349878
100,2,11.3452054794521,0.488743247758167,0.265915791065792,0,0.544080746456406
100,2,11.5095890410959,0.488706215389314,0.264413014939453,0,0.541046965667945
100,2,11.6739726027397,0.488888719394364,0.262776861450473,0,0.537498312041239
100,2,11.8383561643836,0.489064434269226,0.260996865759546,0,0.533665602058214
100,2,12.0027397260274,0.489419968999383,0.259356275701776,0,0.529925814494306
100,2,12.1671232876712,0.489948639410079,0.257961779641391,0,0.526507798760273
100,2,12.3315068493151,0.490099613401156,0.256557985277663,0,0.523481305151868
100,2,12.4958904109589,0.489584105161951,0.255249001574387,0,0.521358840867501
100,2,12.6602739726027,0.488965916379799,0.253407413165471,0,0.518251691327783
100,2,12.8246575342466,0.488655340559736,0.25203301975164,0,0.515768474898781
100,2,12.9890410958904,0.488404194839284,0.250462109075579,0,0.512817276596072
100,2,13.1534246575342,0.488748604613481,0.249481909743325,0,0.510450377532277
100,2,13.3178082191781,0.489553657231755,0.248285218496556,0,0.507166507345726
100,2,13.4821917808219,0.489159102280864,0.247069983228227,0,0.505091251652444
100,2,13.6465753424658,0.489067566715128,0.246397576826005,0,0.503810912019702
100,2,13.8109589041096,0.488711585684081,0.245386752826363,0,0.502109546846285
100,2,13.9753424657534,0.489253174704925,0.24425911780925,0,0.499248917406752
100,2,14.1397260273973,0.489529293802591,0.242921363203881,0,0.49623457937911
100,2,14.3041095890411,0.489369722960311,0.242017188286173,0,0.494548757169027
100,2,14.4684931506849,0.48981220190559,0.240993024330211,0,0.49201106749207
100,2,14.6328767123288,0.490010691150552,0.2400231698128,0,0.489832516203315
100,2,14.7972602739726,0.489772053413238,0.239346047117127,0,0.488688657201073
100,2,14.9616438356164,0.489982520414451,0.238402493748516,0,0.486553058151673
100,2,15.1260273972603,0.489871928677081,0.237724110379922,0,0.485278082828517
100,2,15.2904109589041,0.489479176523634,0.237223842294306,0,0.484645422465388
100,2,15.4547945205479,0.489942073957532,0.236120918714907,0,0.48193639874124
100,2,15.6191780821918,0.489595306835381,0.235370923593722,0,0.480745873801568
100,2,15.7835616438356,0.489665913605297,0.234728275456153,0,0.479364131613539
100,2,15.9479452054795,0.490467579958268,0.233631789885083,0,0.47634502142825
100,2,16.1123287671233,0.491053211027677,0.232772921435992,0,0.474027898013016
100,2,16.2767123287671,0.490104831930126,0.231710078687115,0,0.472776564504775
100,2,16.441095890411,0.490241354170035,0.231442743662207,5e-04,0.472099592769022
100,2,16.6054794520548,0.490079625858226,0.231514448344495,5e-04,0.472401699905535
100,2,16.7698630136986,0.490716441026466,0.230987354495034,5e-04,0.470714521021267
100,2,16.9342465753425,0.490851416715453,0.23051799761396,5e-04,0.469628872941793
100,2,17.0986301369863,0.490584746309623,0.229679604104486,5e-04,0.468175184475727
100,2,17.2630136986301,0.490995031735839,0.229077408260798,5e-04,0.466557487253851
100,2,17.427397260274,0.490543729604475,0.228224200097659,5e-04,0.465247410830583
100,2,17.5917808219178,0.490702919474289,0.227286770519854,5e-04,0.463186097941615
100,2,17.7561643835616,0.491164340911961,0.22578554094955,5e-04,0.459694489486607
100,2,17.9205479452055,0.489809169939273,0.224462806039902,0.001,0.458265830481962
100,2,18.0849315068493,0.48986555415349,0.223735011704521,0.001,0.45672738123248
100,2,18.2493150684931,0.490350976420865,0.223554543565522,0.001,0.455907205890107
100,2,18.413698630137,0.490078701629993,0.223255014513071,0.001,0.455549310285325
100,2,18.5780821917808,0.49029949358949,0.222468004602393,0.001,0.453739005467252
100,2,18.7424657534247,0.4907991016926,0.22214719614453,0.001,0.452623477464444
100,2,18.9068493150685,0.489981992820876,0.221677340000146,0.001,0.45241936080942
100,2,19.0712328767123,0.489517377679851,0.221234213261779,0.0015,0.451943533261997
100,2,19.2356164383562,0.490216309535031,0.220379864100824,0.0015,0.44955636892182
100,2,19.4,0.48941079024758,0.219234563743091,0.0015,0.447956130334163
100,2,19.5643835616438,0.489509256881842,0.218436474905299,0.0015,0.446235636679749
100,2,19.7287671232877,0.488862415843307,0.21785387049285,0.0015,0.445634320480627
100,2,19.8931506849315,0.48918170958582,0.217454849280627,0.0015,0.444527759357031
100,2,20.0575342465753,0.48976006083596,0.21675878978176,0.0015,0.442581596816571
100,2,20.2219178082192,0.489247921399618,0.216290069694237,0.0015,0.442086844386551
100,2,20.386301369863,0.48940803716255,0.215429830718873,0.0015,0.44018449710772
100,2,20.5506849315069,0.48885439009009,0.214934765830925,0.002,0.439670319399843
100,2,20.7150684931507,0.488492865110804,0.214127439830507,0.002,0.438343024277206
100,2,20.8794520547945,0.487620231188751,0.213263059073765,0.0025,0.437354821299886
100,2,21.0438356164384,0.487620320806775,0.213163568224934,0.0025,0.43715070748539
100,2,21.2082191780822,0.487771914513481,0.212532241611798,0.0025,0.435720539227407
100,2,21.372602739726,0.4872537920163,0.212283776970511,0.0025,0.435673935121288
100,2,21.5369863013699,0.486768637786339,0.211911521663891,0.0025,0.43534341618144
100,2,21.7013698630137,0.486566435541355,0.211614060950222,0.0025,0.434912985140004
100,2,21.8657534246575,0.486921386399619,0.211378080525796,0.0025,0.43411130919667
100,2,22.0301369863014,0.487692984088931,0.210801594796354,0.0025,0.432242418229895
100,2,22.1945205479452,0.48799493158888,0.210107335301814,0.0025,0.430552289995551
100,2,22.358904109589,0.487378639873709,0.210151272355952,0.0025,0.431186874357907
100,2,22.5232876712329,0.487470794492597,0.209168054602539,0.0025,0.429088382249155
100,2,22.6876712328767,0.487500766904075,0.208101288650709,0.003,0.426873766727135
100,2,22.8520547945205,0.487278404726254,0.207578021544688,0.003,0.42599470760725
100,2,23.0164383561644,0.487779674459256,0.207285418130068,0.003,0.424957063575601
100,2,23.1808219178082,0.487371875121537,0.207172720947753,0.003,0.425081404002006
100,2,23.3452054794521,0.488370568522524,0.206565130628814,0.003,0.422968016385055
100,2,23.5095890410959,0.488118875030198,0.206456585151089,0.0035,0.422963740417365
100,2,23.6739726027397,0.487915009601191,0.205747671405283,0.004,0.421687522122872
100,2,23.8383561643836,0.488590618844669,0.205045535549632,0.004,0.419667360856184
100,2,24.0027397260274,0.488205689049644,0.204237699457648,0.0045,0.418343546662111
100,2,24.1671232876712,0.488133259313645,0.203958112322065,0.0045,0.41783285287474
100,2,24.3315068493151,0.488348050456748,0.204200862293548,0.005,0.418146160515151
100,2,24.4958904109589,0.4876185161304,0.204333069818495,0.005,0.419042885081607
100,2,24.6602739726027,0.487141153312559,0.203281174512449,0.0055,0.41729419313096
100,2,24.8246575342466,0.4871861325845,0.203393812596594,0.0055,0.417486867940183
100,2,24.9890410958904,0.488122667533781,0.203053992481004,0.0055,0.415989680436119
100,2,25.1534246575342,0.488852402141196,0.202678421051441,0.0055,0.414600440058595
100,2,25.3178082191781,0.489485125028114,0.202050260141731,0.0055,0.412781205823418
100,2,25.4821917808219,0.48912972343228,0.201767712231813,0.0055,0.412503478251099
100,2,25.6465753424658,0.489152260598969,0.201829130160319,0.0055,0.412610032535019
100,2,25.8109589041096,0.48902379290209,0.201192046300551,0.0055,0.411415659566554
100,2,25.9753424657534,0.489594027617803,0.201177250534251,0.0055,0.410906259443382
100,2,26.1397260273973,0.489477495260402,0.201048371324024,0.0055,0.410740786391141
100,2,26.3041095890411,0.489986830555274,0.200521912127897,0.0055,0.409239390986604
100,2,26.4684931506849,0.489937531268446,0.200176547229324,0.0055,0.408575653943204
100,2,26.6328767123288,0.489567122331006,0.20000819557644,0.006,0.408540905737561
100,2,26.7972602739726,0.489774256513038,0.200204669013498,0.006,0.40876927758282
100,2,26.9616438356164,0.489868023271893,0.199880524959592,0.006,0.408029337421463
100,2,27.1260273972603,0.489540544255956,0.199822687215813,0.0065,0.408184142376848
100,2,27.2904109589041,0.490589075174686,0.200121097366281,0.0065,0.407920003711911
100,2,27.4547945205479,0.49054300949876,0.200313672090364,0.0065,0.408350885063159
100,2,27.6191780821918,0.489455204490025,0.199964233991325,0.0065,0.408544504495917
100,2,27.7835616438356,0.489712084528233,0.199956605444858,0.0065,0.408314623555772
100,2,27.9479452054795,0.489287573421235,0.19925026001504,0.007,0.407225261458874
100,2,28.1123287671233,0.489743173329382,0.199381397348003,0.007,0.407114194144994
100,2,28.2767123287671,0.49010602093724,0.199753526495722,0.007,0.407572072087034
100,2,28.441095890411,0.489725171839438,0.199567110678284,0.007,0.407508378482359
100,2,28.6054794520548,0.489910933158266,0.198504151193113,0.0075,0.405184162585297
100,2,28.7698630136986,0.49076419700987,0.198189530759747,0.0075,0.403838609188031
100,2,28.9342465753425,0.49117062226312,0.197612504403935,0.0075,0.402329649711977
100,2,29.0986301369863,0.490729210351128,0.197567477835611,0.0085,0.402599791633042
100,2,29.2630136986301,0.489836359544472,0.197211313312577,0.0085,0.402606522504732
100,2,29.427397260274,0.489956490558852,0.197068221691153,0.0085,0.402215758926622
100,2,29.5917808219178,0.489732981575396,0.19654019687475,0.009,0.401321136760099
100,2,29.7561643835616,0.490296460823135,0.195727091274016,0.0095,0.399201517680587
100,2,29.9205479452055,0.490791696113532,0.195468915881688,0.0095,0.398272663187992
100,2,30.0849315068493,0.490161987933129,0.195018259673118,0.0105,0.397864919096345
100,2,30.2493150684931,0.490594227913695,0.194962613914183,0.0105,0.397400953417822
100,2,30.413698630137,0.490114282665061,0.195259767881723,0.0105,0.398396404242643
100,2,30.5780821917808,0.490265390414864,0.194979872378396,0.011,0.397702705902619
100,2,30.7424657534247,0.489893002389724,0.194439934386055,0.011,0.396902861313728
100,2,30.9068493150685,0.490685870596199,0.193678414596864,0.0115,0.394709581430455
100,2,31.0712328767123,0.490316342401245,0.193036952277146,0.012,0.393698793174583
100,2,31.2356164383562,0.490488162367044,0.192544113451429,0.012,0.392556086414464
100,2,31.4,0.490402171101462,0.191795848998435,0.012,0.391099102533854
100,2,31.5643835616438,0.490220682107233,0.19135049079682,0.0125,0.390335409706283
100,2,31.7287671232877,0.489966562931085,0.190878292098303,0.0125,0.389574119010139
100,2,31.8931506849315,0.489448594307062,0.190421462075467,0.0125,0.389053037010059
100,2,32.0575342465753,0.489902225984411,0.189819966361019,0.013,0.38746500075519
100,2,32.2219178082192,0.489828260009816,0.189865165060765,0.013,0.387615784064725
100,2,32.386301369863,0.490622702101559,0.189852272859446,0.014,0.386961858972735
100,2,32.5506849315069,0.490745267928808,0.188855206782241,0.0145,0.384833474970233
100,2,32.7150684931507,0.490544607567293,0.18864082600264,0.0155,0.384553867462017
100,2,32.8794520547945,0.4903474169848,0.188704717859005,0.0155,0.384838812895908
100,2,33.0438356164384,0.490322280718439,0.188559812948173,0.0165,0.384563011641828
100,2,33.2082191780822,0.491681551323144,0.188754372692139,0.0165,0.383895576688184
100,2,33.372602739726,0.490982035290091,0.188287499949382,0.017,0.383491627831423
100,2,33.5369863013699,0.491120830955547,0.188134817537428,0.017,0.383072363620546
100,2,33.7013698630137,0.491024538450536,0.188289450281058,0.017,0.38346240470022
100,2,33.8657534246575,0.491207425223541,0.188258281599681,0.0175,0.383256180449649
100,2,34.0301369863014,0.491408898869708,0.188141857119383,0.0175,0.382862128773266
100,2,34.1945205479452,0.490885601669426,0.187695621446209,0.018,0.382361227968157
100,2,34.358904109589,0.491668909891749,0.187567340204563,0.019,0.381491154781091
100,2,34.5232876712329,0.491521089996916,0.187054036065389,0.0195,0.380561566679799
100,2,34.6876712328767,0.490831016821091,0.186498025503441,0.02,0.379963814657255
100,2,34.8520547945205,0.490854492789828,0.186568976997488,0.0205,0.380090189125298
100,2,35.0164383561644,0.490467436350315,0.186330145155543,0.021,0.379903193047982
100,2,35.1808219178082,0.490741105264345,0.185797612559491,0.021,0.378606174551871
100,2,35.3452054794521,0.490761591031638,0.185397381644246,0.0215,0.377774840232543
100,2,35.5095890410959,0.491283774399265,0.185079051263924,0.022,0.376725348786933
100,2,35.6739726027397,0.491136778044414,0.185218819951822,0.0225,0.377122684009366
100,2,35.8383561643836,0.490745003558287,0.185245573885884,0.023,0.377478267822817
100,2,36.0027397260274,0.489899363989642,0.185094058520577,0.023,0.377820573215707
100,2,36.1671232876712,0.490560805313718,0.184690490608122,0.023,0.376488477284708
100,2,36.3315068493151,0.490601344066736,0.184216802090508,0.023,0.375491841427668
100,2,36.4958904109589,0.490922364027645,0.184447798697005,0.023,0.375716838776198
100,2,36.6602739726027,0.490306863230502,0.184426277719455,0.0235,0.376144597496186
100,2,36.8246575342466,0.490023879417618,0.184159933390142,0.024,0.375818283813049
100,2,36.9890410958904,0.489541241109605,0.184106182020962,0.0245,0.376079003280015
100,2,37.1534246575342,0.48916730518693,0.183901920770663,0.025,0.37594892140305
100,2,37.3178082191781,0.489203716707744,0.18358329300852,0.026,0.375269620280083
100,2,37.4821917808219,0.488505211923502,0.183491195661297,0.027,0.375617682642107
100,2,37.6465753424658,0.489255341885207,0.183187284116478,0.0275,0.374420611148807
100,2,37.8109589041096,0.489733296626088,0.182789560524263,0.0275,0.373243072879774
100,2,37.9753424657534,0.49013492433247,0.18268796045816,0.0275,0.372729939020298
100,2,38.1397260273973,0.490122017620654,0.182447878139609,0.0275,0.372249912430624
100,2,38.3041095890411,0.489780257280987,0.182298127567564,0.028,0.372203911565548
100,2,38.4684931506849,0.489873523065998,0.182081737586798,0.028,0.371691322378872
100,2,38.6328767123288,0.490099723082548,0.182136900524106,0.0285,0.37163232694467
100,2,38.7972602739726,0.490134555678875,0.181836929386024,0.029,0.370993898061657
100,2,38.9616438356164,0.49039499060171,0.18182385464109,0.029,0.37077021202438
100,2,39.1260273972603,0.489956186068334,0.181779771936176,0.029,0.371012300905663
100,2,39.2904109589041,0.489250659388423,0.181281762950098,0.0305,0.370529419779843
100,2,39.4547945205479,0.489438002538912,0.181337136760538,0.031,0.370500729039979
100,2,39.6191780821918,0.489006215259665,0.180883641145036,0.031,0.369900495127625
100,2,39.7835616438356,0.488634392466883,0.180915171816993,0.031,0.370246496370503
100,2,39.9479452054794,0.488341831935334,0.180648310307289,0.031,0.369921842639134
100,2,40.1123287671233,0.488997201282269,0.180360347898902,0.0315,0.368837178261866
100,2,40.2767123287671,0.489199701737108,0.17992928806036,0.032,0.367803347838206
100,2,40.441095890411,0.489948591003809,0.179356842991686,0.032,0.366072780460944
100,2,40.6054794520548,0.489895879915039,0.179106334306473,0.0325,0.365600817744242
100,2,40.7698630136986,0.489441531596586,0.178973426221649,0.0325,0.365668654308569
100,2,40.9342465753425,0.48953123899435,0.178842364705135,0.0335,0.365333916324794
100,2,41.0986301369863,0.488826207853989,0.178737979602205,0.0335,0.365647292903726
100,2,41.2630136986301,0.489248982414264,0.179077172533781,0.0345,0.366024619305494
100,2,41.427397260274,0.488822183109871,0.178769365148184,0.035,0.365714509948913
100,2,41.5917808219178,0.488340832505971,0.178220806430534,0.035,0.364951678351319
100,2,41.7561643835616,0.488651168464976,0.178053358729576,0.0355,0.364377229034167
100,2,41.9205479452055,0.488528568826728,0.178241183928903,0.036,0.36485314330127
100,2,42.0849315068493,0.488816533215113,0.17756562272129,0.036,0.363256172113042
100,2,42.2493150684932,0.489195572694979,0.177340910467514,0.0365,0.362515362701552
100,2,42.413698630137,0.488790434113369,0.177034028705763,0.0365,0.362187997862294
100,2,42.5780821917808,0.488162013437956,0.17710036508342,0.037,0.362790139765614
100,2,42.7424657534247,0.488042587416311,0.177551823491661,0.037,0.363803954961424
100,2,42.9068493150685,0.487818339888721,0.177417224119817,0.0375,0.363695272630153
100,2,43.0712328767123,0.488180614910124,0.177110322255914,0.0385,0.362796712623504
100,2,43.2356164383562,0.488135483580362,0.176932610788486,0.039,0.362466193792605
100,2,43.4,0.488251009672207,0.176871204950431,0.04,0.362254662963576
100,2,43.5643835616438,0.486960587442304,0.176255321542574,0.041,0.361949870457344
100,2,43.7287671232877,0.487665947260077,0.17668759146458,0.041,0.362312752115026
100,2,43.8931506849315,0.487333138117738,0.176520876103873,0.041,0.362218085118656
100,2,44.0575342465753,0.488366702557743,0.175769620666815,0.041,0.359913195855183
100,2,44.2219178082192,0.487856598679387,0.17531429530443,0.042,0.359356203808661
100,2,44.386301369863,0.488253568051395,0.174690195991929,0.042,0.357785805210011
100,2,44.5506849315069,0.488052630108211,0.174767640534107,0.043,0.358091791238494
100,2,44.7150684931507,0.487842699950062,0.17480960852902,0.043,0.358331914256204
100,2,44.8794520547945,0.487870692216696,0.17480925878843,0.044,0.358310637587522
100,2,45.0438356164384,0.487901870408393,0.175362137192763,0.0455,0.359420916025549
100,2,45.2082191780822,0.488186296898216,0.174930985437498,0.046,0.358328340121293
100,2,45.372602739726,0.48784064482174,0.174754660888092,0.046,0.358220789397219
100,2,45.5369863013699,0.487825700299429,0.174034398013869,0.046,0.356755287609992
100,2,45.7013698630137,0.487881433260677,0.174327074705757,0.0465,0.357314426869393
100,2,45.8657534246575,0.488028806742816,0.174678112833955,0.0475,0.357925824091789
100,2,46.0301369863014,0.488068124806746,0.174531098338992,0.0475,0.35759577294276
100,2,46.1945205479452,0.488051159140787,0.174485221445942,0.048,0.357514203537847
100,2,46.358904109589,0.488165862411888,0.174168257114084,0.0485,0.356780902813581
100,2,46.5232876712329,0.488649443563054,0.173960007430755,0.049,0.356001648466643
100,2,46.6876712328767,0.488955849376786,0.174162484582609,0.05,0.356192659939733
100,2,46.8520547945205,0.488691130115658,0.173890916616844,0.0505,0.355829901344208
100,2,47.0164383561644,0.488592462891198,0.173528276453564,0.0505,0.355159544268709
100,2,47.1808219178082,0.487639397685025,0.173234798208334,0.051,0.355251850098111
100,2,47.3452054794521,0.487533722725936,0.173089795214624,0.0515,0.35503143094765
100,2,47.5095890410959,0.487359921383507,0.172388764083143,0.0515,0.353719615666733
100,2,47.6739726027397,0.486478365375946,0.172334821050794,0.053,0.354249712456617
100,2,47.8383561643836,0.486533618518383,0.172736444245281,0.0545,0.355034960937142
100,2,48.0027397260274,0.486358483479885,0.172871869376109,0.0545,0.355441254235383
100,2,48.1671232876712,0.487451520399315,0.172743233118389,0.0545,0.354380335047226
100,2,48.3315068493151,0.487581531987118,0.172800390275396,0.0545,0.354403066849466
100,2,48.4958904109589,0.487274742209042,0.172785329352353,0.055,0.354595291701426
100,2,48.6602739726027,0.486974552397376,0.172767014527068,0.0555,0.354776268444698
100,2,48.8246575342466,0.486571957329231,0.17277459778885,0.0555,0.355085399366623
100,2,48.9890410958904,0.486139521953223,0.172746962390544,0.0565,0.355344411613517
100,2,49.1534246575342,0.487206067468368,0.172220502160317,0.0575,0.353485955245208
100,2,49.3178082191781,0.487699812891494,0.17222569165907,0.058,0.353138728181934
100,2,49.4821917808219,0.487624144517396,0.172159692848633,0.058,0.353058179715486
100,2,49.6465753424658,0.487500281971321,0.171774625322951,0.058,0.352358001985845
100,2,49.8109589041096,0.48736547530038,0.171483961097968,0.0585,0.351859066324459
100,2,49.9753424657534,0.486739965865872,0.171306923286437,0.059,0.351947518798247
200,2,0.00273972602739726,0.499940497409732,0.500007004090926,0,1.00013302919355
200,2,0.167123287671233,0.500477790090945,0.499885907486269,0,0.998817364893318
200,2,0.331506849315069,0.500554504184301,0.498037172616978,0,0.994970914163634
200,2,0.495890410958904,0.500819842989966,0.495617395405304,0,0.989612137662912
200,2,0.66027397260274,0.501001068864529,0.49195835208784,0,0.981950703623879
200,2,0.824657534246575,0.500762580686202,0.48751715124457,0,0.973549482424422
200,2,0.989041095890411,0.500989132989355,0.482820205282587,0,0.963733888600825
200,2,1.15342465753425,0.501540984708519,0.4774972514683,0,0.952060282263486
200,2,1.31780821917808,0.501401545831595,0.471033792917412,0,0.939434265477151
200,2,1.48219178082192,0.501210982611229,0.465191314937439,0,0.928134719861617
200,2,1.64657534246575,0.501258054289156,0.459475288130211,0,0.916644199925729
200,2,1.81095890410959,0.500839426837243,0.453331190617171,0,0.90514277895396
200,2,1.97534246575342,0.500409465476765,0.44765747906003,0,0.894582356937482
200,2,2.13972602739726,0.500531771836723,0.44174907447418,0,0.882559508366795
200,2,2.3041095890411,0.500716611181817,0.435485847236918,0,0.86972518488864
200,2,2.46849315068493,0.500484769710771,0.429385265613327,0,0.857938725810712
200,2,2.63287671232877,0.500516569118788,0.423831635143481,0,0.846788420790307
200,2,2.7972602739726,0.500175722778952,0.418212252243027,0,0.836130650083255
200,2,2.96164383561644,0.499501609861719,0.412679442124636,0,0.82618240657699
200,2,3.12602739726027,0.499473198370052,0.408123859129931,0,0.817108626572507
200,2,3.29041095890411,0.499658359447681,0.403998092396652,0,0.808548650808582
200,2,3.45479452054795,0.499396006675293,0.399310439641917,0,0.79958676942635
200,2,3.61917808219178,0.49911721239259,0.395025034244893,0,0.791447428453296
200,2,3.78356164383562,0.499008379965498,0.390875841515488,0,0.783305165220901
200,2,3.94794520547945,0.498904360043736,0.386651332845036,0,0.775000909615505
200,2,4.11232876712329,0.499177741876704,0.382891209745113,0,0.76704383553962
200,2,4.27671232876712,0.498849096081213,0.378767001720256,0,0.75928172406389
200,2,4.44109589041096,0.498723375321141,0.374957109157046,0,0.751833837576996
200,2,4.60547945205479,0.498240334667373,0.370930845599795,0,0.74448176871796
200,2,4.76986301369863,0.498197061340879,0.366459449465654,0,0.735571278721199
200,2,4.93424657534247,0.498220647015993,0.362725222754973,0,0.728041330537891
200,2,5.0986301369863,0.498225292426959,0.358548189917194,0,0.719650718996282
200,2,5.26301369863014,0.498167060455761,0.355156608947017,0,0.712926721052357
200,2,5.42739726027397,0.497627055863213,0.352110433492223,0,0.707578957662243
200,2,5.59178082191781,0.497852531640132,0.349406757276793,0,0.701827820631349
200,2,5.75616438356164,0.497764809314844,0.346420702437581,0,0.695952578315885
200,2,5.92054794520548,0.497761839322585,0.343495689880106,0,0.690080401397536
200,2,6.08493150684932,0.497912359832537,0.340578373387319,0,0.684012691514356
200,2,6.24931506849315,0.497848732003017,0.337048884090253,0,0.677010630787767
200,2,6.41369863013699,0.497739168643035,0.33463061116715,0,0.672301141337619
200,2,6.57808219178082,0.497475888819902,0.331675298919211,0,0.666716330124062
200,2,6.74246575342466,0.49727931204578,0.328716070035252,0,0.66102904760492
200,2,6.90684931506849,0.497373098089705,0.32551877930215,0,0.654476047362419
200,2,7.07123287671233,0.497275104066711,0.322595561089799,0,0.648726546838189
200,2,7.23561643835616,0.49728050610605,0.320258828961662,0,0.644020477435252
200,2,7.4,0.497490098968241,0.317575808089362,0,0.638356037131175
200,2,7.56438356164384,0.497480947241584,0.315079128712885,0,0.633349137208018
200,2,7.72876712328767,0.497062725369052,0.312758262191873,0,0.629212866363417
200,2,7.89315068493151,0.496813351701657,0.310077940820204,0,0.624133670639371
200,2,8.05753424657534,0.496629847264282,0.307709437965645,0,0.619595136419373
200,2,8.22191780821918,0.496611712764537,0.305555984109761,0,0.6152814689142
200,2,8.38630136986301,0.49611927039874,0.303348207106305,0,0.611442097103985
200,2,8.55068493150685,0.496059711619857,0.301192358737914,0,0.6071695638301
200,2,8.71506849315069,0.495946470754713,0.2990790907327,0,0.603047119737684
200,2,8.87945205479452,0.495601796839221,0.297166312169871,0,0.599607011243899
200,2,9.04383561643836,0.495195497134279,0.295102967155573,0,0.595932250723904
200,2,9.20821917808219,0.495226490196542,0.293035317415926,0,0.591719795319569
200,2,9.37260273972603,0.494375451496372,0.290999922956015,0,0.58862130406196
200,2,9.53698630136986,0.493784530314108,0.288665371166095,0,0.584597842671312
200,2,9.7013698630137,0.493754770563813,0.286928210621629,0,0.58111481190144
200,2,9.86575342465753,0.493944848473795,0.284935148112825,0,0.576856199620719
200,2,10.0301369863014,0.494178186258691,0.282923076098661,0,0.572512271819617
200,2,10.1945205479452,0.494775644683219,0.281185672236112,0,0.568309445417713
200,2,10.358904109589,0.49459044929266,0.279545772391039,0,0.565206572004842
200,2,10.5232876712329,0.494689523188895,0.277913244013842,0,0.561793268275305
200,2,10.6876712328767,0.494461399766158,0.276559707197565,0,0.559315059433064
200,2,10.8520547945205,0.494747137691191,0.274879155642154,0,0.555595241894511
200,2,11.0164383561644,0.494290397719635,0.273567084899398,0,0.553454176252413
200,2,11.1808219178082,0.493857451416281,0.271841585073904,0,0.550445445936512
200,2,11.3452054794521,0.494104662409624,0.270167182855127,0,0.546781286251358
200,2,11.5095890410959,0.494144260930659,0.268639809258439,0,0.543646522884814
200,2,11.6739726027397,0.49442935900444,0.267330870859207,0,0.540685673272906
200,2,11.8383561643836,0.493839299126736,0.266121614203845,0,0.53888302262382
200,2,12.0027397260274,0.493766292636698,0.264795794369926,0,0.536277583785487
200,2,12.1671232876712,0.4930786818302,0.263239727691212,0,0.533869618362173
200,2,12.3315068493151,0.49343425046315,0.261984359901821,0,0.530940768006915
200,2,12.4958904109589,0.493176462923508,0.260928362956886,0,0.529077080057968
200,2,12.6602739726027,0.492950503674796,0.259893500216647,0,0.52722027521875
200,2,12.8246575342466,0.493647384469835,0.258360947156282,0,0.523371449508955
200,2,12.9890410958904,0.493822361591141,0.257112157092878,0,0.520657177743914
200,2,13.1534246575342,0.493814727465013,0.255659701276859,0,0.517723929760626
200,2,13.3178082191781,0.493864309350575,0.254243436617082,0,0.514804232262519
200,2,13.4821917808219,0.49342723488881,0.252487415756005,0,0.511701417966727
200,2,13.6465753424658,0.493236692813318,0.251288635825094,0,0.509468657718462
200,2,13.8109589041096,0.492791805044988,0.250264691289616,0,0.507850757109828
200,2,13.9753424657534,0.493028220059859,0.249238912815921,0,0.505526666984013
200,2,14.1397260273973,0.493273831345426,0.247739079685226,0,0.502234385735621
200,2,14.3041095890411,0.493623355695773,0.246244910436464,0,0.49885182213345
200,2,14.4684931506849,0.493030032995091,0.245503753305768,0,0.497948881155101
200,2,14.6328767123288,0.493112398434413,0.244462253831142,0,0.495753614403708
200,2,14.7972602739726,0.493265343582958,0.243737089630272,0,0.494129767682088
200,2,14.9616438356164,0.492677691563598,0.242788531792654,0,0.492793840577849
200,2,15.1260273972603,0.492921578842709,0.241956310110149,0,0.490861671502024
200,2,15.2904109589041,0.493020952095534,0.241013889017361,0,0.488851210061065
200,2,15.4547945205479,0.492981172216817,0.239901588171622,0,0.486634382187139
200,2,15.6191780821918,0.493103671624204,0.23908038694873,0,0.484848117559614
200,2,15.7835616438356,0.493980222898434,0.238402938859489,0,0.482616363587711
200,2,15.9479452054795,0.494009682953089,0.237770920708856,0,0.481308219076821
200,2,16.1123287671233,0.49388241984466,0.237065117505037,0,0.480003150506148
200,2,16.2767123287671,0.493721922150817,0.236614073554626,0,0.479245629855478
200,2,16.441095890411,0.493177349563838,0.236091487703153,0,0.478715188181189
200,2,16.6054794520548,0.493246308675311,0.235320586454058,0,0.47708534724983
200,2,16.7698630136986,0.493265098807225,0.234302097335738,0,0.475002382901829
200,2,16.9342465753425,0.49355886500799,0.233362586491019,0,0.472816117865173
200,2,17.0986301369863,0.493437849209379,0.232299806921329,0,0.470778249567875
200,2,17.2630136986301,0.493630186674597,0.231365925904806,0,0.468702952433747
200,2,17.427397260274,0.493846094260953,0.230534794027288,0,0.4668150598058
200,2,17.5917808219178,0.493692356982681,0.229925511345668,0,0.465726293092549
200,2,17.7561643835616,0.494211890135179,0.229389784159207,0,0.464152701984696
200,2,17.9205479452055,0.494178343540953,0.228844045664622,0,0.463079875222533
200,2,18.0849315068493,0.494399799041566,0.228032560899981,0,0.46123109544551
200,2,18.2493150684931,0.494395825284498,0.22747035155969,0,0.460097638220939
200,2,18.413698630137,0.494126428645434,0.227035432998499,0,0.459468305755026
200,2,18.5780821917808,0.494692387020232,0.226425310778028,0,0.457709309298038
200,2,18.7424657534247,0.49426391039427,0.225688713342928,0,0.456615805031967
200,2,18.9068493150685,0.49504766784725,0.225222944246246,0,0.454952035681017
200,2,19.0712328767123,0.495642074132563,0.224702984035522,0,0.453357363635404
200,2,19.2356164383562,0.495689211549032,0.224663871358687,0,0.453235346108524
200,2,19.4,0.495319769095693,0.223883695043672,0,0.451998302939568
200,2,19.5643835616438,0.49511416491058,0.223698394604587,0,0.45181174455994
200,2,19.7287671232877,0.495775945891208,0.223082183795456,0,0.449965726744655
200,2,19.8931506849315,0.495504021942745,0.222525134429462,0,0.449088452515476
200,2,20.0575342465753,0.494835744997547,0.222100591753347,0,0.4488370009617
200,2,20.2219178082192,0.494171134433104,0.221697986369144,0,0.448625933247737
200,2,20.386301369863,0.493989502914413,0.221140576492199,0,0.447662501303217
200,2,20.5506849315069,0.493747436493764,0.220552011710633,0,0.44668993782901
200,2,20.7150684931507,0.493176982246685,0.219838449087268,0,0.445759751571913
200,2,20.8794520547945,0.493238843034089,0.220003656108571,0,0.446038788744312
200,2,21.0438356164384,0.493341931443634,0.219680000604846,0,0.445289537749226
200,2,21.2082191780822,0.493836608425009,0.219170460731528,0,0.44381169194914
200,2,21.372602739726,0.49413442374234,0.218937075320617,0,0.443071894612181
200,2,21.5369863013699,0.49425401696622,0.218976484348561,0,0.443044420139791
200,2,21.7013698630137,0.49379110125684,0.218275602202064,0,0.442040372227222
200,2,21.8657534246575,0.493796443309861,0.217853263048237,0,0.441180300100972
200,2,22.0301369863014,0.493977809104367,0.217371035148936,0,0.44004210541978
200,2,22.1945205479452,0.494180254521346,0.216821173469766,0,0.438749163864863
200,2,22.358904109589,0.494287325078827,0.216306550873694,0,0.437612983175724
200,2,22.5232876712329,0.494275130019374,0.215783259775865,0,0.436565076149808
200,2,22.6876712328767,0.494419000919684,0.215475542154618,0,0.435815657880876
200,2,22.8520547945205,0.493826712699259,0.214960677019924,0,0.435295765684582
200,2,23.0164383561644,0.493846458740127,0.214693859397093,0,0.434738076172112
200,2,23.1808219178082,0.493876261747757,0.214449805909519,0,0.434217682685561
200,2,23.3452054794521,0.493365732521285,0.214346134247429,0,0.434456874724637
200,2,23.5095890410959,0.493354256421619,0.213816844275448,0,0.433394141212639
200,2,23.6739726027397,0.493543641128656,0.213336475237401,0,0.432254531229568
200,2,23.8383561643836,0.493091376754189,0.212542955526178,0,0.431041720756218
200,2,24.0027397260274,0.493263659137081,0.211906542130371,0,0.429600961281198
200,2,24.1671232876712,0.493536271584075,0.211644484227112,0,0.428832684470807
200,2,24.3315068493151,0.493803776858716,0.211471567174191,0,0.428250201971817
200,2,24.4958904109589,0.494004571574953,0.210958354965743,0,0.427037252495821
200,2,24.6602739726027,0.494251150886007,0.210865169145153,0,0.426635666436285
200,2,24.8246575342466,0.493926819989627,0.210678903848097,0,0.426538700312977
200,2,24.9890410958904,0.493947080369237,0.210387944476355,0,0.425932155159385
200,2,25.1534246575342,0.494231328145578,0.2103312923384,0,0.425572561592951
200,2,25.3178082191781,0.494682735703858,0.210282897581399,0,0.425086388515657
200,2,25.4821917808219,0.495107431497883,0.209922610732215,0,0.423994061444647
200,2,25.6465753424658,0.495193544353624,0.209995413152242,0,0.42406734810396
200,2,25.8109589041096,0.495077222058206,0.210064891026662,0,0.424307323518844
200,2,25.9753424657534,0.4950458037558,0.209979932010605,0,0.424162633876573
200,2,26.1397260273973,0.495263246443152,0.210025172068762,0,0.424067753012376
200,2,26.3041095890411,0.494707246389546,0.209600113885909,0,0.423685149986391
200,2,26.4684931506849,0.494479271550589,0.20955499564521,0,0.42378924193948
200,2,26.6328767123288,0.494147339547288,0.209463002460302,0,0.423887747027437
200,2,26.7972602739726,0.494631392558846,0.209421530656503,0,0.423389080852948
200,2,26.9616438356164,0.495127784597782,0.209159608343833,0,0.422435611271026
200,2,27.1260273972603,0.494952476816796,0.208955204611485,0,0.422172257739461
200,2,27.2904109589041,0.49462035166364,0.208606369915477,0,0.421750478349376
200,2,27.4547945205479,0.495121628723371,0.208508315430837,0,0.421125443395511
200,2,27.6191780821918,0.495627815704989,0.208122680029492,0,0.41991727145793
200,2,27.7835616438356,0.495240853102116,0.207960764777925,0,0.419918436605722
200,2,27.9479452054795,0.494979983573387,0.207731127946537,0,0.419675814861994
200,2,28.1123287671233,0.494658719755143,0.20749038563143,0,0.419461696205696
200,2,28.2767123287671,0.494649024424735,0.207355076499532,0,0.419196372095712
200,2,28.441095890411,0.494760539844797,0.207433222641201,0,0.419259835689951
200,2,28.6054794520548,0.494717983694415,0.207212166718866,0,0.418849068658196
200,2,28.7698630136986,0.494866025853391,0.206935535808141,0,0.418164765809661
200,2,28.9342465753425,0.494651582968526,0.20674703706309,0,0.417964976119858
200,2,29.0986301369863,0.494268429922142,0.206534785298834,0,0.417859553221653
200,2,29.2630136986301,0.494163951956846,0.206348641803381,0,0.417571214950542
200,2,29.427397260274,0.494287493430171,0.206247087574218,0,0.417261392035108
200,2,29.5917808219178,0.493964742868938,0.206448537800908,0,0.417941848646643
200,2,29.7561643835616,0.494191777850178,0.205745735126635,0,0.416327717999813
200,2,29.9205479452055,0.49385147528338,0.205488903201703,0,0.416094541549745
200,2,30.0849315068493,0.493298363681406,0.205482949074095,0,0.416549018205958
200,2,30.2493150684931,0.493055248697342,0.205684482933597,0,0.41716315458971
200,2,30.413698630137,0.49329432235802,0.205615145236533,0,0.416820417177442
200,2,30.5780821917808,0.493443341600741,0.205357167936464,0,0.416171727579261
200,2,30.7424657534247,0.492744257008902,0.205115320394792,0,0.41627135674782
200,2,30.9068493150685,0.4927702655731,0.205360691244138,0,0.416747327490022
200,2,31.0712328767123,0.493004588478351,0.205007070948741,0,0.41583197345382
200,2,31.2356164383562,0.49300254394925,0.204439470869694,0,0.4146823852713
200,2,31.4,0.492776104967274,0.204419491908495,0,0.414832395174824
200,2,31.5643835616438,0.492844742888869,0.204363228633868,0,0.414660461702338
200,2,31.7287671232877,0.492778437538387,0.204141896207042,0,0.414267103947987
200,2,31.8931506849315,0.492857503104628,0.204178595741221,0,0.414275108839879
200,2,32.0575342465753,0.492957255235699,0.204466134915578,0,0.414774572732105
200,2,32.2219178082192,0.493399928789098,0.204278648138714,0,0.414022451604431
200,2,32.386301369863,0.493200457172073,0.204046562098275,0,0.413719328786197
200,2,32.5506849315069,0.493376631530172,0.204186907540476,0,0.41385605740427
200,2,32.7150684931507,0.493584562344858,0.203869583139225,0,0.413038815822577
200,2,32.8794520547945,0.493445550284079,0.203725194885173,0,0.412862563595694
200,2,33.0438356164384,0.493668425159876,0.203796355700533,0,0.412820316864569
200,2,33.2082191780822,0.494177062184096,0.204054927044297,0,0.412918653371817
200,2,33.372602739726,0.494107650818293,0.20391863865292,0,0.412700832126785
200,2,33.5369863013699,0.494135558494683,0.203504790365663,0,0.411840003956835
200,2,33.7013698630137,0.494145564271622,0.203818227118357,0,0.412465965203568
200,2,33.8657534246575,0.49407176989816,0.20350494451436,0,0.411893487774676
200,2,34.0301369863014,0.494656070075461,0.203375966121043,0,0.411146205261401
200,2,34.1945205479452,0.494862984970348,0.203387780073078,0,0.410998167675169
200,2,34.358904109589,0.494548638563219,0.203202425981413,0,0.410884613031721
200,2,34.5232876712329,0.494335935141844,0.203113797174369,0,0.410882120305674
200,2,34.6876712328767,0.494001356413807,0.20301382811902,0,0.410958037833732
200,2,34.8520547945205,0.493364612267829,0.203028673118143,0,0.411518516062369
200,2,35.0164383561644,0.492832427805572,0.203228841661951,0,0.412369053243644
200,2,35.1808219178082,0.493418959636425,0.202967386491395,0,0.411348981484114
200,2,35.3452054794521,0.493678236565064,0.202738046163216,0,0.410668389139119
200,2,35.5095890410959,0.493410541466465,0.202707063651838,0,0.410828400725636
200,2,35.6739726027397,0.493662940661814,0.202487458454879,0,0.410173504584769
200,2,35.8383561643836,0.49341395140475,0.202690093758244,0,0.410791168715812
200,2,36.0027397260274,0.493075856972122,0.202875498163255,0,0.411448857806731
200,2,36.1671232876712,0.493062292536198,0.202981200154335,0,0.411674555582514
200,2,36.3315068493151,0.49365833689149,0.202995693663465,0,0.411206858050257
200,2,36.4958904109589,0.493665999096653,0.202708300761914,0,0.410618315081139
200,2,36.6602739726027,0.49359966735692,0.202493431010243,0,0.4102381836976
200,2,36.8246575342466,0.49352696478504,0.202396685355534,0,0.410102587694858
200,2,36.9890410958904,0.493443870225237,0.202465748273562,0,0.410311608858664
200,2,37.1534246575342,0.49359574124005,0.202487905295215,0,0.410230251959851
200,2,37.3178082191781,0.493741179840572,0.202487829316796,0,0.410109258827021
200,2,37.4821917808219,0.493712174176851,0.202168671125473,0,0.409486906946426
200,2,37.6465753424658,0.494215564225634,0.202266762762334,0,0.409268297891949
200,2,37.8109589041096,0.494620947338104,0.20234141769461,0,0.409083802017583
200,2,37.9753424657534,0.494283583784324,0.202381034670381,0,0.40944316442985
200,2,38.1397260273973,0.49404364448367,0.202285649495924,0,0.40944894596779
200,2,38.3041095890411,0.49381742524117,0.202248076996158,0,0.409560429945104
200,2,38.4684931506849,0.49413862238659,0.202498679962947,0,0.40980136097219
200,2,38.6328767123288,0.494829315650546,0.202663055397491,0,0.409561537660824
200,2,38.7972602739726,0.49492309244631,0.20280284485508,0,0.409766381788056
200,2,38.9616438356164,0.495020981748471,0.202531741437798,0,0.40913769093672
200,2,39.1260273972603,0.494489727602896,0.202489384527102,0,0.409491589458684
200,2,39.2904109589041,0.493993157985839,0.201851773054632,0,0.408612487423192
200,2,39.4547945205479,0.494305620546973,0.201419635534647,0,0.407479962116892
200,2,39.6191780821918,0.494119424499175,0.201402828725413,0,0.407599496679469
200,2,39.7835616438356,0.493882189844221,0.201144082608824,0,0.407271383226571
200,2,39.9479452054794,0.494375134158702,0.20089308199603,0,0.406357577708471
200,2,40.1123287671233,0.495000475249582,0.200254444388333,0,0.404554044695337
200,2,40.2767123287671,0.494964461794812,0.200163415258662,0,0.404399569481899
200,2,40.441095890411,0.49382681989155,0.200145984673118,0,0.405295898503593
200,2,40.6054794520548,0.493286888458494,0.200243292362666,0,0.405936782525115
200,2,40.7698630136986,0.493272874903638,0.200259632069865,0,0.405981440007188
200,2,40.9342465753425,0.49353638240825,0.199999987592852,0,0.405238589740712
200,2,41.0986301369863,0.493141064807299,0.199967792463315,0,0.40549815607316
200,2,41.2630136986301,0.492920298260425,0.199813598380438,0,0.405366950976871
200,2,41.427397260274,0.493069594442035,0.20006407226793,0,0.405752199127844
200,2,41.5917808219178,0.493053647163657,0.199804723889364,0,0.405239318355643
200,2,41.7561643835616,0.492893211371181,0.199645862176167,0,0.405048918447815
200,2,41.9205479452055,0.492712108151782,0.199777990242558,0,0.405465964682596
200,2,42.0849315068493,0.49267420499306,0.199530567743172,0,0.404994955532495
200,2,42.2493150684932,0.492576885407154,0.199184423531136,0,0.404372250164549
200,2,42.413698630137,0.492997742687356,0.19880575578178,0,0.403258957532097
200,2,42.5780821917808,0.493427069330523,0.198544712834258,0,0.40237904479712
200,2,42.7424657534247,0.493406239384295,0.198819499342912,0,0.402952949259443
200,2,42.9068493150685,0.493757959467225,0.198617086990848,0,0.402255970121797
200,2,43.0712328767123,0.493447850777551,0.198705153001087,0,0.402687239772101
200,2,43.2356164383562,0.493818802214589,0.198469079765509,0,0.401906689003032
200,2,43.4,0.493699399915484,0.19807138265644,0,0.401198345978035
200,2,43.5643835616438,0.493736639248746,0.197914533889559,0,0.400850409219579
200,2,43.7287671232877,0.493559924122332,0.197430235812469,0,0.400012695851568
200,2,43.8931506849315,0.493381970161764,0.197430551345079,0,0.400157612732278
200,2,44.0575342465753,0.493016198722727,0.197647752797555,0,0.400895048295791
200,2,44.2219178082192,0.49333874052454,0.197373055271112,0,0.400076132397906
200,2,44.386301369863,0.49324771099389,0.196884757108986,0,0.399160001598923
200,2,44.5506849315069,0.493271984139353,0.196831470571831,0,0.399032332872617
200,2,44.7150684931507,0.492689314333921,0.19689795744028,0,0.399639187844924
200,2,44.8794520547945,0.493088146629032,0.196648252163382,0,0.398809530319794
200,2,45.0438356164384,0.492808479500886,0.196677994836978,0,0.399096206778286
200,2,45.2082191780822,0.492685802585739,0.196295264773898,5e-04,0.398418756423853
200,2,45.372602739726,0.492758279281734,0.19648950348293,5e-04,0.398754342127629
200,2,45.5369863013699,0.493224166095206,0.196338541705864,5e-04,0.398071617739763
200,2,45.7013698630137,0.492836840321795,0.195876795539307,5e-04,0.397447551630698
200,2,45.8657534246575,0.493114021221932,0.195740807850673,5e-04,0.396948371830169
200,2,46.0301369863014,0.493528851839463,0.195501170108889,5e-04,0.396129161203492
200,2,46.1945205479452,0.493498377680536,0.195553537567579,5e-04,0.396259737441669
200,2,46.358904109589,0.493834690743908,0.195476730753934,5e-04,0.395834343795227
200,2,46.5232876712329,0.494423293754317,0.195587334587989,5e-04,0.395586812067107
200,2,46.6876712328767,0.494498329681132,0.195750675755507,5e-04,0.395857102048723
200,2,46.8520547945205,0.494486209256792,0.195638904639123,5e-04,0.395640770109982
200,2,47.0164383561644,0.494742954079774,0.195702455610398,5e-04,0.395563906462107
200,2,47.1808219178082,0.495100422511961,0.195526299708516,5e-04,0.394922506259409
200,2,47.3452054794521,0.495695543782772,0.195056625037609,5e-04,0.393500864561106
200,2,47.5095890410959,0.495232445399042,0.195292419760583,5e-04,0.394344961795107
200,2,47.6739726027397,0.49521476497779,0.195324934482152,5e-04,0.394424698728263
200,2,47.8383561643836,0.495812071519518,0.195659241124681,5e-04,0.394623794707223
200,2,48.0027397260274,0.495722733494597,0.195789679750843,5e-04,0.394958041102179
200,2,48.1671232876712,0.495458740367832,0.195388427687466,5e-04,0.394358625185233
200,2,48.3315068493151,0.495317527920892,0.195344522185098,5e-04,0.39438241365102
200,2,48.4958904109589,0.496173957004726,0.195217973181167,5e-04,0.393446633837147
200,2,48.6602739726027,0.496107079928301,0.194768008471266,5e-04,0.392592680796683
200,2,48.8246575342466,0.495882787651286,0.19488593553608,5e-04,0.393008066400415
200,2,48.9890410958904,0.49548897988887,0.19501444687016,5e-04,0.393579786403924
200,2,49.1534246575342,0.495470456157711,0.194665040643906,5e-04,0.392889299905992
200,2,49.3178082191781,0.494826185303964,0.194494200134381,5e-04,0.393055593884761
200,2,49.4821917808219,0.494816884062442,0.194281919284618,5e-04,0.392633973379334
200,2,49.6465753424658,0.494385479261687,0.194152461453044,5e-04,0.392714732930648
200,2,49.8109589041096,0.493890568845353,0.194418966160932,5e-04,0.393647861337901
200,2,49.9753424657534,0.494515311379581,0.19413157238282,5e-04,0.392569386458912
10,3,0.00273972602739726,0.700085606060606,0.700172222222222,0,1.0001237222432
10,3,0.167123287671233,0.698430511155511,0.701262876012876,0,1.00405532807076
10,3,0.331506849315069,0.692967794705295,0.694710467310467,0,1.00251479595226
10,3,0.495890410958904,0.692107793595294,0.689059687534687,0,0.995595908485914
10,3,0.66027397260274,0.688229130591631,0.680870393495393,0,0.989307722139121
10,3,0.824657534246575,0.68476775463099,0.670203860477757,0,0.978731629731776
10,3,0.989041095890411,0.682987773990715,0.660675878288378,0,0.967331925179322
10,3,1.15342465753425,0.682704249835132,0.649475455753397,0,0.95132768824896
10,3,1.31780821917808,0.682249827331252,0.640886123394579,0,0.939371616848224
10,3,1.48219178082192,0.679939518365621,0.629421131115616,5e-04,0.925701645682492
10,3,1.64657534246575,0.675565877111794,0.616783977701006,5e-04,0.912988649364448
10,3,1.81095890410959,0.668669063534505,0.603689770809256,5e-04,0.902822941468571
10,3,1.97534246575342,0.666643564979053,0.589790831062213,5e-04,0.884716904273643
10,3,2.13972602739726,0.665390396656147,0.58179259716247,0.001,0.874362780235798
10,3,2.3041095890411,0.662441167065219,0.574441153278266,0.001,0.867157993551616
10,3,2.46849315068493,0.659690438163058,0.565337853084738,0.001,0.856974454046886
10,3,2.63287671232877,0.655218758919959,0.555894251663369,0.001,0.84841015934844
10,3,2.7972602739726,0.654653836290988,0.54715477996161,0.001,0.835792520611465
10,3,2.96164383561644,0.653844129870388,0.535543294031539,0.001,0.819068749822226
10,3,3.12602739726027,0.651443484383693,0.529311460334042,0.002,0.812520921649564
10,3,3.29041095890411,0.650900151931402,0.522024709297448,0.003,0.802004282451702
10,3,3.45479452054795,0.648014021225592,0.514089653176631,0.004,0.793331064356185
10,3,3.61917808219178,0.645384722346797,0.507676529600001,0.0055,0.786626196780657
10,3,3.78356164383562,0.644368695846637,0.50049990016004,0.008,0.776729073566232
10,3,3.94794520547945,0.640987150465633,0.494195229445907,0.0105,0.770990852292292
10,3,4.11232876712329,0.638881507858327,0.489158841908436,0.013,0.765648771942398
10,3,4.27671232876712,0.640692040892544,0.485585315469274,0.015,0.757907519489096
10,3,4.44109589041096,0.637555868808694,0.47850347882448,0.0165,0.750527917998133
10,3,4.60547945205479,0.636970355683319,0.47130668502679,0.0185,0.739919339764546
10,3,4.76986301369863,0.634466305967854,0.465859159150664,0.0205,0.734253584104854
10,3,4.93424657534247,0.632269503950212,0.460928692418263,0.021,0.729006680756437
10,3,5.0986301369863,0.628134475489681,0.45585794492745,0.024,0.725733043982456
10,3,5.26301369863014,0.628867976240306,0.450716601602302,0.027,0.716711008719058
10,3,5.42739726027397,0.627063058259755,0.448563622243769,0.03,0.715340532878204
10,3,5.59178082191781,0.625170409741617,0.44648214352512,0.034,0.714176705371661
10,3,5.75616438356164,0.622357175332408,0.442650048762297,0.0355,0.711247602352898
10,3,5.92054794520548,0.618652977275133,0.438784564652754,0.038,0.709257985931608
10,3,6.08493150684932,0.618293801494343,0.434421088964355,0.042,0.702612718928138
10,3,6.24931506849315,0.617106305104854,0.432112517869987,0.046,0.700223793365011
10,3,6.41369863013699,0.614173626199652,0.429047634799841,0.0495,0.698577106696484
10,3,6.57808219178082,0.613009208440768,0.425034770161899,0.0535,0.69335788811885
10,3,6.74246575342466,0.613374373109074,0.422359534207641,0.0560280140070035,0.688583600365929
10,3,6.90684931506849,0.610574062115645,0.415375714782294,0.06,0.68030357094275
10,3,7.07123287671233,0.607542730880231,0.414071496778076,0.0635,0.681551232088899
10,3,7.23561643835616,0.608459239187026,0.412829941596931,0.066,0.678484136667102
10,3,7.4,0.605400340749255,0.408237702658968,0.069,0.674326846518992
10,3,7.56438356164384,0.602927292612662,0.40283157432308,0.072,0.668126288623445
10,3,7.72876712328767,0.60095874325408,0.398654494946058,0.0775,0.66336416504637
10,3,7.89315068493151,0.598473667449102,0.393487873755221,0.0805,0.657485692616018
10,3,8.05753424657534,0.597623284754312,0.391797429567486,0.083,0.655592644333725
10,3,8.22191780821918,0.596003738351861,0.389016105153876,0.086,0.652707491784579
10,3,8.38630136986301,0.593635531230223,0.386145601341383,0.0905,0.650475891396111
10,3,8.55068493150685,0.594830559357093,0.382786595941898,0.0945,0.643522075186626
10,3,8.71506849315069,0.593281297371434,0.378017441792384,0.0995,0.637163927916169
10,3,8.87945205479452,0.591710444799196,0.374619522829681,0.1035,0.633112912104861
10,3,9.04383561643836,0.590825391631932,0.37129623299602,0.109,0.628436486066475
10,3,9.20821917808219,0.592916182893549,0.368622366962673,0.115,0.621710753725294
10,3,9.37260273972603,0.590437874043405,0.36455583962606,0.1195,0.617433019886628
10,3,9.53698630136986,0.591527630516703,0.363241029315971,0.125,0.614072801635112
10,3,9.7013698630137,0.58751741922723,0.361669788372962,0.131,0.615589898336413
10,3,9.86575342465753,0.585699147810842,0.358382348213792,0.136,0.611888116199778
10,3,10.0301369863014,0.584158578848946,0.35549848800795,0.142,0.608565038466851
10,3,10.1945205479452,0.586881767974423,0.353086000484723,0.1445,0.60163054937517
10,3,10.358904109589,0.58659067565359,0.351046517145995,0.1485,0.598452262738157
10,3,10.5232876712329,0.583940906193868,0.34759906472956,0.15,0.595264111560901
10,3,10.6876712328767,0.584016886029347,0.34502665473931,0.155,0.590781984207853
10,3,10.8520547945205,0.581515826839569,0.343529178814821,0.162,0.590747771529863
10,3,11.0164383561644,0.5819774324404,0.342591439067039,0.165,0.588667910421292
10,3,11.1808219178082,0.581319988656424,0.338877343803427,0.173,0.582944592334865
10,3,11.3452054794521,0.582739953289315,0.33536433977744,0.1785,0.575495704189241
10,3,11.5095890410959,0.581088675688347,0.332324704133586,0.182,0.57190015575492
10,3,11.6739726027397,0.581612874676923,0.331046578627771,0.189,0.569187157027193
10,3,11.8383561643836,0.582742058075224,0.328149224040765,0.191595797898949,0.563112305853863
10,3,12.0027397260274,0.582521124774972,0.323749195906676,0.196098049024512,0.555772455516939
10,3,12.1671232876712,0.583254055988353,0.322222525220599,0.200100050025012,0.552456552873134
10,3,12.3315068493151,0.583221624709706,0.318965412917406,0.2055,0.54690258283233
10,3,12.4958904109589,0.581466388483655,0.316099427876905,0.2125,0.543624591442383
10,3,12.6602739726027,0.582788226410672,0.316426785707562,0.216,0.542953291380643
10,3,12.8246575342466,0.58080667994716,0.313062760727834,0.2235,0.539013705483408
10,3,12.9890410958904,0.578868246466894,0.309729171381164,0.23,0.535059874628791
10,3,13.1534246575342,0.579876702292656,0.307926908325592,0.233,0.531021348345507
10,3,13.3178082191781,0.579781135462405,0.30575150636687,0.2395,0.527356769072898
10,3,13.4821917808219,0.578610842376665,0.301992427846305,0.246,0.521926665953683
10,3,13.6465753424658,0.57547249673212,0.298414154817098,0.252,0.518555024804268
10,3,13.8109589041096,0.574895700923498,0.295853182857304,0.2575,0.514620621413681
10,3,13.9753424657534,0.573294407587596,0.294643576719119,0.26,0.513948109068373
10,3,14.1397260273973,0.571815474624985,0.291947899260612,0.2625,0.510563131317985
10,3,14.3041095890411,0.571375161945897,0.291585264409354,0.2675,0.51032191076756
10,3,14.4684931506849,0.569439501402021,0.290266196468706,0.273,0.509740184434061
10,3,14.6328767123288,0.566916815155089,0.286492294334922,0.277,0.50535155542449
10,3,14.7972602739726,0.566992632518697,0.284148468788562,0.2805,0.501150195772945
10,3,14.9616438356164,0.567967293864546,0.28246920992664,0.287,0.497333584130649
10,3,15.1260273972603,0.567759603232165,0.278235855905361,0.292,0.490059268608418
10,3,15.2904109589041,0.564249885920753,0.278346232811306,0.299,0.493303126427923
10,3,15.4547945205479,0.563892493178047,0.274522713157156,0.305,0.486835197273102
10,3,15.6191780821918,0.56347416626631,0.274418379247172,0.3085,0.487011465078375
10,3,15.7835616438356,0.561591277015039,0.271962245219521,0.312,0.484270779035334
10,3,15.9479452054795,0.559808433214103,0.268754667500972,0.316,0.480083277699006
10,3,16.1123287671233,0.557750457626309,0.267330402064825,0.32,0.479301089599349
10,3,16.2767123287671,0.557050760114032,0.265517810867753,0.324,0.476649221003486
10,3,16.441095890411,0.557027852004769,0.262693497765826,0.3295,0.471598496951956
10,3,16.6054794520548,0.556347881704209,0.261015601576786,0.3355,0.469158974376322
10,3,16.7698630136986,0.558950665841726,0.257829423027952,0.3405,0.461274024317846
10,3,16.9342465753425,0.554574266884534,0.256153385408881,0.344,0.46189194253078
10,3,17.0986301369863,0.553725955570655,0.254696051890576,0.347,0.459967695803772
10,3,17.2630136986301,0.550369944840871,0.253466442423731,0.3485,0.460538306642119
10,3,17.427397260274,0.553772785341593,0.253256947228038,0.3525,0.457330070981761
10,3,17.5917808219178,0.548880987048939,0.253545427961701,0.355,0.46193151875216
10,3,17.7561643835616,0.547265426535396,0.252889325331102,0.3595,0.46209629380771
10,3,17.9205479452055,0.54397994449436,0.249484790867028,0.363,0.458628656059974
10,3,18.0849315068493,0.54406871382,0.247179285581549,0.366,0.454316301053338
10,3,18.2493150684931,0.544037625566728,0.24490639823255,0.3685,0.450164449522088
10,3,18.413698630137,0.542958642789529,0.240719119566364,0.3745,0.443347062917416
10,3,18.5780821917808,0.545271725520352,0.239140097252249,0.3775,0.438570507253128
10,3,18.7424657534247,0.541990142586601,0.237885098999728,0.3835,0.438910379189631
10,3,18.9068493150685,0.53988181534238,0.236315733500078,0.39,0.437717527770799
10,3,19.0712328767123,0.538481773718665,0.234335422829179,0.395,0.435178002796451
10,3,19.2356164383562,0.539700497780084,0.231078572635655,0.4,0.428160755059771
10,3,19.4,0.537076431551335,0.226905809266413,0.4025,0.422483274142192
10,3,19.5643835616438,0.53687571243471,0.226318608034552,0.4035,0.421547488166687
10,3,19.7287671232877,0.538552367448943,0.225870674659877,0.4065,0.419403364114431
10,3,19.8931506849315,0.541026318998339,0.223406533759069,0.412,0.412930990441806
10,3,20.0575342465753,0.540190977226678,0.224053494735828,0.4155,0.41476719194036
10,3,20.2219178082192,0.53840857185078,0.221541565699093,0.4175,0.411474811661233
10,3,20.386301369863,0.536704774329614,0.221065573611975,0.4215,0.411894181280766
10,3,20.5506849315069,0.53696940559011,0.220047469758054,0.427,0.409795171693683
10,3,20.7150684931507,0.537218176161065,0.21769423980732,0.4305,0.405225008139064
10,3,20.8794520547945,0.533844524845285,0.214822847351737,0.435,0.40240713794713
10,3,21.0438356164384,0.531767355689976,0.212835684267386,0.44,0.400242102095998
10,3,21.2082191780822,0.530986633206834,0.213484351600225,0.444,0.4020522142166
10,3,21.372602739726,0.530860264031055,0.210986008131016,0.4495,0.397441704392991
10,3,21.5369863013699,0.530240859435113,0.207897335928605,0.454,0.392080942517495
10,3,21.7013698630137,0.526750100324998,0.205110769070541,0.4575,0.389389140968346
10,3,21.8657534246575,0.527861696453664,0.203400131533413,0.4595,0.385328454214271
10,3,22.0301369863014,0.524940153459409,0.199813796194775,0.463,0.380641097614618
10,3,22.1945205479452,0.524384253057464,0.198564983348265,0.466,0.378663131454685
10,3,22.358904109589,0.522208263102212,0.196779611276816,0.4705,0.376822094135075
10,3,22.5232876712329,0.522041249161354,0.194541984011431,0.474,0.372656345305964
10,3,22.6876712328767,0.522314218377979,0.193122050199972,0.478,0.369743046244659
10,3,22.8520547945205,0.523779129162386,0.19061155177382,0.481,0.363915897295565
10,3,23.0164383561644,0.524806906603888,0.190473015063282,0.484,0.362939230918024
10,3,23.1808219178082,0.523755602164601,0.190064603400555,0.4865,0.362887962658629
10,3,23.3452054794521,0.523149043439722,0.187759580993482,0.489,0.358902655654222
10,3,23.5095890410959,0.523757789337071,0.18674607704219,0.491,0.356550452984304
10,3,23.6739726027397,0.522625059792121,0.18627996117058,0.493,0.356431360648253
10,3,23.8383561643836,0.522645508163801,0.182929011133345,0.497,0.350005899363846
10,3,24.0027397260274,0.522089456528425,0.180127522883893,0.5025,0.345012757165468
10,3,24.1671232876712,0.520439511038142,0.181340337663712,0.5085,0.34843691498746
10,3,24.3315068493151,0.519133727181831,0.179121218955623,0.51,0.345038685750588
10,3,24.4958904109589,0.51780121971336,0.177754709007882,0.5145,0.343287544023713
10,3,24.6602739726027,0.515770438831894,0.177344796874093,0.518,0.343844438381811
10,3,24.8246575342466,0.518756848635939,0.177969642887212,0.5205,0.343069481116597
10,3,24.9890410958904,0.516789328243286,0.175979848548424,0.5245,0.340525314535093
10,3,25.1534246575342,0.516536111938028,0.174825216827862,0.527,0.338456910925207
10,3,25.3178082191781,0.519273525414083,0.172435126098961,0.5325,0.332069935515115
10,3,25.4821917808219,0.517327968159721,0.173043675474422,0.5345,0.334495109726981
10,3,25.6465753424658,0.519075695084499,0.171533559384372,0.5385,0.330459624692018
10,3,25.8109589041096,0.516699040684548,0.169847828087805,0.5415,0.328717134567895
10,3,25.9753424657534,0.517894577199976,0.169958134400859,0.5445,0.328171295632687
10,3,26.1397260273973,0.517553802516283,0.167771308037078,0.5485,0.324162062420167
10,3,26.3041095890411,0.51785655453078,0.16762847767128,0.55,0.323696738420477
10,3,26.4684931506849,0.517338671848018,0.166172557941714,0.5545,0.321206526757644
10,3,26.6328767123288,0.516741403883354,0.165942104528598,0.5585,0.321131814252796
10,3,26.7972602739726,0.515192812263846,0.164956626206181,0.561,0.320184253893865
10,3,26.9616438356164,0.512559705106125,0.164413807116516,0.5645,0.32077005952404
10,3,27.1260273972603,0.509317616583193,0.163530740091092,0.568,0.321078114651039
10,3,27.2904109589041,0.50655256239074,0.161149036895767,0.5715,0.318128954150786
10,3,27.4547945205479,0.506128140752082,0.159330533359829,0.575,0.314802755529601
10,3,27.6191780821918,0.506868439749535,0.16008914817123,0.578,0.315839645195382
10,3,27.7835616438356,0.508055870773963,0.158697374037641,0.5805,0.31236205143321
10,3,27.9479452054795,0.50964140625165,0.157115282100801,0.583291645822911,0.308285944143284
10,3,28.1123287671233,0.508158684712906,0.155955531690961,0.587,0.306903210321145
10,3,28.2767123287671,0.508884781345664,0.157026785316936,0.5895,0.308570409399362
10,3,28.441095890411,0.504159197161605,0.155009955204324,0.591,0.307462317611231
10,3,28.6054794520548,0.505031439757302,0.152993056073184,0.5935,0.302937686704626
10,3,28.7698630136986,0.50411480524428,0.151904710479149,0.5965,0.301329595756547
10,3,28.9342465753425,0.50550868378053,0.152725306867625,0.6015,0.302122024344753
10,3,29.0986301369863,0.501905978167859,0.152030617026592,0.603,0.302906567444285
10,3,29.2630136986301,0.501672235831838,0.151331501721962,0.6055,0.301654129754729
10,3,29.427397260274,0.501591284124559,0.150389808704725,0.6088044022011,0.299825402602846
10,3,29.5917808219178,0.500389101329097,0.14867234042344,0.612806403201601,0.297113466357576
10,3,29.7561643835616,0.501976702551506,0.146937924370468,0.614807403701851,0.292718613480655
10,3,29.9205479452055,0.503048977551516,0.144634504788297,0.6175,0.287515751432942
10,3,30.0849315068493,0.502014496817682,0.144247171715883,0.621,0.287336665833915
10,3,30.2493150684931,0.502904623373702,0.143255977231403,0.6235,0.284857148996523
10,3,30.413698630137,0.504063589321755,0.142455651194071,0.627,0.282614444311982
10,3,30.5780821917808,0.499672421829117,0.140473801052001,0.63,0.281131787377375
10,3,30.7424657534247,0.496494684939101,0.139831527829008,0.634,0.281637512083659
10,3,30.9068493150685,0.495638559600015,0.139199540859467,0.6355,0.280848893136569
10,3,31.0712328767123,0.49342779432255,0.139873600988365,0.6385,0.28347329152871
10,3,31.2356164383562,0.49471179659264,0.138452908144917,0.641,0.279865790746289
10,3,31.4,0.493537281486171,0.136501681172715,0.644,0.276578257191984
10,3,31.5643835616438,0.492959914930271,0.135782667502346,0.646,0.275443628152915
10,3,31.7287671232877,0.493621375620853,0.135464932455316,0.6475,0.274430847499127
10,3,31.8931506849315,0.491772521822507,0.135154079318981,0.651,0.274830482228044
10,3,32.0575342465753,0.489916395336559,0.134120425623176,0.652,0.273761864064661
10,3,32.2219178082192,0.48759503902745,0.133111174635945,0.6535,0.272995342408419
10,3,32.386301369863,0.488086533555883,0.131963065831228,0.654,0.270368176048272
10,3,32.5506849315069,0.488696279060637,0.130772071059745,0.6575,0.267593752322226
10,3,32.7150684931507,0.486858714466648,0.130460593465702,0.6595,0.267963968989691
10,3,32.8794520547945,0.483759366461282,0.128402726087122,0.663,0.265426852665186
10,3,33.0438356164384,0.480307988571176,0.127937957319169,0.665,0.266366498920327
10,3,33.2082191780822,0.48053016862953,0.127686370588905,0.666,0.265719779786285
10,3,33.372602739726,0.47847445503413,0.126607037161251,0.667,0.264605635325337
10,3,33.5369863013699,0.47708087264921,0.126409453304693,0.6685,0.264964412852578
10,3,33.7013698630137,0.474935701456136,0.126069330016389,0.6715,0.265445047887251
10,3,33.8657534246575,0.473126771197069,0.124714626650869,0.6745,0.263596638878256
10,3,34.0301369863014,0.47431827359545,0.124056712816039,0.6795,0.261547403340921
10,3,34.1945205479452,0.47238653410741,0.120660169077139,0.6835,0.25542677524695
10,3,34.358904109589,0.474120714440116,0.120778013283586,0.685,0.254741059829482
10,3,34.5232876712329,0.472912264784149,0.120721664979328,0.687,0.255272857079375
10,3,34.6876712328767,0.470687901546525,0.119519585389671,0.6885,0.253925339905633
10,3,34.8520547945205,0.473486464412967,0.119766309649243,0.692,0.252945582716352
10,3,35.0164383561644,0.472954352718575,0.118024019854844,0.696,0.249546323395553
10,3,35.1808219178082,0.474604201835597,0.117732542094558,0.698,0.248064685561593
10,3,35.3452054794521,0.473517796722112,0.11535742866095,0.7,0.243617936769225
10,3,35.5095890410959,0.47113540322206,0.114987319188809,0.7015,0.24406427197451
10,3,35.6739726027397,0.472019237322929,0.112959767925816,0.7035,0.239311788575547
10,3,35.8383561643836,0.473121548964115,0.112288378230387,0.7055,0.237335159381851
10,3,36.0027397260274,0.471348116657127,0.111837964372659,0.7075,0.237272538958744
10,3,36.1671232876712,0.473241831603639,0.111389824734949,0.709,0.235376117021376
10,3,36.3315068493151,0.471709439197153,0.111032084790425,0.712,0.235382367966604
10,3,36.4958904109589,0.468386397092815,0.110929935213565,0.714,0.236834237505799
10,3,36.6602739726027,0.467511568046004,0.109607883571994,0.71535767883942,0.234449564596032
10,3,36.8246575342466,0.466679931260211,0.108852787557039,0.71735867933967,0.233249343427081
10,3,36.9890410958904,0.465816662820815,0.107961263228721,0.719219219219219,0.231767714308344
10,3,37.1534246575342,0.468016337616202,0.107899496345538,0.720860430215108,0.23054643112485
10,3,37.3178082191781,0.467240723689795,0.106606562746914,0.721721721721722,0.228161967358159
10,3,37.4821917808219,0.467347051306107,0.105972526585472,0.722,0.22675338656638
10,3,37.6465753424658,0.464614574456331,0.105391809014429,0.7225,0.226837070571351
10,3,37.8109589041096,0.465470210347358,0.104276597102158,0.7245,0.224024212042145
10,3,37.9753424657534,0.464856583482382,0.103875336797705,0.727,0.22345674018327
10,3,38.1397260273973,0.467441624152421,0.102178479627957,0.729,0.218590887820977
10,3,38.3041095890411,0.467006327760217,0.102289473478018,0.7305,0.219032307267876
10,3,38.4684931506849,0.463235798070608,0.100989530986299,0.7325,0.218008909084583
10,3,38.6328767123288,0.463986333066229,0.100850684654613,0.7335,0.217357015643427
10,3,38.7972602739726,0.461684947542997,0.0992502601052423,0.7355,0.214974000416158
10,3,38.9616438356164,0.461194711776871,0.098871722055894,0.737,0.21438173407272
10,3,39.1260273972603,0.462778341161333,0.0980997112515109,0.7395,0.211979910307236
10,3,39.2904109589041,0.462428330954821,0.0977816530906313,0.7405,0.211452557175145
10,3,39.4547945205479,0.459279182859195,0.0971959926445876,0.741870935467734,0.211627254776722
10,3,39.6191780821918,0.456769952864529,0.0967954828093294,0.743371685842921,0.211912982021472
10,3,39.7835616438356,0.456756077679201,0.0964257787531655,0.746873436718359,0.211110006993469
10,3,39.9479452054794,0.458201372148663,0.0957393519510103,0.748374187093547,0.208946017560043
10,3,40.1123287671233,0.458571795958599,0.0949783715537531,0.749374687343672,0.207117778264601
10,3,40.2767123287671,0.458960427603629,0.0932805189693346,0.752,0.203243053995702
10,3,40.441095890411,0.461229193940062,0.0922673284833501,0.757,0.200046592227075
10,3,40.6054794520548,0.459997291689648,0.09149541381606,0.7575,0.19890424458801
10,3,40.7698630136986,0.460857834969038,0.0908106429067149,0.758,0.197046976347523
10,3,40.9342465753425,0.459540576855205,0.0898881949942902,0.761,0.19560447873706
10,3,41.0986301369863,0.456252175685941,0.0888047677511687,0.7635,0.194639658687999
10,3,41.2630136986301,0.456260305456068,0.0878473226206198,0.7665,0.192537728069089
10,3,41.427397260274,0.453637430126633,0.0874435645516335,0.7665,0.192760911565925
10,3,41.5917808219178,0.456754308513984,0.0870853561900776,0.769,0.19066126923554
10,3,41.7561643835616,0.457592652677093,0.086622563633477,0.771,0.189300599838528
10,3,41.9205479452055,0.456715690149391,0.0860470118378485,0.772386193096548,0.188403888225742
10,3,42.0849315068493,0.452943135386286,0.0852713909349165,0.775,0.188260698249007
10,3,42.2493150684932,0.454621636458227,0.0840392527746459,0.774887443721861,0.184855374305019
10,3,42.413698630137,0.451968061036793,0.0830678565543504,0.7755,0.183791430668346
10,3,42.5780821917808,0.449470206081758,0.0829196814365545,0.777,0.184483154421745
10,3,42.7424657534247,0.447580383293868,0.0828611534170165,0.779,0.185131333967808
10,3,42.9068493150685,0.447676975437031,0.0830189332618706,0.78,0.1854438307461
10,3,43.0712328767123,0.448774166573451,0.0827062595922309,0.7815,0.184293717759474
10,3,43.2356164383562,0.448027647144027,0.0824297159518329,0.783,0.183983547616503
10,3,43.4,0.446503486556032,0.0815285772921608,0.7865,0.182593372161562
10,3,43.5643835616438,0.446532392742893,0.0809365910490363,0.787,0.181255811144788
10,3,43.7287671232877,0.447626657857368,0.0793166066939784,0.788,0.177193661954002
10,3,43.8931506849315,0.446790199952285,0.0778026999565809,0.79,0.17413698860201
10,3,44.0575342465753,0.44261942847277,0.0777887548081434,0.7905,0.175746363137625
10,3,44.2219178082192,0.442893060597645,0.0774149339566522,0.792,0.174793738814032
10,3,44.386301369863,0.44119292173255,0.0766510126075334,0.792,0.173735816763622
10,3,44.5506849315069,0.441355458348841,0.076283841760235,0.794,0.172839919201682
10,3,44.7150684931507,0.440373009764947,0.07539588216791,0.795,0.171209135201436
10,3,44.8794520547945,0.440389885563783,0.0743606815484138,0.7965,0.168851928679556
10,3,45.0438356164384,0.440325647572242,0.0740541038360505,0.7985,0.168180309832851
10,3,45.2082191780822,0.437809496776873,0.0736457175478461,0.7995,0.168214070480475
10,3,45.372602739726,0.43685156204697,0.0732119120860219,0.8,0.167589905694672
10,3,45.5369863013699,0.435125689227605,0.0727601172670638,0.8015,0.167216321785599
10,3,45.7013698630137,0.434017447056265,0.0716512852756492,0.8035,0.16508849070844
10,3,45.8657534246575,0.433705513149132,0.0715163666130949,0.805,0.164896143684721
10,3,46.0301369863014,0.435459043227528,0.0711198793595466,0.8065,0.163321626834114
10,3,46.1945205479452,0.435773118445022,0.0718666242544903,0.808,0.164917525227195
10,3,46.358904109589,0.436942260108795,0.071780128383772,0.8095,0.164278292435937
10,3,46.5232876712329,0.435277916570593,0.0708268598554008,0.812,0.162716409813348
10,3,46.6876712328767,0.436037453525147,0.0702562387904494,0.812,0.161124321368411
10,3,46.8520547945205,0.43663768084126,0.0694796205546223,0.814,0.159124197482813
10,3,47.0164383561644,0.435150308901624,0.0697136795329713,0.816,0.160205975054775
10,3,47.1808219178082,0.434509145060306,0.0705622632377083,0.8165,0.162395346657007
10,3,47.3452054794521,0.430981859059413,0.0708280780644365,0.8175,0.16434120503126
10,3,47.5095890410959,0.430353446295706,0.0703305138446006,0.8185,0.163425004377157
10,3,47.6739726027397,0.428551591058151,0.0701230660249623,0.82,0.163628061330537
10,3,47.8383561643836,0.4278025319237,0.0697965974105874,0.821,0.163151436006545
10,3,48.0027397260274,0.426338230620429,0.0681067457632667,0.8215,0.159748155036799
10,3,48.1671232876712,0.426091013200766,0.0667828455857868,0.823,0.156733757616991
10,3,48.3315068493151,0.423089549232158,0.0660617730545169,0.8235,0.156141349211789
10,3,48.4958904109589,0.421701541578663,0.0657068088988755,0.825,0.155813537348947
10,3,48.6602739726027,0.422424789757213,0.0655348202429665,0.8255,0.155139617352079
10,3,48.8246575342466,0.42096738451196,0.0651623110549581,0.826,0.154791828185223
10,3,48.9890410958904,0.420066602985508,0.0656590572825867,0.828,0.156306301943389
10,3,49.1534246575342,0.420446983346461,0.0651627427225338,0.829,0.154984445848284
10,3,49.3178082191781,0.420349502963067,0.0651834806769598,0.83,0.155069722260828
10,3,49.4821917808219,0.417230504963303,0.0654905334388693,0.8305,0.156964873516689
10,3,49.6465753424658,0.416676240602363,0.0649344540263658,0.8315,0.15583910887862
10,3,49.8109589041096,0.418365919632483,0.0633718200100553,0.832,0.151474623137862
10,3,49.9753424657534,0.420181659347275,0.0628880495729761,0.833,0.149668716313484
20,3,0.00273972602739726,0.650239502164502,0.650221929824561,0,0.999972975588407
20,3,0.167123287671233,0.653197977805816,0.652571010843974,0,0.999040157834003
20,3,0.331506849315069,0.654179502409442,0.652090086703933,0,0.99680605140055
20,3,0.495890410958904,0.653891021022247,0.649120351189447,0,0.992704182074039
20,3,0.66027397260274,0.655723996562439,0.643485984009329,0,0.981336640694459
20,3,0.824657534246575,0.655123318545907,0.636005366011383,0,0.970817780418873
20,3,0.989041095890411,0.654257746860431,0.628270909920423,0,0.960280429135596
20,3,1.15342465753425,0.656183885559081,0.619624360649579,0,0.944284634667075
20,3,1.31780821917808,0.656381638170403,0.610527974011797,0,0.930141762821979
20,3,1.48219178082192,0.656035467405328,0.601612052670804,0,0.917041962761902
20,3,1.64657534246575,0.656056614030572,0.59153497138407,0,0.901652325017951
20,3,1.81095890410959,0.655802574057248,0.584033963293669,0,0.890563694619908
20,3,1.97534246575342,0.656392042632233,0.574783702376992,0,0.875671344326511
20,3,2.13972602739726,0.656218174039959,0.565903833927755,0,0.862371473870969
20,3,2.3041095890411,0.654552802037412,0.55868744881386,0,0.853540687741075
20,3,2.46849315068493,0.654057735922583,0.551065517879416,0,0.842533445617165
20,3,2.63287671232877,0.653718321438652,0.543446508584095,0,0.831316012970419
20,3,2.7972602739726,0.654321045654667,0.53897780061008,0,0.823720716595349
20,3,2.96164383561644,0.653118598752926,0.531762979374555,0,0.814190531995124
20,3,3.12602739726027,0.650477224447404,0.527589914053653,0,0.811081301888553
20,3,3.29041095890411,0.651202256335752,0.521085399385408,0,0.800189794054926
20,3,3.45479452054795,0.649914166794313,0.516489930281205,0,0.794704834376484
20,3,3.61917808219178,0.648016909632017,0.509492027483193,0,0.786232612004697
20,3,3.78356164383562,0.645849329572842,0.503475306799261,5e-04,0.779555360276141
20,3,3.94794520547945,0.643556889453528,0.496962528426157,5e-04,0.772212273025543
20,3,4.11232876712329,0.64315865872758,0.491145998326534,5e-04,0.763646717122978
20,3,4.27671232876712,0.643168010682341,0.485993356625406,5e-04,0.755624266993336
20,3,4.44109589041096,0.642777246553855,0.482482296722226,5e-04,0.750621306695245
20,3,4.60547945205479,0.644119452411545,0.477244246679552,5e-04,0.740925064276165
20,3,4.76986301369863,0.646860407765413,0.473615141179813,0.001,0.732175188795249
20,3,4.93424657534247,0.647826979024171,0.468877087189318,0.0015,0.723769003716999
20,3,5.0986301369863,0.646571495367122,0.465142787255407,0.0015,0.719398845430542
20,3,5.26301369863014,0.646150560298288,0.461460381407125,0.0015,0.714168507714513
20,3,5.42739726027397,0.64628816958575,0.459789830051639,0.0015,0.71143160541891
20,3,5.59178082191781,0.644505242689047,0.455495691885865,0.0015,0.706736984768993
20,3,5.75616438356164,0.642426429169832,0.450318635340889,0.0015,0.700965301073943
20,3,5.92054794520548,0.640114432979404,0.447478626731552,0.0025,0.699060361205681
20,3,6.08493150684932,0.641601938451271,0.444256772407898,0.004,0.692418064509384
20,3,6.24931506849315,0.64086940626521,0.440952782136638,0.004,0.688054036947052
20,3,6.41369863013699,0.63976847200083,0.435914790082165,0.004,0.681363351211841
20,3,6.57808219178082,0.638901629545016,0.432936645535073,0.0045,0.677626453767824
20,3,6.74246575342466,0.638707823491166,0.429526442704815,0.005,0.67249284713162
20,3,6.90684931506849,0.636562380852237,0.426344395027692,0.0055,0.669760588831683
20,3,7.07123287671233,0.634655409113583,0.423127611715026,0.0055,0.666704491349099
20,3,7.23561643835616,0.63445422996709,0.419590918986226,0.006,0.661341510809994
20,3,7.4,0.633857736072348,0.417501546565702,0.0065,0.658667588649653
20,3,7.56438356164384,0.634040706656104,0.416016333514882,0.0085,0.656135054338907
20,3,7.72876712328767,0.632941333031105,0.413298253316345,0.0085,0.652980350227869
20,3,7.89315068493151,0.633538464595526,0.412156674675075,0.0095,0.650562985056023
20,3,8.05753424657534,0.634344529177233,0.408855974868241,0.0095,0.644532988088573
20,3,8.22191780821918,0.633544172858088,0.407012817854349,0.0095,0.642437947172973
20,3,8.38630136986301,0.635162361764371,0.402911371778372,0.01,0.634343903280343
20,3,8.55068493150685,0.635998454666243,0.401090064469922,0.0105,0.630646287781319
20,3,8.71506849315069,0.635835486795495,0.397459714993039,0.0105,0.625098352085017
20,3,8.87945205479452,0.636260229817887,0.395567444734061,0.0105,0.621707009484597
20,3,9.04383561643836,0.636516962604027,0.394329560562368,0.0115,0.619511472167441
20,3,9.20821917808219,0.634964916369277,0.392262169224688,0.0115,0.617769831233572
20,3,9.37260273972603,0.634170254277361,0.390697776595039,0.0125,0.616077108568014
20,3,9.53698630136986,0.633281040094522,0.387154291334609,0.014,0.611346727318448
20,3,9.7013698630137,0.632509942274535,0.383309029089848,0.0145,0.606012654459551
20,3,9.86575342465753,0.632798873441468,0.379960424108659,0.015,0.600444217042058
20,3,10.0301369863014,0.63287170314776,0.378085934713556,0.016,0.597413240050144
20,3,10.1945205479452,0.632788713280173,0.376578930152224,0.018,0.595110061619399
20,3,10.358904109589,0.632461405578909,0.374814114334187,0.0185,0.592627646569375
20,3,10.5232876712329,0.63125015175371,0.372743124351584,0.0185,0.59048401543516
20,3,10.6876712328767,0.629961330622372,0.372211099105244,0.0195,0.590847534621715
20,3,10.8520547945205,0.62930386211523,0.370929599349651,0.0225,0.589428448925888
20,3,11.0164383561644,0.630621092187132,0.37091171207796,0.0235,0.588168896780089
20,3,11.1808219178082,0.630865571876188,0.369215099886894,0.025,0.585251623081684
20,3,11.3452054794521,0.630751412978569,0.367546978891594,0.025,0.582712890258848
20,3,11.5095890410959,0.630896041751247,0.366319988981662,0.0255,0.580634470244618
20,3,11.6739726027397,0.630784560987734,0.3643277202526,0.028,0.5775786897544
20,3,11.8383561643836,0.63132201912371,0.360943541787359,0.029,0.571726521258291
20,3,12.0027397260274,0.632868875669611,0.358370375234414,0.0305,0.566263232419572
20,3,12.1671232876712,0.633361396092512,0.357165612626313,0.032,0.563920717034266
20,3,12.3315068493151,0.632002220487814,0.355157933579317,0.033,0.561956781267614
20,3,12.4958904109589,0.633114719192717,0.354397259062632,0.0335,0.559767840359996
20,3,12.6602739726027,0.633693257905596,0.352160574406498,0.0355,0.555727191370814
20,3,12.8246575342466,0.631900625822933,0.350953048020595,0.0375,0.555392784369448
20,3,12.9890410958904,0.631429910988626,0.350485158326623,0.04,0.555065815266606
20,3,13.1534246575342,0.63046698535455,0.349325008140693,0.0425,0.554073434859156
20,3,13.3178082191781,0.630203819584346,0.348008145860406,0.043,0.552215227908228
20,3,13.4821917808219,0.631426908764344,0.346614097240036,0.046,0.548937798546365
20,3,13.6465753424658,0.63045352077873,0.345941656879811,0.046,0.548718732591909
20,3,13.8109589041096,0.629576382083943,0.345896873837676,0.0475,0.549412086731609
20,3,13.9753424657534,0.630463563719099,0.344730064862348,0.0495,0.546788243921326
20,3,14.1397260273973,0.629529494972867,0.34382675894352,0.0525,0.546164654220593
20,3,14.3041095890411,0.629362982832452,0.341451820466472,0.0565,0.542535595166029
20,3,14.4684931506849,0.628544345670783,0.339660167714766,0.059,0.540391732189207
20,3,14.6328767123288,0.629567237919737,0.337523481047164,0.0595,0.536119830762533
20,3,14.7972602739726,0.631729306243671,0.335542269198685,0.0615,0.531148809913307
20,3,14.9616438356164,0.6316453413415,0.334188881811108,0.064,0.529076777644479
20,3,15.1260273972603,0.633075599311006,0.332563477758119,0.068,0.525314003762042
20,3,15.2904109589041,0.634227566834587,0.330492091752132,0.07,0.521093861311658
20,3,15.4547945205479,0.633550624056897,0.330608510684906,0.0715,0.521834401437217
20,3,15.6191780821918,0.633780335932054,0.328542440014679,0.0755,0.518385348026799
20,3,15.7835616438356,0.633842483851598,0.329434901503112,0.077,0.519742538400506
20,3,15.9479452054795,0.632942812960256,0.327796676098863,0.0785,0.517893037707098
20,3,16.1123287671233,0.631294129156984,0.32821166446277,0.081,0.51990292528311
20,3,16.2767123287671,0.630096405885939,0.328038081934694,0.083,0.520615700820353
20,3,16.441095890411,0.630965017969978,0.327915583964769,0.085,0.519704856253016
20,3,16.6054794520548,0.630991260822272,0.326751947889102,0.087,0.517839102023849
20,3,16.7698630136986,0.630939508285688,0.324928072265495,0.0895,0.51499084777295
20,3,16.9342465753425,0.632487415526078,0.32366836754025,0.0925,0.511738826093537
20,3,17.0986301369863,0.635264377677582,0.322932077121674,0.0945,0.508342807292702
20,3,17.2630136986301,0.637555610501487,0.321619265912455,0.0985,0.50445680441817
20,3,17.427397260274,0.637050441284558,0.319665126474434,0.1005,0.501789349411415
20,3,17.5917808219178,0.637296931856818,0.319520382508298,0.101,0.501368148089696
20,3,17.7561643835616,0.635798012985162,0.318911015362771,0.1015,0.501591714427415
20,3,17.9205479452055,0.635568412708042,0.31816476141433,0.103,0.500598763331688
20,3,18.0849315068493,0.634076640912181,0.316018350174395,0.105,0.498391408520856
20,3,18.2493150684931,0.633552586982106,0.31538526557743,0.1055,0.497804400231007
20,3,18.413698630137,0.633557905543805,0.313815528603455,0.1065,0.495322567767656
20,3,18.5780821917808,0.632639718454916,0.312828055477001,0.111,0.494480580892099
20,3,18.7424657534247,0.633865595580372,0.311847746063889,0.114,0.49197771300138
20,3,18.9068493150685,0.633927839574427,0.310173879201429,0.115,0.489288937696217
20,3,19.0712328767123,0.635371653415198,0.307953441679118,0.116,0.484682374518648
20,3,19.2356164383562,0.633931685703702,0.30800048497966,0.118,0.485857533115357
20,3,19.4,0.63286593427479,0.308081456654969,0.119,0.486803665626282
20,3,19.5643835616438,0.633527597584475,0.307721486491803,0.121,0.485727042776177
20,3,19.7287671232877,0.633018486987317,0.306288364662419,0.1215,0.483853743545654
20,3,19.8931506849315,0.633691214719971,0.306449673298206,0.1225,0.483594637545396
20,3,20.0575342465753,0.63232690640764,0.307664554817667,0.1235,0.486559328252475
20,3,20.2219178082192,0.631223909435041,0.307784561199052,0.1255,0.487599656157711
20,3,20.386301369863,0.632046106832568,0.306673333100342,0.1275,0.485207217930987
20,3,20.5506849315069,0.63099599598792,0.305592566554654,0.1305,0.484301910785032
20,3,20.7150684931507,0.631914413003171,0.304776945019807,0.134,0.482307316858554
20,3,20.8794520547945,0.631737993752559,0.302354438965586,0.137,0.478607337148719
20,3,21.0438356164384,0.632384072766513,0.301343069746663,0.1395,0.476519069223814
20,3,21.2082191780822,0.630991662532162,0.300723550842867,0.141,0.476588786666479
20,3,21.372602739726,0.632262910621708,0.301139525119939,0.1415,0.476288455420905
20,3,21.5369863013699,0.63368763540775,0.299875922974524,0.143,0.473223566657676
20,3,21.7013698630137,0.632168738179915,0.300185462478113,0.1455,0.474850216956918
20,3,21.8657534246575,0.631107354167521,0.298586498362693,0.1495,0.473115225786826
20,3,22.0301369863014,0.630500692224508,0.299300041093555,0.1505,0.47470216097238
20,3,22.1945205479452,0.631405679662634,0.29959169271886,0.1515,0.474483683578733
20,3,22.358904109589,0.631337635294875,0.298814308180714,0.1535,0.473303493211124
20,3,22.5232876712329,0.632934996883875,0.298088646694437,0.156,0.470962497194837
20,3,22.6876712328767,0.632843349146486,0.296975788677142,0.1565,0.469272196788782
20,3,22.8520547945205,0.632845124897392,0.296332680187416,0.1585,0.468254662205802
20,3,23.0164383561644,0.631762104066358,0.295698756870621,0.159,0.468053963615966
20,3,23.1808219178082,0.63321843961989,0.294399902991463,0.1615,0.464926294894675
20,3,23.3452054794521,0.632632284638809,0.293652764518022,0.165,0.464176065067052
20,3,23.5095890410959,0.630774819469833,0.293304295749269,0.1665,0.464990495333646
20,3,23.6739726027397,0.634888393597474,0.292878304788551,0.168,0.46130675523774
20,3,23.8383561643836,0.635954041188747,0.291134177668507,0.169,0.457791222026531
20,3,24.0027397260274,0.634862925279991,0.289385993921084,0.1715,0.455824371526275
20,3,24.1671232876712,0.632719479820948,0.289186375667259,0.174,0.457053062044329
20,3,24.3315068493151,0.633211079278232,0.28741849394744,0.175,0.453906293419653
20,3,24.4958904109589,0.632199418301324,0.286437484510988,0.1775,0.453080904883819
20,3,24.6602739726027,0.63374278928403,0.286406725281411,0.18,0.451928968856558
20,3,24.8246575342466,0.633456530805556,0.285712803672541,0.1825,0.451037742572809
20,3,24.9890410958904,0.634559199331583,0.287078869929285,0.1845,0.452406757685778
20,3,25.1534246575342,0.633878549605906,0.286494790570414,0.186,0.451971108264403
20,3,25.3178082191781,0.632301104260102,0.284685372768308,0.188,0.450237032404739
20,3,25.4821917808219,0.631045342962374,0.285134233739638,0.19,0.451844288084127
20,3,25.6465753424658,0.632767814872358,0.283098089972682,0.191,0.447396475166469
20,3,25.8109589041096,0.631412032813951,0.28237595138005,0.1935,0.447213446537616
20,3,25.9753424657534,0.63116344751642,0.282291048025724,0.1945,0.447255063861061
20,3,26.1397260273973,0.631930396905223,0.281424541949558,0.1965,0.44534104282337
20,3,26.3041095890411,0.631052120319307,0.280505534809838,0.1975,0.444504543725967
20,3,26.4684931506849,0.631046758565159,0.279397874574577,0.1985,0.442753046081494
20,3,26.6328767123288,0.631797836810335,0.279841007512899,0.201,0.44292808744913
20,3,26.7972602739726,0.632343119667442,0.279152330676054,0.2015,0.441457053921712
20,3,26.9616438356164,0.631823609641841,0.277680091856495,0.2025,0.439489894994431
20,3,27.1260273972603,0.632009181267492,0.276860281145629,0.2045,0.438063701211408
20,3,27.2904109589041,0.632268919801458,0.276509471531147,0.207,0.437328900522226
20,3,27.4547945205479,0.632831680195102,0.274947873419882,0.2095,0.434472359751515
20,3,27.6191780821918,0.634485423472647,0.27507436340887,0.2115,0.433539295360548
20,3,27.7835616438356,0.63400708967296,0.275559349853187,0.214,0.434631338263629
20,3,27.9479452054795,0.634167013382321,0.275287828093977,0.218,0.434093578323686
20,3,28.1123287671233,0.634806122466426,0.275422654033408,0.2195,0.433868931451547
20,3,28.2767123287671,0.635550845503636,0.274242909057012,0.2205,0.431504278528165
20,3,28.441095890411,0.634801737254405,0.272929669717131,0.222,0.42994474290128
20,3,28.6054794520548,0.634297467617925,0.27176533109051,0.2245,0.428450916115292
20,3,28.7698630136986,0.633036490949836,0.271966573161766,0.2265,0.429622268305094
20,3,28.9342465753425,0.632069064744264,0.272165972904582,0.229,0.430595306882645
20,3,29.0986301369863,0.632728306687773,0.271500487291963,0.232,0.429094896533431
20,3,29.2630136986301,0.633934389457702,0.269745366555491,0.234,0.425509912447318
20,3,29.427397260274,0.634199992009129,0.269021447521279,0.235,0.424190241108371
20,3,29.5917808219178,0.634480650256179,0.268221222661698,0.2375,0.422741375254549
20,3,29.7561643835616,0.634694412113746,0.267698892899924,0.239,0.421776035507224
20,3,29.9205479452055,0.632926059558863,0.266292953959799,0.24,0.420733117143889
20,3,30.0849315068493,0.632722401359787,0.265336313333004,0.2405,0.41935659740001
20,3,30.2493150684931,0.631383780223714,0.264377564695257,0.2425,0.418727203605993
20,3,30.413698630137,0.633194656949089,0.263602315523749,0.2455,0.416305337751679
20,3,30.5780821917808,0.634916182554953,0.263695240814159,0.246,0.415322916724265
20,3,30.7424657534247,0.6339038840858,0.262540458876649,0.248,0.414164458473508
20,3,30.9068493150685,0.631377233018161,0.261492557609521,0.2505,0.414162158428667
20,3,31.0712328767123,0.631446879135554,0.26068642171671,0.254,0.412839829177061
20,3,31.2356164383562,0.630527693850191,0.260227417441656,0.257,0.412713699936999
20,3,31.4,0.63031190069102,0.259140207261552,0.2585,0.411130119830281
20,3,31.5643835616438,0.630276468867395,0.259025320368793,0.2605,0.410970951897127
20,3,31.7287671232877,0.629069504645838,0.260330046269226,0.263,0.413833518151209
20,3,31.8931506849315,0.629990619307321,0.259399909187749,0.265,0.411752018582373
20,3,32.0575342465753,0.630139547627235,0.259339272650152,0.268,0.411558477208237
20,3,32.2219178082192,0.629409559707111,0.259461973700373,0.269,0.41223074816517
20,3,32.386301369863,0.630469121601691,0.259205341236102,0.27,0.411130906106229
20,3,32.5506849315069,0.6299744892733,0.258684537947964,0.2715,0.410627005303607
20,3,32.7150684931507,0.628404691747459,0.258737655359693,0.2725,0.411737306798583
20,3,32.8794520547945,0.627096633761727,0.259740453979249,0.2745,0.414195261137282
20,3,33.0438356164384,0.626821023660089,0.2586603942541,0.2785,0.412654305600263
20,3,33.2082191780822,0.626286277112648,0.258790959238603,0.281,0.413215120139148
20,3,33.372602739726,0.627293359934577,0.257136788228096,0.282,0.409914729935789
20,3,33.5369863013699,0.625765273309014,0.25709478839373,0.2825,0.410848603077998
20,3,33.7013698630137,0.628044932568945,0.256366354383059,0.283,0.408197472964907
20,3,33.8657534246575,0.628953827456442,0.256200650683879,0.2835,0.407344131635199
20,3,34.0301369863014,0.629380063430077,0.256455740006293,0.285,0.40747356789255
20,3,34.1945205479452,0.630044445504067,0.255445353474123,0.287,0.405440211872281
20,3,34.358904109589,0.628107019641319,0.25475865045601,0.2875,0.405597521583966
20,3,34.5232876712329,0.629295969619349,0.2553679228439,0.2875,0.405799393564157
20,3,34.6876712328767,0.631820160731755,0.254580719509148,0.2895,0.402932250870724
20,3,34.8520547945205,0.632872367249287,0.253765108046968,0.291,0.400973594644259
20,3,35.0164383561644,0.63316129076998,0.254248648128657,0.2915,0.401554314571992
20,3,35.1808219178082,0.633430582862958,0.252491809205893,0.2955,0.398610070364284
20,3,35.3452054794521,0.633173078526012,0.251905634376557,0.297,0.397846407119801
20,3,35.5095890410959,0.632495963411815,0.251604520337664,0.298,0.39779624676252
20,3,35.6739726027397,0.632323255113374,0.251181690412282,0.3005,0.397236205344442
20,3,35.8383561643836,0.632381837329308,0.250827441295843,0.3035,0.396639224104134
20,3,36.0027397260274,0.632932553392959,0.250281713171149,0.3045,0.395431885798044
20,3,36.1671232876712,0.633418949756477,0.250104698663382,0.3045,0.394848778615697
20,3,36.3315068493151,0.632982312390811,0.250337914983329,0.3055,0.395489589650284
20,3,36.4958904109589,0.633127168327868,0.249021973142742,0.3065,0.393320624354861
20,3,36.6602739726027,0.631826777846555,0.247858758427365,0.3085,0.392289100617322
20,3,36.8246575342466,0.632326001215585,0.246520367793785,0.3105,0.389862772240702
20,3,36.9890410958904,0.634149678047967,0.245062714506642,0.3135,0.386443016514637
20,3,37.1534246575342,0.63498357749499,0.244674754801941,0.314,0.385324539836421
20,3,37.3178082191781,0.636224195919077,0.244145695675456,0.3155,0.383741607504833
20,3,37.4821917808219,0.636876053068101,0.24476731698528,0.3175,0.384324886775272
20,3,37.6465753424658,0.636390711536159,0.244922722607258,0.3175,0.384862189481126
20,3,37.8109589041096,0.633391007226731,0.243363796129375,0.3185,0.384223636509981
20,3,37.9753424657534,0.633702736876593,0.241963073184549,0.321,0.381824251504959
20,3,38.1397260273973,0.633273895008924,0.240182510407224,0.323,0.379271137339144
20,3,38.3041095890411,0.632084527016269,0.239903455005908,0.3255,0.379543312250283
20,3,38.4684931506849,0.632806781393924,0.237917431302862,0.3265,0.375971684087813
20,3,38.6328767123288,0.634075976565987,0.236452572114357,0.3295,0.372908895547394
20,3,38.7972602739726,0.63367801163988,0.236153843591296,0.33,0.372671671185433
20,3,38.9616438356164,0.631809055048639,0.235451915409403,0.3305,0.372663091052529
20,3,39.1260273972603,0.632048128397797,0.235582061355916,0.333,0.372728042013355
20,3,39.2904109589041,0.632107036965735,0.235408894673215,0.3345,0.372419354486598
20,3,39.4547945205479,0.631939610339514,0.236925142414894,0.335,0.374917379031842
20,3,39.6191780821918,0.631834095318953,0.236276392601038,0.336,0.373953217073169
20,3,39.7835616438356,0.630653850053406,0.235798956749634,0.338,0.373896007658823
20,3,39.9479452054794,0.62978674249822,0.234021570169502,0.3415,0.371588594007539
20,3,40.1123287671233,0.628814024340754,0.23339183414233,0.3435,0.371161941540692
20,3,40.2767123287671,0.630660682073046,0.232491412381265,0.344,0.368647386764372
20,3,40.441095890411,0.630538151250124,0.231163028914761,0.345,0.366612279457555
20,3,40.6054794520548,0.632778898387257,0.230863825078615,0.348,0.364841219685123
20,3,40.7698630136986,0.632899142006198,0.2293742111153,0.349,0.362418268396158
20,3,40.9342465753425,0.631630968153355,0.228775990313723,0.3505,0.362198818374241
20,3,41.0986301369863,0.631145775479276,0.227115642700384,0.353,0.35984657035519
20,3,41.2630136986301,0.62995608567856,0.226971339130893,0.355,0.360297081480544
20,3,41.427397260274,0.631230959897495,0.227054135138314,0.356,0.359700568513283
20,3,41.5917808219178,0.630938887503973,0.227036707265171,0.356,0.359839457928073
20,3,41.7561643835616,0.630147246969117,0.225471721431106,0.357,0.357807992521717
20,3,41.9205479452055,0.628120346733476,0.226197414836362,0.358,0.360117955122288
20,3,42.0849315068493,0.627831035928228,0.224663566037942,0.361,0.357840809360091
20,3,42.2493150684932,0.628085702439276,0.224667659918885,0.362,0.357702235612673
20,3,42.413698630137,0.628749403993765,0.225306287725817,0.363,0.358340359918736
20,3,42.5780821917808,0.627920192175927,0.224759255505166,0.3635,0.357942391892686
20,3,42.7424657534247,0.626766099495596,0.223224258751617,0.3655,0.356152413047326
20,3,42.9068493150685,0.626416473089826,0.221452019772458,0.3665,0.353522024540856
20,3,43.0712328767123,0.625519542991812,0.220042148654835,0.368,0.351775018255049
20,3,43.2356164383562,0.625649747993072,0.220850312560958,0.3705,0.352993529158112
20,3,43.4,0.625371384602457,0.221036143388887,0.373,0.353447805305959
20,3,43.5643835616438,0.625005272620279,0.220433489781765,0.374,0.352690608284978
20,3,43.7287671232877,0.625696153305668,0.220314128979268,0.3765,0.35211040984559
20,3,43.8931506849315,0.625845341874603,0.219227895743257,0.377,0.350290848353367
20,3,44.0575342465753,0.625276705080913,0.218889135152997,0.377,0.350067631457135
20,3,44.2219178082192,0.626267307482377,0.217496882565169,0.378,0.347290813310241
20,3,44.386301369863,0.628006593198179,0.216102878714019,0.3795,0.344109251486511
20,3,44.5506849315069,0.629426011338148,0.215392638344832,0.3815,0.342204857226843
20,3,44.7150684931507,0.628878106401634,0.21459414645905,0.3825,0.341233291912374
20,3,44.8794520547945,0.628598761855644,0.214222201786276,0.3845,0.340793228981052
20,3,45.0438356164384,0.62677000384776,0.213509938661591,0.3845,0.340651175631966
20,3,45.2082191780822,0.625934717816554,0.212168897918201,0.3865,0.338963300611139
20,3,45.372602739726,0.625325907491736,0.211968456656989,0.3875,0.338972772625434
20,3,45.5369863013699,0.625908185741629,0.210756287054193,0.3885,0.336720771281289
20,3,45.7013698630137,0.628186353375977,0.210018855573022,0.391,0.334325721092707
20,3,45.8657534246575,0.627092273833103,0.208874365103678,0.3925,0.333083939667975
20,3,46.0301369863014,0.627811106470838,0.207929152086751,0.395,0.331196995312171
20,3,46.1945205479452,0.626537505549833,0.207384349029393,0.397,0.33100069380108
20,3,46.358904109589,0.626267474724022,0.205790447670754,0.3985,0.328598332144647
20,3,46.5232876712329,0.62577192833545,0.205383499108896,0.4005,0.328208233397773
20,3,46.6876712328767,0.625751021276275,0.204810601200357,0.4015,0.327303662697389
20,3,46.8520547945205,0.625437209150355,0.206184281190781,0.402,0.329664238350767
20,3,47.0164383561644,0.626096938089556,0.206127110967739,0.4025,0.329225553468934
20,3,47.1808219178082,0.626694976407287,0.206571604452292,0.404,0.329620648367927
20,3,47.3452054794521,0.626739523855524,0.205882221924605,0.405,0.32849726894209
20,3,47.5095890410959,0.627352673416135,0.205936904048707,0.407,0.32826337206362
20,3,47.6739726027397,0.626313025064815,0.205040061177444,0.4075,0.327376332555474
20,3,47.8383561643836,0.624734686504655,0.203785962543901,0.409,0.32619601079631
20,3,48.0027397260274,0.623933088317874,0.203550047604442,0.41,0.326236981842417
20,3,48.1671232876712,0.622645155384034,0.204056125389397,0.4115,0.327724585383692
20,3,48.3315068493151,0.622600401231523,0.203406842827571,0.4125,0.326705287091409
20,3,48.4958904109589,0.624060809590999,0.204622567222211,0.4135,0.327888827622932
20,3,48.6602739726027,0.626580127666995,0.202578521012996,0.415,0.32330824433784
20,3,48.8246575342466,0.626512136263419,0.202103955736121,0.417,0.322585859136727
20,3,48.9890410958904,0.625586218386748,0.201018035934501,0.4185,0.3213274685828
20,3,49.1534246575342,0.625631695076312,0.200655481234284,0.419,0.320724609723951
20,3,49.3178082191781,0.624319557345996,0.201015093260271,0.422,0.321974685711902
20,3,49.4821917808219,0.626013894433193,0.201433916036503,0.4235,0.321772276666296
20,3,49.6465753424658,0.623778878616546,0.201091078535147,0.424,0.322375581201369
20,3,49.8109589041096,0.621841729264415,0.199428621205288,0.4245,0.320706398139596
20,3,49.9753424657534,0.622666897588716,0.19902741646061,0.425,0.319637059929388
50,3,0.00273972602739726,0.660023783821221,0.660081282820821,0,1.00008711655702
50,3,0.167123287671233,0.661455170215875,0.659652065783041,0,0.997274033806033
50,3,0.331506849315069,0.662421906739062,0.657485854954579,0,0.992548477436711
50,3,0.495890410958904,0.663421229790156,0.652619274910921,0,0.983717803419328
50,3,0.66027397260274,0.663893490652673,0.647219568543571,0,0.974884642877413
50,3,0.824657534246575,0.664367141355699,0.640913426261557,0,0.964697659420238
50,3,0.989041095890411,0.664497370763467,0.633807204434286,0,0.953814465369638
50,3,1.15342465753425,0.663431321646997,0.625017722553711,0,0.942098604874544
50,3,1.31780821917808,0.663998024847613,0.61585691735407,0,0.92749811642197
50,3,1.48219178082192,0.663405863091321,0.606251019201893,0,0.913846338916724
50,3,1.64657534246575,0.663070798505029,0.597365053778124,0,0.900906894293873
50,3,1.81095890410959,0.661113444899291,0.589005869636669,0,0.890930103117769
50,3,1.97534246575342,0.661548638348728,0.579844226453165,0,0.876495230797386
50,3,2.13972602739726,0.661193047037874,0.572528528322403,0,0.865902221578577
50,3,2.3041095890411,0.661880959480121,0.56541728252681,0,0.854258268693694
50,3,2.46849315068493,0.661134284366447,0.559570978160103,0,0.846380215626437
50,3,2.63287671232877,0.66154192922745,0.552997391683877,0,0.835921907972891
50,3,2.7972602739726,0.661514244732631,0.546355734676347,0,0.825916809844619
50,3,2.96164383561644,0.662548381415144,0.540152001350553,0,0.815264238057357
50,3,3.12602739726027,0.661828917042848,0.534574881640277,0,0.807723669779856
50,3,3.29041095890411,0.661067508228791,0.52847549178863,0,0.799427418849526
50,3,3.45479452054795,0.66086863352561,0.522482087248484,0,0.790599009762561
50,3,3.61917808219178,0.661975568325062,0.516988306847427,0,0.780977926655989
50,3,3.78356164383562,0.661887502921285,0.51209255472383,0,0.7736851843609
50,3,3.94794520547945,0.66243657508845,0.507462830048657,0,0.766054969082738
50,3,4.11232876712329,0.662455816345705,0.503403270503375,0,0.759904673009426
50,3,4.27671232876712,0.662503128696351,0.498630302186798,0,0.752645958318694
50,3,4.44109589041096,0.661976460505408,0.494669216196492,0,0.747261036772848
50,3,4.60547945205479,0.661529227858428,0.489529941743022,0,0.739997450041293
50,3,4.76986301369863,0.662081887307488,0.484652974510915,0,0.732013643330239
50,3,4.93424657534247,0.661492025982701,0.480626312756301,0,0.726579148164773
50,3,5.0986301369863,0.660419190518655,0.477276677011549,0,0.722687474657912
50,3,5.26301369863014,0.660250527165408,0.473525901475639,0,0.717191250885605
50,3,5.42739726027397,0.660827728622623,0.470071073439037,0,0.711336787302822
50,3,5.59178082191781,0.660508026028313,0.467420793884159,0,0.707668605777279
50,3,5.75616438356164,0.660339144716424,0.46458778240623,0,0.703559354497668
50,3,5.92054794520548,0.659865561375754,0.46034441267046,0,0.697633638753154
50,3,6.08493150684932,0.65839043100837,0.457832267274134,0,0.695381107791819
50,3,6.24931506849315,0.658552256468842,0.456073982947265,0,0.692540308635088
50,3,6.41369863013699,0.658071574099008,0.453374339771232,0,0.688943813432399
50,3,6.57808219178082,0.657775810623844,0.451577075543315,0,0.686521255798435
50,3,6.74246575342466,0.657040803172312,0.447898260459438,0,0.681690175552118
50,3,6.90684931506849,0.655931075607862,0.445620465693168,0,0.679370870300976
50,3,7.07123287671233,0.656043669994608,0.443307566025278,0,0.67572874535764
50,3,7.23561643835616,0.655968406946889,0.440590358084249,0,0.671663990854245
50,3,7.4,0.655171382874551,0.438082125338323,0,0.66865271711998
50,3,7.56438356164384,0.655088460383614,0.435931000781809,0,0.665453640454194
50,3,7.72876712328767,0.655491466542265,0.434284747817317,0,0.662533030533839
50,3,7.89315068493151,0.656023063828937,0.432275846687438,0,0.658933916384619
50,3,8.05753424657534,0.655806707572004,0.4305701661602,0,0.656550415219603
50,3,8.22191780821918,0.655897924648278,0.428218567635171,0,0.652873795666912
50,3,8.38630136986301,0.655893505854898,0.425726467436742,0,0.649078644073241
50,3,8.55068493150685,0.655123590879797,0.42308533891895,0,0.645809958317587
50,3,8.71506849315069,0.653601909028617,0.421058421436351,0,0.64421234947451
50,3,8.87945205479452,0.654150042359158,0.419149058693003,0,0.640753698006903
50,3,9.04383561643836,0.654131535323951,0.417206878587201,0,0.637802729355625
50,3,9.20821917808219,0.653959069891791,0.415027922955311,0,0.634638988987468
50,3,9.37260273972603,0.654811377222677,0.412556899443315,0,0.630039296496554
50,3,9.53698630136986,0.655730715893983,0.410771091074715,0,0.626432590571412
50,3,9.7013698630137,0.65553144655827,0.409652645408185,0,0.624916848091697
50,3,9.86575342465753,0.655899592753062,0.407674162056098,0,0.621549649611663
50,3,10.0301369863014,0.655890469021517,0.405853985646488,0,0.618783173129436
50,3,10.1945205479452,0.656668671628307,0.403984292063819,0,0.615202627319011
50,3,10.358904109589,0.656915320707302,0.403336533993644,0,0.613985579692937
50,3,10.5232876712329,0.656194501884188,0.402006074218397,0,0.612632493969519
50,3,10.6876712328767,0.656105288184696,0.401287541249553,0,0.611620647594276
50,3,10.8520547945205,0.657999594429039,0.400201134427907,0,0.60820878586585
50,3,11.0164383561644,0.659030331562404,0.399260453270787,0,0.605830163118949
50,3,11.1808219178082,0.658785995446097,0.397368513608789,0,0.603183000785726
50,3,11.3452054794521,0.659394596625012,0.395851257301335,0,0.600325297367352
50,3,11.5095890410959,0.659391874971124,0.393892047400591,0,0.597356537670168
50,3,11.6739726027397,0.659254847881125,0.392864323205713,0,0.595921781187346
50,3,11.8383561643836,0.659395465443194,0.391703252395559,0,0.594033888498591
50,3,12.0027397260274,0.65890777320577,0.391210046746325,0,0.593725044163585
50,3,12.1671232876712,0.659118272789696,0.390310929148348,0,0.59217130712576
50,3,12.3315068493151,0.658839577399283,0.388888179985569,0,0.590262323828016
50,3,12.4958904109589,0.658841348996138,0.386941596146661,0,0.587306180366845
50,3,12.6602739726027,0.659378446632916,0.385795176238246,0,0.585089152076915
50,3,12.8246575342466,0.657646592072546,0.384558561286065,0,0.584749569026344
50,3,12.9890410958904,0.657291786711954,0.382766539026296,0,0.582338843667975
50,3,13.1534246575342,0.657323664793868,0.380991600813316,0,0.579610352128114
50,3,13.3178082191781,0.658269879121837,0.378948802405439,0,0.575673921023053
50,3,13.4821917808219,0.657596679403705,0.378301164138176,0,0.575278397818571
50,3,13.6465753424658,0.657935547611868,0.377045481616737,0,0.573073582944883
50,3,13.8109589041096,0.657795626919463,0.376105046059006,0,0.571765804860017
50,3,13.9753424657534,0.656435203225747,0.375943622880901,0,0.572704847384022
50,3,14.1397260273973,0.657182241874125,0.375544927402823,0,0.571447162558532
50,3,14.3041095890411,0.6564226433108,0.375221959566296,0,0.57161641724269
50,3,14.4684931506849,0.655505700289498,0.374911196052564,0,0.571941931072435
50,3,14.6328767123288,0.655409848227093,0.374960280553921,0,0.572100467468107
50,3,14.7972602739726,0.65573174171446,0.374310189474497,0,0.570828229995141
50,3,14.9616438356164,0.654827137946694,0.373481634249626,0,0.570351490655583
50,3,15.1260273972603,0.653687637882159,0.373261689068978,0,0.571009251877984
50,3,15.2904109589041,0.655045749012614,0.372849562600491,0,0.569196217458869
50,3,15.4547945205479,0.654340144307669,0.370646395146894,0,0.566443001199414
50,3,15.6191780821918,0.654382131549475,0.371012104249128,0,0.566965518099692
50,3,15.7835616438356,0.654921321761731,0.370059393960112,5e-04,0.565044046763749
50,3,15.9479452054795,0.655964285947095,0.370234822318444,5e-04,0.564413078958851
50,3,16.1123287671233,0.656751453954027,0.370030956130644,5e-04,0.563426169676279
50,3,16.2767123287671,0.658088210780467,0.368819041140802,5e-04,0.560440128084648
50,3,16.441095890411,0.658155692471692,0.368293156174499,5e-04,0.559583637104742
50,3,16.6054794520548,0.656432343851182,0.36727897292302,5e-04,0.559507733528568
50,3,16.7698630136986,0.655983543407355,0.366831749795788,5e-04,0.55920876900412
50,3,16.9342465753425,0.655599896372592,0.367435967331125,5e-04,0.560457634853412
50,3,17.0986301369863,0.656488259164091,0.367779199352647,5e-04,0.560222051527535
50,3,17.2630136986301,0.655735806331022,0.36672607854313,5e-04,0.559258889025809
50,3,17.427397260274,0.656102245229416,0.367410779767549,5e-04,0.559990127208112
50,3,17.5917808219178,0.657172489733093,0.367404317631124,5e-04,0.559068316722058
50,3,17.7561643835616,0.655878413296449,0.366744218280755,5e-04,0.559164947108864
50,3,17.9205479452055,0.657005029380266,0.366767988502221,0.001,0.558242284458892
50,3,18.0849315068493,0.657649354986956,0.367055737676807,0.001,0.558132893909835
50,3,18.2493150684931,0.658228851031238,0.365923423626956,0.001,0.555921277309052
50,3,18.413698630137,0.658442666414271,0.365881197794519,0.001,0.555676623732519
50,3,18.5780821917808,0.659089328308002,0.365621098091158,0.001,0.554736789669728
50,3,18.7424657534247,0.659275647320547,0.365354234287491,0.001,0.554175231213798
50,3,18.9068493150685,0.660843997036584,0.364315802415834,0.001,0.551288661241581
50,3,19.0712328767123,0.659231620031121,0.364753960342069,0.001,0.553301676161786
50,3,19.2356164383562,0.65971287286413,0.365047898302259,0.001,0.553343603433734
50,3,19.4,0.65983134317981,0.364383193581747,0.001,0.552236866811658
50,3,19.5643835616438,0.658841494409932,0.363286576196804,0.001,0.551402088786422
50,3,19.7287671232877,0.659411540609033,0.362845442871141,0.001,0.550256433995706
50,3,19.8931506849315,0.659191015736615,0.362983681515809,0.001,0.550650225580201
50,3,20.0575342465753,0.658837681718691,0.364325642171491,0.001,0.552982399581465
50,3,20.2219178082192,0.658180831144239,0.363882692869087,0.001,0.552861274061236
50,3,20.386301369863,0.657108831587178,0.363214206059721,0.001,0.552745890178367
50,3,20.5506849315069,0.657343853599988,0.36225959389766,0.001,0.551096038874815
50,3,20.7150684931507,0.657177206562255,0.360906696140638,0.0015,0.549177135994367
50,3,20.8794520547945,0.657859058773859,0.361383578318017,0.0015,0.549332829727354
50,3,21.0438356164384,0.657243084980634,0.360890493325983,0.0015,0.549097436813073
50,3,21.2082191780822,0.657173086577773,0.361320089617687,0.0015,0.549809627018143
50,3,21.372602739726,0.656792878660535,0.361070354520827,0.002,0.549747669702501
50,3,21.5369863013699,0.657120996984977,0.36084123771888,0.002,0.549124498189076
50,3,21.7013698630137,0.657426483010615,0.361143989566205,0.0025,0.549329847365418
50,3,21.8657534246575,0.656651726864405,0.359965342602706,0.004,0.548183044186278
50,3,22.0301369863014,0.65645262739941,0.359739573752766,0.004,0.548005383386008
50,3,22.1945205479452,0.655031530061936,0.360554710406118,0.004,0.55043870998397
50,3,22.358904109589,0.654451069855211,0.359750823437446,0.004,0.549698579478274
50,3,22.5232876712329,0.653652956744233,0.35949210514942,0.0045,0.549973960096512
50,3,22.6876712328767,0.653112456020668,0.358784311716916,0.0045,0.549345382115269
50,3,22.8520547945205,0.653369435088224,0.359189780036427,0.0045,0.549749897602611
50,3,23.0164383561644,0.653646358844271,0.358368376156542,0.0045,0.548260341861587
50,3,23.1808219178082,0.652842630705267,0.357644727556932,0.0045,0.547826858626814
50,3,23.3452054794521,0.654036345560121,0.35776674704195,0.0045,0.547013555853011
50,3,23.5095890410959,0.654130911807312,0.357634269958999,0.0045,0.546731951515459
50,3,23.6739726027397,0.654350791496927,0.358556651556628,0.0045,0.547957848016621
50,3,23.8383561643836,0.654553075685101,0.358968017502525,0.0045,0.548416974630825
50,3,24.0027397260274,0.654967966559263,0.359216635159208,0.0045,0.54844916621843
50,3,24.1671232876712,0.654259974983236,0.359218761950098,0.0045,0.549045907873704
50,3,24.3315068493151,0.653950420585317,0.358886912689117,0.0045,0.548798351361096
50,3,24.4958904109589,0.654474603154462,0.359632951936748,0.0045,0.54949871271303
50,3,24.6602739726027,0.653551081407368,0.360481576637916,0.0045,0.551573682445217
50,3,24.8246575342466,0.654126524267773,0.360963966828644,0.0045,0.551825913545864
50,3,24.9890410958904,0.654838325782275,0.360743445246566,0.0045,0.550889328011794
50,3,25.1534246575342,0.654905755654418,0.361448344171276,0.0045,0.551908944226787
50,3,25.3178082191781,0.65595854993154,0.361284517012046,0.0045,0.5507733942179
50,3,25.4821917808219,0.65573468973788,0.361039636171709,0.0045,0.550587976847814
50,3,25.6465753424658,0.655741922203244,0.360955259877087,0.0045,0.550453231149694
50,3,25.8109589041096,0.655390150305678,0.360879438599234,0.0045,0.550632990793221
50,3,25.9753424657534,0.655762719084038,0.361331050475886,0.0045,0.551008832860442
50,3,26.1397260273973,0.654303061130564,0.360797062664515,0.0045,0.55142193900346
50,3,26.3041095890411,0.654368379332394,0.360682820030438,0.005,0.55119231219335
50,3,26.4684931506849,0.653961896888753,0.361756798422152,0.005,0.553177180724478
50,3,26.6328767123288,0.653194592479168,0.362824528194811,0.005,0.555461622573648
50,3,26.7972602739726,0.653772333745294,0.364069353342635,0.005,0.556874824079777
50,3,26.9616438356164,0.654956952646311,0.36477029676723,0.005,0.556937819032838
50,3,27.1260273972603,0.655629829240595,0.364288034452338,0.005,0.55563065956637
50,3,27.2904109589041,0.65629477882378,0.364308498116498,0.005,0.555098882196528
50,3,27.4547945205479,0.655871315276914,0.364250316107772,0.005,0.555368572498071
50,3,27.6191780821918,0.65673324788344,0.364614942104883,0.0055,0.555194888152818
50,3,27.7835616438356,0.656918726702785,0.364726888233046,0.0055,0.555208541646678
50,3,27.9479452054795,0.657621705035081,0.365201977827592,0.0055,0.555337475985697
50,3,28.1123287671233,0.657290065061309,0.36539171255224,0.0065,0.555906337209216
50,3,28.2767123287671,0.659168374722772,0.364574823641021,0.007,0.553083002190982
50,3,28.441095890411,0.6589873378035,0.364439189821934,0.007,0.553029123498279
50,3,28.6054794520548,0.657499473705885,0.364496090123929,0.007,0.554367120736246
50,3,28.7698630136986,0.657715017188588,0.363983806901624,0.007,0.553406562704738
50,3,28.9342465753425,0.657349809073275,0.363770439833681,0.007,0.553389435598256
50,3,29.0986301369863,0.658441399899765,0.363561522306188,0.007,0.552154713178018
50,3,29.2630136986301,0.6581198449525,0.363830969672037,0.007,0.552833913856976
50,3,29.427397260274,0.658830717188509,0.363125769978656,0.0075,0.551167030475229
50,3,29.5917808219178,0.658732658976157,0.363491450024559,0.0075,0.551804203224902
50,3,29.7561643835616,0.658492775426864,0.363953198951674,0.0075,0.552706441943487
50,3,29.9205479452055,0.657822016953515,0.363286547028065,0.0075,0.552256594740483
50,3,30.0849315068493,0.658147115032773,0.362703364238362,0.0075,0.551097704379212
50,3,30.2493150684931,0.658050539829532,0.362567506660665,0.0075,0.5509721286067
50,3,30.413698630137,0.658910077384479,0.362522033464893,0.0075,0.55018438161382
50,3,30.5780821917808,0.658473120507963,0.36112259152162,0.0075,0.548424195725774
50,3,30.7424657534247,0.658724297679458,0.361808578131898,0.008,0.549256463449838
50,3,30.9068493150685,0.65935781447915,0.361712167177503,0.0085,0.548582513522239
50,3,31.0712328767123,0.659030393682801,0.360440824280602,0.009,0.54692595020752
50,3,31.2356164383562,0.657388530279875,0.360428077580531,0.009,0.548272537440049
50,3,31.4,0.656194999702697,0.359745278965021,0.009,0.548229229311425
50,3,31.5643835616438,0.657385830134518,0.36067719063503,0.009,0.548653734384913
50,3,31.7287671232877,0.657295505575089,0.361356628999683,0.009,0.549762817385341
50,3,31.8931506849315,0.657707308749716,0.36218877780716,0.009,0.550683826968064
50,3,32.0575342465753,0.65804578507822,0.362953475534014,0.0095,0.551562647712836
50,3,32.2219178082192,0.657071435338733,0.362707381672753,0.0095,0.552006010557695
50,3,32.386301369863,0.656937263035534,0.362731141925416,0.0095,0.552154920013718
50,3,32.5506849315069,0.656539415333462,0.362647778136178,0.0095,0.552362538587247
50,3,32.7150684931507,0.657877012670194,0.363028712476424,0.0095,0.551818509363873
50,3,32.8794520547945,0.657911731692663,0.363120758262948,0.0095,0.551929295026732
50,3,33.0438356164384,0.657042799970932,0.363165577576647,0.0095,0.552727429008755
50,3,33.2082191780822,0.656175582275339,0.36205250800428,0.0095,0.551761628722658
50,3,33.372602739726,0.656799125510152,0.361503021419099,0.0095,0.550401191746884
50,3,33.5369863013699,0.657247778033377,0.360928323489996,0.0095,0.549151074454705
50,3,33.7013698630137,0.657554812815,0.360998300964222,0.0095,0.549001077824653
50,3,33.8657534246575,0.656184982423947,0.361923595395092,0.01,0.551557266760581
50,3,34.0301369863014,0.655601198031295,0.361438332654872,0.0105,0.551308224787013
50,3,34.1945205479452,0.655795491270313,0.360530821339657,0.0105,0.54976105529681
50,3,34.358904109589,0.655903343263627,0.361044195243058,0.0105,0.550453354066749
50,3,34.5232876712329,0.656748365292114,0.360040850074044,0.011,0.548217352492232
50,3,34.6876712328767,0.65675891592104,0.360148758670377,0.011,0.548372850279929
50,3,34.8520547945205,0.656206515950509,0.359570388140363,0.011,0.547953090071848
50,3,35.0164383561644,0.656389899291669,0.35913045439926,0.011,0.547129769648815
50,3,35.1808219178082,0.655973948263519,0.359196994663505,0.011,0.547578140281888
50,3,35.3452054794521,0.656334462331523,0.358039158061397,0.0115,0.545513268935355
50,3,35.5095890410959,0.65599309443365,0.357523884456157,0.0115,0.545011658643791
50,3,35.6739726027397,0.655447125068143,0.357696798452117,0.0115,0.545729449061096
50,3,35.8383561643836,0.655357848500428,0.357547749851868,0.0115,0.545576360563925
50,3,36.0027397260274,0.65525106505018,0.357889395238943,0.0115,0.54618666695572
50,3,36.1671232876712,0.655195238517951,0.357187574986449,0.012,0.545162043293242
50,3,36.3315068493151,0.655055247174203,0.357048621631874,0.012,0.545066424812442
50,3,36.4958904109589,0.654830866721171,0.356207504812783,0.012,0.543968714542067
50,3,36.6602739726027,0.653739413174134,0.356521538927747,0.012,0.545357265820505
50,3,36.8246575342466,0.653139361041495,0.356243621435799,0.013,0.545432786148019
50,3,36.9890410958904,0.653238856088667,0.356519183594772,0.013,0.545771550898651
50,3,37.1534246575342,0.65408316008377,0.356869751249596,0.013,0.54560302577411
50,3,37.3178082191781,0.65428983277736,0.357848212508697,0.013,0.546926139734873
50,3,37.4821917808219,0.654299727180163,0.357443733525374,0.013,0.546299682969225
50,3,37.6465753424658,0.654278052201942,0.357026696933263,0.013,0.545680381195283
50,3,37.8109589041096,0.655282098121069,0.357463494108752,0.013,0.5455108496535
50,3,37.9753424657534,0.655141500698547,0.357804006624005,0.013,0.54614767381168
50,3,38.1397260273973,0.655811079200594,0.357109288326658,0.014,0.544530734006444
50,3,38.3041095890411,0.655590883503187,0.357542998712316,0.014,0.545375183989388
50,3,38.4684931506849,0.654565197680302,0.356851167780016,0.0145,0.545172839993101
50,3,38.6328767123288,0.655563077438547,0.357231488095129,0.015,0.544923136139582
50,3,38.7972602739726,0.654644517097995,0.356547523692593,0.015,0.544642954122871
50,3,38.9616438356164,0.654686592908735,0.355694999573996,0.015,0.543305764050647
50,3,39.1260273972603,0.654280579672046,0.355111676428904,0.015,0.542751363041986
50,3,39.2904109589041,0.65337782974521,0.355885482673757,0.015,0.544685580795628
50,3,39.4547945205479,0.654001625645887,0.356024042798958,0.015,0.544377917176202
50,3,39.6191780821918,0.654147161442826,0.356207401891768,0.0155,0.544537105543798
50,3,39.7835616438356,0.653792191389321,0.356525272270064,0.0155,0.545318951443028
50,3,39.9479452054794,0.654245025899004,0.356427259632435,0.0155,0.54479169962762
50,3,40.1123287671233,0.655021758490455,0.357284000938429,0.016,0.545453637695663
50,3,40.2767123287671,0.655610532351341,0.357623039094787,0.016,0.545480924188596
50,3,40.441095890411,0.65597360965522,0.357833579943083,0.016,0.545499963224374
50,3,40.6054794520548,0.654393252839532,0.357686597451553,0.016,0.54659273441388
50,3,40.7698630136986,0.653702583200526,0.358063955146917,0.016,0.547747499166726
50,3,40.9342465753425,0.653133432122731,0.357408574994749,0.0165,0.547221375321648
50,3,41.0986301369863,0.652716019175487,0.357274154172306,0.0165,0.547365383530215
50,3,41.2630136986301,0.653617139211916,0.35780517230004,0.0165,0.547423179158758
50,3,41.427397260274,0.65456944198968,0.357468343961429,0.0165,0.546112178525842
50,3,41.5917808219178,0.65417200259118,0.357202600313529,0.0165,0.546037737626567
50,3,41.7561643835616,0.655292131488806,0.356239329861557,0.0165,0.543634377315338
50,3,41.9205479452055,0.654472255614845,0.3559254985045,0.0165,0.543835885250973
50,3,42.0849315068493,0.656475750345527,0.356103118850231,0.0165,0.54244672200428
50,3,42.2493150684932,0.655430804003325,0.356261835576538,0.017,0.543553695371832
50,3,42.413698630137,0.656253722074937,0.356478480201977,0.017,0.543202222266819
50,3,42.5780821917808,0.655607841107847,0.35602455384759,0.0175,0.543044990502217
50,3,42.7424657534247,0.655725199392185,0.355506701619656,0.0185,0.542158059426704
50,3,42.9068493150685,0.655988692188298,0.355311664736459,0.0185,0.541642971849381
50,3,43.0712328767123,0.655600466251883,0.35569942441718,0.0185,0.542555173047299
50,3,43.2356164383562,0.654671699250523,0.356251531458954,0.0185,0.544168217240483
50,3,43.4,0.654786779285941,0.357108946938045,0.019,0.545382036160657
50,3,43.5643835616438,0.655521110057979,0.35671832756506,0.0195,0.544175194500615
50,3,43.7287671232877,0.656005726816344,0.356233657245005,0.0195,0.543034371016606
50,3,43.8931506849315,0.654970630622833,0.356297929102701,0.0195,0.543990695833011
50,3,44.0575342465753,0.655780820997951,0.356089076545576,0.0195,0.543000138375026
50,3,44.2219178082192,0.655826543189747,0.355572653055158,0.0195,0.542174842948195
50,3,44.386301369863,0.654923036585047,0.354969651516878,0.0195,0.542002085264538
50,3,44.5506849315069,0.655092358881944,0.354779835845617,0.0195,0.541572239448992
50,3,44.7150684931507,0.655496641553787,0.354671640458917,0.0195,0.541073161897831
50,3,44.8794520547945,0.656255261647369,0.35379964510674,0.0195,0.539118946214026
50,3,45.0438356164384,0.655469317461125,0.353949365662699,0.02,0.539993797167617
50,3,45.2082191780822,0.656597689474009,0.353768389681934,0.02,0.538790183628779
50,3,45.372602739726,0.656214393728032,0.352794635091031,0.02,0.537620994697728
50,3,45.5369863013699,0.655460029572377,0.352383834319898,0.02,0.537613002199073
50,3,45.7013698630137,0.655340752195148,0.353236217359956,0.02,0.539011523664209
50,3,45.8657534246575,0.65553407483103,0.352809574525898,0.02,0.538201732101933
50,3,46.0301369863014,0.655375663831299,0.352534159718141,0.02,0.537911581362727
50,3,46.1945205479452,0.655119219011885,0.351780387811056,0.02,0.536971558156461
50,3,46.358904109589,0.65467601511346,0.351962185944956,0.02,0.537612770011069
50,3,46.5232876712329,0.653842936871262,0.351980798725777,0.02,0.538326223129454
50,3,46.6876712328767,0.65548175694457,0.353133042162599,0.0205,0.538738169935767
50,3,46.8520547945205,0.656105245222045,0.353379622848545,0.0205,0.538602038959391
50,3,47.0164383561644,0.656275365371512,0.352278294702421,0.0205,0.536784272716071
50,3,47.1808219178082,0.655266453662246,0.351022638664581,0.0205,0.53569450519363
50,3,47.3452054794521,0.65610757302654,0.350951396295033,0.0205,0.534899170079899
50,3,47.5095890410959,0.655878902765311,0.349753097221784,0.0205,0.533258648429089
50,3,47.6739726027397,0.655781102345739,0.35047610992763,0.0205,0.53444069777853
50,3,47.8383561643836,0.656739500171116,0.35142731673337,0.0205,0.535109151561318
50,3,48.0027397260274,0.655395151780318,0.351857396961518,0.0205,0.536862984118408
50,3,48.1671232876712,0.654869227921427,0.351699116381855,0.0205,0.537052439459031
50,3,48.3315068493151,0.655033936086733,0.352315493070383,0.0205,0.537858382078899
50,3,48.4958904109589,0.655615803736952,0.352282015592749,0.0205,0.537329963043558
50,3,48.6602739726027,0.656161350858762,0.352468255901578,0.0205,0.537167048074805
50,3,48.8246575342466,0.657219618713141,0.353308633874328,0.0205,0.537580777892964
50,3,48.9890410958904,0.656607239919454,0.353027184141886,0.0205,0.537653505290608
50,3,49.1534246575342,0.656510951506007,0.353517321124557,0.0205,0.53847893978555
50,3,49.3178082191781,0.656375612716531,0.353677243704024,0.021,0.538833614247588
50,3,49.4821917808219,0.655409682448768,0.354124222910003,0.0215,0.540309721374439
50,3,49.6465753424658,0.654893832827973,0.354492696696978,0.022,0.541297961482095
50,3,49.8109589041096,0.654397587141492,0.354574500927382,0.022,0.541833447883292
50,3,49.9753424657534,0.653533426269121,0.354045187595616,0.022,0.541739983548788
100,3,0.00273972602739726,0.670057350310241,0.66995758750785,0,0.999851113039288
100,3,0.167123287671233,0.669498233634373,0.667839134992758,0,0.997521877492329
100,3,0.331506849315069,0.668863915711513,0.664387704318099,0,0.99330773975353
100,3,0.495890410958904,0.669683345453916,0.659174936113761,0,0.984308390806656
100,3,0.66027397260274,0.668293735408849,0.652903307913488,0,0.976970564469013
100,3,0.824657534246575,0.667929585580615,0.645153200809262,0,0.965900021105437
100,3,0.989041095890411,0.667374826391144,0.637055993498206,0,0.95457000819631
100,3,1.15342465753425,0.667823552216699,0.627738816264968,0,0.939977055587995
100,3,1.31780821917808,0.666492372085807,0.618300580732034,0,0.927693408998882
100,3,1.48219178082192,0.666117972444506,0.609405295239395,0,0.91486091120318
100,3,1.64657534246575,0.665722591267202,0.600459137964586,0,0.90196599280432
100,3,1.81095890410959,0.665620823522854,0.591425290186376,0,0.888531832667446
100,3,1.97534246575342,0.665598935921396,0.58281053889572,0,0.875618195045532
100,3,2.13972602739726,0.665193522010923,0.574861677312933,0,0.864202158155554
100,3,2.3041095890411,0.665049912227641,0.567139237496072,0,0.852776952629602
100,3,2.46849315068493,0.665121500436282,0.559978638334753,0,0.84191931544453
100,3,2.63287671232877,0.664990961305171,0.552326930084626,0,0.830578101393407
100,3,2.7972602739726,0.664145629393298,0.54534233346909,0,0.821118606121467
100,3,2.96164383561644,0.663399227225624,0.538987237251142,0,0.812462865694341
100,3,3.12602739726027,0.6628127736766,0.532886229098334,0,0.803977005666973
100,3,3.29041095890411,0.663821993376821,0.527674134619651,0,0.794903061188747
100,3,3.45479452054795,0.663557809798288,0.5229743825033,0,0.788136880888007
100,3,3.61917808219178,0.664049685368642,0.517628121195922,0,0.779502095402039
100,3,3.78356164383562,0.663633303075453,0.512466849094486,0,0.77221388185249
100,3,3.94794520547945,0.662433033252823,0.508079854186767,0,0.766990516296994
100,3,4.11232876712329,0.662350657306114,0.502899749708077,0,0.759265117594133
100,3,4.27671232876712,0.662859261467523,0.499032704053287,0,0.75284865590995
100,3,4.44109589041096,0.662889838720234,0.494135520370751,0,0.745426300883903
100,3,4.60547945205479,0.663381886232191,0.490138058263946,0,0.738847515188849
100,3,4.76986301369863,0.663741202578628,0.486272969568499,0,0.732624353707942
100,3,4.93424657534247,0.663694173760905,0.482659315449484,0,0.727231508925919
100,3,5.0986301369863,0.663397516674235,0.478840030291504,0,0.721799551936883
100,3,5.26301369863014,0.664158155515633,0.475937246699915,0,0.716602277254897
100,3,5.42739726027397,0.664218085656862,0.473215504456827,0,0.712439957109647
100,3,5.59178082191781,0.664005413972211,0.469466934941341,0,0.707022751716581
100,3,5.75616438356164,0.663017691520632,0.466076738152182,0,0.702962747620254
100,3,5.92054794520548,0.662963251129728,0.46327394924789,0,0.698792804063338
100,3,6.08493150684932,0.661996156071679,0.459409916442378,0,0.693976713050029
100,3,6.24931506849315,0.66214350316248,0.456262093625847,0,0.689068293272806
100,3,6.41369863013699,0.661875462717238,0.453456049074677,0,0.685107810483072
100,3,6.57808219178082,0.661404343592912,0.450923589048228,0,0.68176690010637
100,3,6.74246575342466,0.661526967821503,0.448279079114154,0,0.677642939622548
100,3,6.90684931506849,0.66151155369344,0.446234488195386,0,0.674567943226251
100,3,7.07123287671233,0.662277870298228,0.442839253713455,0,0.668660804737507
100,3,7.23561643835616,0.663102245636385,0.440192198888015,0,0.663837593349662
100,3,7.4,0.66235430045587,0.438092418673811,0,0.661417036731385
100,3,7.56438356164384,0.663371964277926,0.435695611080791,0,0.656789304557122
100,3,7.72876712328767,0.662245908518842,0.433596644179015,0,0.654736614604058
100,3,7.89315068493151,0.661906713024622,0.431451404679896,0,0.651831136004579
100,3,8.05753424657534,0.661600696857821,0.428975440087657,0,0.648390248264572
100,3,8.22191780821918,0.662263974507648,0.426874639740927,0,0.644568716059606
100,3,8.38630136986301,0.662576703608253,0.424673511706167,0,0.640942413751472
100,3,8.55068493150685,0.663055917817139,0.423175376729906,0,0.638219741893039
100,3,8.71506849315069,0.663838975712931,0.421310460509396,0,0.634657614155495
100,3,8.87945205479452,0.663633708949838,0.420260211416314,0,0.633271344943209
100,3,9.04383561643836,0.663239705636922,0.418845518773044,0,0.631514541745987
100,3,9.20821917808219,0.663678194038663,0.416852743786368,0,0.628094681323948
100,3,9.37260273972603,0.66291806046454,0.415663995163321,0,0.627021678775872
100,3,9.53698630136986,0.661965555850516,0.413872413742461,0,0.625217445355905
100,3,9.7013698630137,0.661278496194046,0.412266626749214,0,0.623438731369602
100,3,9.86575342465753,0.661206615400868,0.410254521028595,0,0.620463424704048
100,3,10.0301369863014,0.66204547877535,0.408828091019724,0,0.617522668950135
100,3,10.1945205479452,0.662177238492976,0.407614464648166,0,0.615567012807386
100,3,10.358904109589,0.663069227194572,0.405916184120654,0,0.612177684429837
100,3,10.5232876712329,0.662697325965833,0.405145951817312,0,0.61135896576441
100,3,10.6876712328767,0.662163285202148,0.404239840521341,0,0.610483621721692
100,3,10.8520547945205,0.662505006073534,0.402765538614648,0,0.60794338898919
100,3,11.0164383561644,0.662048481004925,0.401763808444872,0,0.606849528353322
100,3,11.1808219178082,0.661311868781303,0.400652923332576,0,0.605845656559768
100,3,11.3452054794521,0.660975510617508,0.399632132781248,0,0.604609590464096
100,3,11.5095890410959,0.660797770902891,0.399103429400396,0,0.603972118209593
100,3,11.6739726027397,0.661151644797001,0.397374618928087,0,0.601034001889379
100,3,11.8383561643836,0.661766408011353,0.396809252662702,0,0.599621328400663
100,3,12.0027397260274,0.660774697243782,0.396160605353724,0,0.599539611619793
100,3,12.1671232876712,0.660385883232285,0.395222832699797,0,0.598472563897586
100,3,12.3315068493151,0.660977600962466,0.394439488814341,0,0.596751672431846
100,3,12.4958904109589,0.661046817606812,0.393818151535084,0,0.595749258669491
100,3,12.6602739726027,0.661239855436635,0.392898628053766,0,0.594184734666855
100,3,12.8246575342466,0.660462562989746,0.392643608892585,0,0.594497903280373
100,3,12.9890410958904,0.660749686458211,0.391446931956375,0,0.592428479315112
100,3,13.1534246575342,0.660825954146133,0.390781124449165,0,0.59135256718859
100,3,13.3178082191781,0.660370384659501,0.390829029674606,0,0.591833066342192
100,3,13.4821917808219,0.659735153909454,0.389846039085436,0,0.590912939495931
100,3,13.6465753424658,0.659761080984743,0.389309622056751,0,0.590076670596691
100,3,13.8109589041096,0.660027136579179,0.388508884826648,0,0.588625623546679
100,3,13.9753424657534,0.659880181521968,0.387367146287036,0,0.587026489253853
100,3,14.1397260273973,0.659792550190649,0.387911216965595,0,0.587929064754531
100,3,14.3041095890411,0.660145839765961,0.387626462877831,0,0.587183073084661
100,3,14.4684931506849,0.660702317416368,0.386881006240732,0,0.585560238010976
100,3,14.6328767123288,0.660231663521139,0.386343853986115,0,0.585164080022565
100,3,14.7972602739726,0.660123979241138,0.386697303137141,0,0.58579496473023
100,3,14.9616438356164,0.66126357149909,0.386115113534822,0,0.583905011823796
100,3,15.1260273972603,0.661233711670713,0.385915141845519,0,0.583628957559412
100,3,15.2904109589041,0.66151585465054,0.385495206219333,0,0.582745225997614
100,3,15.4547945205479,0.661134582585459,0.38486763025587,0,0.582132050558891
100,3,15.6191780821918,0.660491231821769,0.384871717634778,0,0.582705264039954
100,3,15.7835616438356,0.660149907419697,0.384594264495996,0,0.582586258323121
100,3,15.9479452054795,0.660098635484421,0.384267095513016,0,0.582135873119957
100,3,16.1123287671233,0.660701114568444,0.384207269437526,0,0.581514486604858
100,3,16.2767123287671,0.660998067467572,0.383995082462176,0,0.580932231668007
100,3,16.441095890411,0.660956929068844,0.383581437703036,0,0.580342562174853
100,3,16.6054794520548,0.66153715095135,0.383511689643297,0,0.579728121227618
100,3,16.7698630136986,0.661379177038121,0.38366160089586,0,0.580093256963465
100,3,16.9342465753425,0.661945923056842,0.383640704111097,0,0.579565022984744
100,3,17.0986301369863,0.662004418224623,0.383564244068534,0,0.579398314436004
100,3,17.2630136986301,0.662329037346718,0.383299084968195,0,0.578713997658455
100,3,17.427397260274,0.662108843746456,0.382599915383391,0,0.577850483341228
100,3,17.5917808219178,0.662134225132067,0.381905489893203,0,0.576779564320255
100,3,17.7561643835616,0.662018636245091,0.382875638799866,0,0.578345710887387
100,3,17.9205479452055,0.661690690848714,0.38293048968172,0,0.57871524411286
100,3,18.0849315068493,0.661624229155214,0.382686439374719,0,0.578404511974036
100,3,18.2493150684931,0.66209991142487,0.38243264683802,0,0.577605645672127
100,3,18.413698630137,0.662474998110047,0.382522293541912,0,0.577413932047545
100,3,18.5780821917808,0.662141864254246,0.381574279517033,0,0.576272699426415
100,3,18.7424657534247,0.662088979459293,0.381481079845633,0,0.576177963507528
100,3,18.9068493150685,0.661995646418744,0.381937851008161,0,0.576949188524674
100,3,19.0712328767123,0.663015417256628,0.381626043058247,0,0.575591506811875
100,3,19.2356164383562,0.662096497649257,0.381682370216816,0,0.576475440622268
100,3,19.4,0.662346815848716,0.381702881365695,0,0.576288542848341
100,3,19.5643835616438,0.661901700841073,0.381779506646356,0,0.576791850151211
100,3,19.7287671232877,0.662927734673496,0.381210126840692,0,0.575040244814081
100,3,19.8931506849315,0.66319123268062,0.380792066182958,0,0.574181393568483
100,3,20.0575342465753,0.663579509845547,0.381169794292137,0,0.574414653612281
100,3,20.2219178082192,0.664167200856919,0.381433988432167,0,0.574304163078266
100,3,20.386301369863,0.663450295521468,0.380953311654184,0,0.574200229053719
100,3,20.5506849315069,0.663179541889614,0.380846606080475,0,0.574273755483046
100,3,20.7150684931507,0.662657629755226,0.380908924602493,0,0.574820099397623
100,3,20.8794520547945,0.662304734045336,0.381268690524685,0,0.575669583691345
100,3,21.0438356164384,0.662107575061725,0.381085030361611,0,0.575563616420013
100,3,21.2082191780822,0.662765886660832,0.380300866479013,0,0.573808752280623
100,3,21.372602739726,0.662738875610605,0.380606301907804,0,0.574293007267964
100,3,21.5369863013699,0.663030299196932,0.379228319478702,0,0.571962276743651
100,3,21.7013698630137,0.663085570014956,0.37859339030735,0,0.57095706410684
100,3,21.8657534246575,0.663156557260661,0.378592849188485,0,0.570895130332965
100,3,22.0301369863014,0.662518136675554,0.37827826969194,0,0.570970436507747
100,3,22.1945205479452,0.662537679191851,0.377572622065884,0,0.569888526983762
100,3,22.358904109589,0.661808017994323,0.377218444549097,0,0.569981677907584
100,3,22.5232876712329,0.661037276747706,0.376528295840066,0,0.569602213195268
100,3,22.6876712328767,0.660659339617664,0.376393592142194,0,0.569724167314459
100,3,22.8520547945205,0.660197245365344,0.376539439051419,0,0.570343850560974
100,3,23.0164383561644,0.660653157830125,0.37642366217392,0,0.569775013882111
100,3,23.1808219178082,0.660708027738372,0.376289120543723,0,0.569524063195924
100,3,23.3452054794521,0.661263895671163,0.375681855533236,0,0.568126973198696
100,3,23.5095890410959,0.661675981328349,0.375326899576266,0,0.56723669918134
100,3,23.6739726027397,0.660950912286518,0.375561454929588,0,0.568213838498774
100,3,23.8383561643836,0.661324745858941,0.375758288643943,0,0.568190274138164
100,3,24.0027397260274,0.661224902393778,0.375864676889913,0,0.568436965288513
100,3,24.1671232876712,0.661796641564181,0.375652062795327,0,0.567624613366819
100,3,24.3315068493151,0.661649633328586,0.376213702099003,0,0.568599577704548
100,3,24.4958904109589,0.662775468796125,0.376175342531949,0,0.567575838639954
100,3,24.6602739726027,0.663734211900125,0.376247540966058,0,0.566864769391567
100,3,24.8246575342466,0.663784228906143,0.376413998808529,0,0.567072826404486
100,3,24.9890410958904,0.662916401943133,0.376929376936529,0,0.568592624698495
100,3,25.1534246575342,0.662993831358706,0.37692309215981,0,0.568516740777757
100,3,25.3178082191781,0.663057131683126,0.376837818159687,0,0.568333858657262
100,3,25.4821917808219,0.663595997952486,0.377331009528501,0,0.568615559305284
100,3,25.6465753424658,0.663788873750704,0.378183935681358,0,0.569735273724083
100,3,25.8109589041096,0.662771511773515,0.377994491657252,0,0.570323987894069
100,3,25.9753424657534,0.66178974197587,0.377824834070719,0,0.570913705828483
100,3,26.1397260273973,0.661499410304634,0.378806599728949,0,0.572648431469501
100,3,26.3041095890411,0.662913567639142,0.379372310679056,0,0.572280202425376
100,3,26.4684931506849,0.662299794711123,0.378773114186049,0,0.571905830578219
100,3,26.6328767123288,0.66191576633751,0.37925290564281,0,0.57296248998763
100,3,26.7972602739726,0.662534719910863,0.379065526056187,0,0.57214439434538
100,3,26.9616438356164,0.662665800555798,0.379798271662496,0,0.573136973937613
100,3,27.1260273972603,0.662908426663494,0.379828464001616,0,0.572972749665203
100,3,27.2904109589041,0.663089920848487,0.379279134899677,0,0.571987483106896
100,3,27.4547945205479,0.66227434762106,0.378906462420239,0,0.572129154301838
100,3,27.6191780821918,0.661326152391635,0.378851917972717,0,0.572866983412993
100,3,27.7835616438356,0.661849874596784,0.378813741353385,0,0.572355991733273
100,3,27.9479452054795,0.660957597217029,0.378669678020558,0,0.572910697471294
100,3,28.1123287671233,0.661054208043318,0.378789267157605,0,0.573007875222214
100,3,28.2767123287671,0.660325428504505,0.379417108284744,0,0.574591090856583
100,3,28.441095890411,0.661081848496802,0.379318611983274,0,0.573784642318928
100,3,28.6054794520548,0.661496129392803,0.378888007232382,0,0.572774337440446
100,3,28.7698630136986,0.661464671579292,0.379404267658789,0,0.57358205806054
100,3,28.9342465753425,0.661568450460258,0.379745608606255,0,0.574008038536395
100,3,29.0986301369863,0.661641155838561,0.379988773897649,0,0.574312481236226
100,3,29.2630136986301,0.66209451970726,0.379815792869138,0,0.573657962064194
100,3,29.427397260274,0.662329082784498,0.37907873414283,0,0.572341973191249
100,3,29.5917808219178,0.663267625778059,0.37944832831053,0,0.572089324977095
100,3,29.7561643835616,0.662796242834846,0.379968326904876,0,0.573280749570507
100,3,29.9205479452055,0.662397231272861,0.38013776630956,0,0.573881876859734
100,3,30.0849315068493,0.662747006169217,0.379948536483315,0,0.573293478426221
100,3,30.2493150684931,0.662311672260351,0.379397855589731,0,0.572838848355056
100,3,30.413698630137,0.662070562040347,0.379102983385501,0,0.572602083707202
100,3,30.5780821917808,0.661987978440551,0.378814206579645,0,0.572237289674081
100,3,30.7424657534247,0.662250310297692,0.378515002978798,0,0.571558815591418
100,3,30.9068493150685,0.662697731067947,0.378282155817683,0,0.570821564769922
100,3,31.0712328767123,0.661642982103604,0.378061128646932,0,0.571397473974466
100,3,31.2356164383562,0.662055987471277,0.37795285606224,0,0.570877483497779
100,3,31.4,0.662001861394623,0.377840230471146,0,0.570754030321243
100,3,31.5643835616438,0.661346733104379,0.377964219442366,0,0.57150689724918
100,3,31.7287671232877,0.661435083565857,0.37804132947684,0,0.571547138743813
100,3,31.8931506849315,0.661014494447288,0.377558471396465,0,0.571180321412109
100,3,32.0575342465753,0.661550765826038,0.376789722140854,0,0.569555265604417
100,3,32.2219178082192,0.660621129244473,0.377205427189868,0,0.570986016782817
100,3,32.386301369863,0.661009361166916,0.376860915686598,0,0.570129468395584
100,3,32.5506849315069,0.659998192652369,0.377484538534237,0,0.571947836731522
100,3,32.7150684931507,0.662082169578181,0.377521020017894,0,0.570202668738861
100,3,32.8794520547945,0.661842457099812,0.377716890629607,0,0.57070513772229
100,3,33.0438356164384,0.662020858282272,0.378301207386503,0,0.5714339701744
100,3,33.2082191780822,0.66181835946481,0.378583978259719,0,0.572036077339812
100,3,33.372602739726,0.661623670153743,0.379074071365,0,0.572945147619816
100,3,33.5369863013699,0.662270889935846,0.378226675704649,0,0.5711056932327
100,3,33.7013698630137,0.662177154342666,0.378353563313414,0,0.571378158899185
100,3,33.8657534246575,0.66192106359457,0.378211552331107,0,0.571384675805941
100,3,34.0301369863014,0.662365749486145,0.37849480743378,0,0.57142871250123
100,3,34.1945205479452,0.662261223288031,0.37818572583094,0,0.571052195919463
100,3,34.358904109589,0.662187631833576,0.377635429252008,0,0.570284630968338
100,3,34.5232876712329,0.662347589492548,0.377502325975433,0,0.56994594977639
100,3,34.6876712328767,0.661970542403169,0.377034030068538,0,0.569563154124322
100,3,34.8520547945205,0.662249281960349,0.376905895853488,0,0.569129942637
100,3,35.0164383561644,0.661835897982293,0.376917216233318,0,0.569502526808242
100,3,35.1808219178082,0.661267890237913,0.377063951663541,0,0.570213611200568
100,3,35.3452054794521,0.660857804448648,0.376540454060877,0,0.569775300414321
100,3,35.5095890410959,0.660189357560104,0.376665180930572,0,0.570541128264522
100,3,35.6739726027397,0.660656004546438,0.376668048887817,0,0.570142473989035
100,3,35.8383561643836,0.660106373456252,0.377305962121764,0,0.571583576971432
100,3,36.0027397260274,0.659504637212846,0.377114057394289,0,0.571814110342003
100,3,36.1671232876712,0.659134598667804,0.376717887107673,0,0.571534081004196
100,3,36.3315068493151,0.659156045964917,0.376667867511284,0,0.571439600405838
100,3,36.4958904109589,0.659047511076011,0.37667119256322,0,0.571538752871153
100,3,36.6602739726027,0.659814164948195,0.375888214260949,0,0.569688003425118
100,3,36.8246575342466,0.660809676230742,0.375986783657353,0,0.56897893172809
100,3,36.9890410958904,0.661052348844986,0.375926188812521,0,0.568678395091331
100,3,37.1534246575342,0.661410654601416,0.375133915101642,0,0.567172470675889
100,3,37.3178082191781,0.662450263837233,0.374860112096262,0,0.56586906604111
100,3,37.4821917808219,0.662391516511968,0.374520488793192,0,0.56540652991051
100,3,37.6465753424658,0.662774444048357,0.374076235282893,0,0.564409564433356
100,3,37.8109589041096,0.662525184233475,0.374067442859096,0,0.564608639431394
100,3,37.9753424657534,0.66252916675701,0.374400254149558,0,0.565107580066543
100,3,38.1397260273973,0.66299551301338,0.375202858543331,0,0.565920660364648
100,3,38.3041095890411,0.662991077442927,0.375327888027158,0,0.56611303047207
100,3,38.4684931506849,0.663676879350001,0.3748916394395,0,0.564870724149176
100,3,38.6328767123288,0.663609486907771,0.374629991241565,0,0.564533808862849
100,3,38.7972602739726,0.663533936382385,0.374692486570459,0,0.564692272731819
100,3,38.9616438356164,0.663036720906714,0.375656614508065,0,0.566569848490967
100,3,39.1260273972603,0.66291538994046,0.376220492972487,0,0.56752414966
100,3,39.2904109589041,0.662518579349503,0.375954864810836,0,0.567463127117082
100,3,39.4547945205479,0.66205720481789,0.375485611536723,0,0.567149800356007
100,3,39.6191780821918,0.661930206912054,0.375927458994816,0,0.567926127360981
100,3,39.7835616438356,0.661867267958063,0.376521646538484,0,0.568877877433185
100,3,39.9479452054794,0.661603354577217,0.375426562015591,0,0.567449604688747
100,3,40.1123287671233,0.661493231400962,0.375041472936469,0,0.566961920596189
100,3,40.2767123287671,0.660685492993583,0.374994103828283,0,0.567583377877989
100,3,40.441095890411,0.660398093211134,0.374393641451482,0,0.566921142414301
100,3,40.6054794520548,0.66025400992532,0.373981844796718,0,0.56642116393813
100,3,40.7698630136986,0.660692146860113,0.374197555223898,0,0.566372034240518
100,3,40.9342465753425,0.660038357068088,0.374040156309735,0,0.566694575102018
100,3,41.0986301369863,0.660054978554945,0.373837442800831,0,0.566373188517222
100,3,41.2630136986301,0.660884544256795,0.374268360838493,0,0.566314289070537
100,3,41.427397260274,0.66050512303128,0.374537476163096,0,0.567047041882458
100,3,41.5917808219178,0.660470170181551,0.37450576588906,0,0.567029039004313
100,3,41.7561643835616,0.661126473154729,0.374516948195173,0,0.5664830609612
100,3,41.9205479452055,0.660914834808672,0.374141768065125,0,0.566096792445937
100,3,42.0849315068493,0.661723930305815,0.374418148374891,0,0.565822288158529
100,3,42.2493150684932,0.661575014268133,0.374573211079081,0,0.566184035068876
100,3,42.413698630137,0.662505474189476,0.375129795387406,0,0.56622897470598
100,3,42.5780821917808,0.662242231919079,0.375487184496562,0,0.566993716798242
100,3,42.7424657534247,0.66260049232934,0.375542572214924,0,0.566770741287442
100,3,42.9068493150685,0.66213353562171,0.375053070401066,0,0.566431165654388
100,3,43.0712328767123,0.661998284185106,0.375129940241176,0,0.56666300986406
100,3,43.2356164383562,0.66176885393636,0.374848476764617,0,0.566434147716273
100,3,43.4,0.661885351820642,0.374153606232758,0,0.56528461493154
100,3,43.5643835616438,0.661338019875428,0.373848202812635,0,0.56529065557588
100,3,43.7287671232877,0.660538137748421,0.374345025785443,0,0.566727346071908
100,3,43.8931506849315,0.661009204324511,0.374538898012715,0,0.56661676654784
100,3,44.0575342465753,0.660857869390094,0.374668866994086,0,0.566943187556906
100,3,44.2219178082192,0.66037748382806,0.375889764157658,0,0.569204391977009
100,3,44.386301369863,0.660494772698949,0.376879414877906,0,0.570601661748029
100,3,44.5506849315069,0.660119434186305,0.377409548508165,0,0.57172918863293
100,3,44.7150684931507,0.660035021651608,0.376935778773348,0,0.571084512803791
100,3,44.8794520547945,0.660324104089689,0.377057330176605,0,0.571018576849333
100,3,45.0438356164384,0.660015438343558,0.377462160375648,0,0.571898986670623
100,3,45.2082191780822,0.66034548995461,0.377701391544325,0,0.571975423910728
100,3,45.372602739726,0.660642118641337,0.377946247589062,0,0.572089240035646
100,3,45.5369863013699,0.661151528900128,0.378149766716448,0,0.571956276567229
100,3,45.7013698630137,0.661440111936559,0.378006070827617,0,0.571489487870481
100,3,45.8657534246575,0.661007661202606,0.378077442103193,0,0.57197134661849
100,3,46.0301369863014,0.660821928911875,0.37874448084665,0,0.573141514038887
100,3,46.1945205479452,0.661097003488174,0.378844838764998,0,0.573054841825153
100,3,46.358904109589,0.660750727646543,0.379090732413458,0,0.57372730222137
100,3,46.5232876712329,0.660517843831451,0.378574062422394,0,0.573147366052078
100,3,46.6876712328767,0.661460130961439,0.379038124549457,0,0.573032457751492
100,3,46.8520547945205,0.661107786951835,0.37940705949182,0,0.573895916793159
100,3,47.0164383561644,0.660359710729054,0.379549083645793,0,0.574761115009213
100,3,47.1808219178082,0.660429850390394,0.379980125383438,0,0.5753527420949
100,3,47.3452054794521,0.661054137185956,0.37964918528246,0,0.574308765237579
100,3,47.5095890410959,0.661439523885571,0.380639203396762,0,0.575470907998858
100,3,47.6739726027397,0.661435969912653,0.380638244337101,0,0.575472550105442
100,3,47.8383561643836,0.661269595146506,0.380988546796789,0,0.576147080696157
100,3,48.0027397260274,0.660549110431172,0.381175837981105,0,0.577059043698194
100,3,48.1671232876712,0.659889658600654,0.382457294588269,0,0.579577645449542
100,3,48.3315068493151,0.659820572497503,0.38258066266922,0,0.579825301931864
100,3,48.4958904109589,0.659899642918653,0.382212650860049,0,0.57919814772072
100,3,48.6602739726027,0.659299910949505,0.381443651728564,0,0.578558627710445
100,3,48.8246575342466,0.660446711693149,0.381742172054332,0,0.578006015164617
100,3,48.9890410958904,0.661119298636133,0.382080216397733,0,0.57792930441745
100,3,49.1534246575342,0.660885174628163,0.381909236596804,0,0.577875327301267
100,3,49.3178082191781,0.660896926704629,0.382411194296614,0,0.578624561326675
100,3,49.4821917808219,0.660978953938894,0.382685410949954,0,0.578967618665408
100,3,49.6465753424658,0.661445395701876,0.382875982384662,0,0.578847452673524
100,3,49.8109589041096,0.660943018316138,0.382521152241631,0,0.578750575527929
100,3,49.9753424657534,0.660998513738398,0.38233293947561,0,0.578417245317628
200,3,0.00273972602739726,0.665000397186856,0.664943209538883,0,0.999914003588246
200,3,0.167123287671233,0.665273791341066,0.663917735646611,0,0.997961657723325
200,3,0.331506849315069,0.665370174679142,0.661006865461529,0,0.993442283132518
200,3,0.495890410958904,0.665317951509348,0.656515447635861,0,0.986769477881188
200,3,0.66027397260274,0.665433318712381,0.650332451714379,0,0.977306716430698
200,3,0.824657534246575,0.66534470629499,0.643397956733414,0,0.967014467307048
200,3,0.989041095890411,0.664791406614252,0.63574129571578,0,0.956301915744635
200,3,1.15342465753425,0.664605759121916,0.626969151004137,0,0.943370024106465
200,3,1.31780821917808,0.664977197812343,0.617070630600986,0,0.927957579043369
200,3,1.48219178082192,0.664954319226744,0.608365488467956,0,0.914898168005595
200,3,1.64657534246575,0.665253093600306,0.599204286951336,0,0.900716272822547
200,3,1.81095890410959,0.664733349214353,0.589987675979531,0,0.887555403496509
200,3,1.97534246575342,0.664667993389693,0.581756069977121,0,0.875258137540616
200,3,2.13972602739726,0.664643560653364,0.573698970805992,0,0.863167876390812
200,3,2.3041095890411,0.664464311411505,0.566582546869076,0,0.852690712109878
200,3,2.46849315068493,0.665174409332118,0.559867893754057,0,0.841685858474629
200,3,2.63287671232877,0.665204997245142,0.553393678597661,0,0.831914493861993
200,3,2.7972602739726,0.66528528254149,0.546347561339178,0,0.821222978587544
200,3,2.96164383561644,0.665232383801489,0.540239641623483,0,0.812106648410994
200,3,3.12602739726027,0.664653402973108,0.534164526927728,0,0.803673801320084
200,3,3.29041095890411,0.6645882218277,0.528954948627977,0,0.795913817390994
200,3,3.45479452054795,0.664829505971359,0.52356123751444,0,0.787512035509741
200,3,3.61917808219178,0.664603779597266,0.518604615720057,0,0.780321496267023
200,3,3.78356164383562,0.664080274901549,0.513740410901492,0,0.773611911568455
200,3,3.94794520547945,0.664173059256432,0.508876231400495,0,0.766180175947218
200,3,4.11232876712329,0.664062792410056,0.504525466578232,0,0.759755662182455
200,3,4.27671232876712,0.664155430122583,0.499930713426965,0,0.752731500418047
200,3,4.44109589041096,0.664169152902998,0.495788041822775,0,0.746478573501569
200,3,4.60547945205479,0.664378777584151,0.491919314365132,0,0.740419969695412
200,3,4.76986301369863,0.664582179559582,0.48741149171022,0,0.733410414394842
200,3,4.93424657534247,0.664223705942525,0.483393735177122,0,0.727757426981911
200,3,5.0986301369863,0.663816110358882,0.479941946262506,0,0.723004366379468
200,3,5.26301369863014,0.664397982021501,0.476249450804899,0,0.716813511919256
200,3,5.42739726027397,0.664219231996998,0.472882681530791,0,0.71193765364043
200,3,5.59178082191781,0.664245400093473,0.46916796670631,0,0.706317223484404
200,3,5.75616438356164,0.664366987463747,0.465927097872061,0,0.701309828248329
200,3,5.92054794520548,0.664318899319882,0.462756284841307,0,0.696587565572903
200,3,6.08493150684932,0.664218736779937,0.459514529282782,0,0.691812055032444
200,3,6.24931506849315,0.664357256936013,0.456731355875475,0,0.687478538251994
200,3,6.41369863013699,0.664015637998696,0.453950425168372,0,0.683644178225308
200,3,6.57808219178082,0.664428015752528,0.451037966752836,0,0.67883646694517
200,3,6.74246575342466,0.664992113814553,0.448623086602251,0,0.674629183237741
200,3,6.90684931506849,0.665129904763857,0.446045439454274,0,0.670614020298238
200,3,7.07123287671233,0.664843496225806,0.443903938137839,0,0.667681853936753
200,3,7.23561643835616,0.665075763664977,0.441093444838508,0,0.663222852097047
200,3,7.4,0.665090141857807,0.439006570940723,0,0.66007078335944
200,3,7.56438356164384,0.665571429423314,0.43688267123843,0,0.656402381359681
200,3,7.72876712328767,0.665793922679482,0.434327005835111,0,0.652344503366997
200,3,7.89315068493151,0.665372834736647,0.43219407900497,0,0.649551734669227
200,3,8.05753424657534,0.665400545044304,0.4305030165603,0,0.646983264090409
200,3,8.22191780821918,0.665425071780387,0.428900897365439,0,0.644551754291266
200,3,8.38630136986301,0.664973380295012,0.427444263733112,0,0.642799059931509
200,3,8.55068493150685,0.66480503289604,0.425231000994528,0,0.639632644088337
200,3,8.71506849315069,0.665117466667626,0.423627892116422,0,0.636921917325197
200,3,8.87945205479452,0.664839914718855,0.422370000611207,0,0.63529579265682
200,3,9.04383561643836,0.664755825391595,0.420889738551912,0,0.633149379780122
200,3,9.20821917808219,0.663924452259435,0.419137532333,0,0.631303050982099
200,3,9.37260273972603,0.663686570167955,0.417799143051845,0,0.62951272759085
200,3,9.53698630136986,0.664371536852638,0.416481898918354,0,0.626881008315582
200,3,9.7013698630137,0.664615548536257,0.415450522148376,0,0.625099011095001
200,3,9.86575342465753,0.664414447166902,0.41468972805495,0,0.624143153152688
200,3,10.0301369863014,0.664203580818493,0.413613890597891,0,0.622721560892817
200,3,10.1945205479452,0.664282957932031,0.412399043121486,0,0.620818339831145
200,3,10.358904109589,0.664337564850537,0.411003309256588,0,0.618666369331464
200,3,10.5232876712329,0.664278775137289,0.410182129979683,0,0.617484925504219
200,3,10.6876712328767,0.664355287932941,0.408940339189394,0,0.615544643983734
200,3,10.8520547945205,0.664378703777181,0.407632888733429,0,0.613555019773994
200,3,11.0164383561644,0.664472509349998,0.40664621860531,0,0.611983510052358
200,3,11.1808219178082,0.664632378867207,0.405436357664956,0,0.610015958530304
200,3,11.3452054794521,0.664897399307057,0.404349880957975,0,0.608138761528291
200,3,11.5095890410959,0.665137270465255,0.403993740019425,0,0.607384006216997
200,3,11.6739726027397,0.664939765255998,0.403115885534931,0,0.606244214285686
200,3,11.8383561643836,0.664564196138937,0.4023954710111,0,0.605502784153863
200,3,12.0027397260274,0.664141904137918,0.400937397481337,0,0.60369236601893
200,3,12.1671232876712,0.662973365904545,0.400427884280306,0,0.603987889821142
200,3,12.3315068493151,0.663168975034046,0.400179849871736,0,0.603435722925958
200,3,12.4958904109589,0.662892849161187,0.399499990013285,0,0.602661486722636
200,3,12.6602739726027,0.662569973638577,0.399040229429464,0,0.602261263422625
200,3,12.8246575342466,0.661906882863641,0.3982716446905,0,0.601703434427872
200,3,12.9890410958904,0.661995474329905,0.397640274617462,0,0.600669173788487
200,3,13.1534246575342,0.661830792734524,0.397071481021077,0,0.599959212203582
200,3,13.3178082191781,0.662193397962737,0.396541822353385,0,0.598830830348597
200,3,13.4821917808219,0.662010578720839,0.395653666973172,0,0.597654599021164
200,3,13.6465753424658,0.662332281854161,0.394787769095979,0,0.596056964022339
200,3,13.8109589041096,0.662691688553052,0.393665988003798,0,0.594040931557999
200,3,13.9753424657534,0.662441486038005,0.393171584059134,0,0.5935189633286
200,3,14.1397260273973,0.66264521391789,0.392708144497147,0,0.592637109947962
200,3,14.3041095890411,0.663541279196316,0.392669299970869,0,0.591778254468918
200,3,14.4684931506849,0.663322013047997,0.392301689652702,0,0.591419675415349
200,3,14.6328767123288,0.663568001151594,0.391982669041223,0,0.590719667556233
200,3,14.7972602739726,0.663898279007532,0.391476612347798,0,0.589663544440905
200,3,14.9616438356164,0.663746776071045,0.391339924258882,0,0.589592203483629
200,3,15.1260273972603,0.663923863300562,0.390937688999311,0,0.588829097143525
200,3,15.2904109589041,0.663717927956893,0.390213773736366,0,0.587921099159627
200,3,15.4547945205479,0.664187642674062,0.389538362123137,0,0.586488421487082
200,3,15.6191780821918,0.663953397151965,0.389240497433311,0,0.586246714156388
200,3,15.7835616438356,0.663114675766928,0.389307406618552,0,0.587089112706331
200,3,15.9479452054795,0.662785231701962,0.38944795123066,0,0.587592982768489
200,3,16.1123287671233,0.662540275889061,0.38921088280331,0,0.587452411524762
200,3,16.2767123287671,0.662749234947308,0.388619993567564,0,0.5863756200314
200,3,16.441095890411,0.662396665016809,0.388649014849506,0,0.586731539235096
200,3,16.6054794520548,0.662115615518984,0.388471631462522,0,0.586712686360715
200,3,16.7698630136986,0.661739949956607,0.388156193915744,0,0.586569080408697
200,3,16.9342465753425,0.661830984608462,0.388362774337892,0,0.586800532718555
200,3,17.0986301369863,0.661921681876682,0.388534324764777,0,0.586979298915248
200,3,17.2630136986301,0.66172104434595,0.387999092127328,0,0.586348424978427
200,3,17.427397260274,0.662051873149837,0.387904165869405,0,0.585912043453449
200,3,17.5917808219178,0.662711332264758,0.387936342589767,0,0.585377559885733
200,3,17.7561643835616,0.663005725194393,0.387815450229802,0,0.584935296171228
200,3,17.9205479452055,0.663390772609407,0.388193647027816,0,0.585165882698186
200,3,18.0849315068493,0.662922820724427,0.387730725149075,0,0.5848806422524
200,3,18.2493150684931,0.663241191120827,0.388041400186495,0,0.585068306042234
200,3,18.413698630137,0.663085007782892,0.388469678766879,0,0.585852001187263
200,3,18.5780821917808,0.66351074869092,0.387703388817328,0,0.584321187836446
200,3,18.7424657534247,0.663259789776629,0.387293632438414,0,0.583924486917631
200,3,18.9068493150685,0.662482192979923,0.387141284819975,0,0.584379910769477
200,3,19.0712328767123,0.662418129440068,0.387302026654904,0,0.584679086277854
200,3,19.2356164383562,0.662801281606046,0.387301312090188,0,0.584340016892712
200,3,19.4,0.663475283973507,0.386975548354457,0,0.583255409360372
200,3,19.5643835616438,0.664165419971647,0.387133841737886,0,0.582887681436971
200,3,19.7287671232877,0.664095194805999,0.386897140271749,0,0.582592892250594
200,3,19.8931506849315,0.663557659259604,0.386494937396942,0,0.582458708755155
200,3,20.0575342465753,0.663187090280701,0.386312514568287,0,0.582509099211771
200,3,20.2219178082192,0.663591228427529,0.386387645174355,0,0.582267559639017
200,3,20.386301369863,0.663410288552968,0.386428843079176,0,0.582488468670053
200,3,20.5506849315069,0.663404578034418,0.38662118727199,0,0.582783417650657
200,3,20.7150684931507,0.663384728154209,0.386505817125246,0,0.582626944398695
200,3,20.8794520547945,0.663876316446639,0.385946692610357,0,0.581353307911502
200,3,21.0438356164384,0.663664976605145,0.385962534998954,0,0.581562307194925
200,3,21.2082191780822,0.664372512354672,0.385984719662506,0,0.58097635360394
200,3,21.372602739726,0.664612039788609,0.385294787122414,0,0.579728870462478
200,3,21.5369863013699,0.66508523228379,0.385047739196957,0,0.578944953979459
200,3,21.7013698630137,0.66460750181315,0.384575484721908,0,0.57865053234086
200,3,21.8657534246575,0.664000024869478,0.385069107741569,0,0.579923333312016
200,3,22.0301369863014,0.664007983872929,0.384978377484123,0,0.579779741861954
200,3,22.1945205479452,0.664441814300248,0.38526269341315,0,0.579829091308601
200,3,22.358904109589,0.665071919851112,0.385109582438292,0,0.579049529747859
200,3,22.5232876712329,0.665550808209553,0.385289620517396,0,0.57890339214506
200,3,22.6876712328767,0.665349313533335,0.385615379075233,0,0.579568312812143
200,3,22.8520547945205,0.66524985362559,0.385891578127604,0,0.58007014360771
200,3,23.0164383561644,0.66439166065174,0.385788158732598,0,0.580663758413458
200,3,23.1808219178082,0.664986650223869,0.386302302869474,0,0.580917380430757
200,3,23.3452054794521,0.664570053659368,0.386302108787815,0,0.581281245913343
200,3,23.5095890410959,0.664816311704353,0.386017845493748,0,0.580638348815683
200,3,23.6739726027397,0.665014394535907,0.38576647142129,0,0.580087400499811
200,3,23.8383561643836,0.66410674323246,0.385723764780838,0,0.580815913573432
200,3,24.0027397260274,0.663910608218523,0.385859556771911,0,0.581192033980737
200,3,24.1671232876712,0.663658178538482,0.385553781325682,0,0.580952354380314
200,3,24.3315068493151,0.664126491218342,0.385793607821411,0,0.580903808118949
200,3,24.4958904109589,0.664485633930281,0.385948447036369,0,0.580822861065591
200,3,24.6602739726027,0.664829847553041,0.386152203025263,0,0.580828620204894
200,3,24.8246575342466,0.665137906097807,0.386626299239691,0,0.581272388320082
200,3,24.9890410958904,0.665019552469351,0.386717525149451,0,0.581513015239162
200,3,25.1534246575342,0.664562339829594,0.386732658458393,0,0.581935862567172
200,3,25.3178082191781,0.664638395056838,0.386395484720388,0,0.581361967039754
200,3,25.4821917808219,0.66428139272104,0.386456019384984,0,0.581765534334745
200,3,25.6465753424658,0.664513263721886,0.386614075291406,0,0.581800388943348
200,3,25.8109589041096,0.664826705299229,0.386762724600934,0,0.581749682312863
200,3,25.9753424657534,0.665216749799361,0.386503660199313,0,0.5810191344639
200,3,26.1397260273973,0.664702396364755,0.386239721175637,0,0.581071654454648
200,3,26.3041095890411,0.665437153321767,0.386394910516571,0,0.580663265625826
200,3,26.4684931506849,0.665693716630141,0.386193460647521,0,0.580136857235937
200,3,26.6328767123288,0.665411296369934,0.386256436769842,0,0.580477726899159
200,3,26.7972602739726,0.665376834157655,0.386277920635096,0,0.580540080154897
200,3,26.9616438356164,0.665340770425136,0.38603801172875,0,0.580210966903593
200,3,27.1260273972603,0.665449780113129,0.386104253281029,0,0.580215464516931
200,3,27.2904109589041,0.665932612655915,0.38609034346398,0,0.579773893223445
200,3,27.4547945205479,0.665562288854008,0.386163736324074,0,0.580206755687716
200,3,27.6191780821918,0.664781050205031,0.386513735761117,0,0.581415092445714
200,3,27.7835616438356,0.664914692343719,0.386255932368949,0,0.580910508996964
200,3,27.9479452054795,0.66494202626761,0.386154771903451,0,0.580734495112271
200,3,28.1123287671233,0.664199275716186,0.386147117841966,0,0.58137238620984
200,3,28.2767123287671,0.664394727488902,0.385493333217356,0,0.580217327543129
200,3,28.441095890411,0.664548342418052,0.385654902911549,0,0.580326333383497
200,3,28.6054794520548,0.664919372108223,0.385454381295971,0,0.579700934376198
200,3,28.7698630136986,0.665475848614419,0.385594792798779,0,0.579427177712943
200,3,28.9342465753425,0.665525454350553,0.38576823662008,0,0.579644601267023
200,3,29.0986301369863,0.665517343642407,0.385430055172567,0,0.5791435172269
200,3,29.2630136986301,0.665516854356641,0.385242403033066,0,0.578861978492613
200,3,29.427397260274,0.665267209725075,0.385513502251535,0,0.579486703411777
200,3,29.5917808219178,0.664864805885946,0.385458004221601,0,0.579753960217477
200,3,29.7561643835616,0.665240393388393,0.385159533828022,0,0.5789779719572
200,3,29.9205479452055,0.664862531645413,0.385429520125338,0,0.579713101250375
200,3,30.0849315068493,0.665354664742627,0.385175380891387,0,0.578902352838213
200,3,30.2493150684931,0.665526965093272,0.385413185776128,0,0.579109797184721
200,3,30.413698630137,0.66537654968679,0.384850434332845,0,0.578394947212979
200,3,30.5780821917808,0.665884384853447,0.385117929945955,0,0.578355550461984
200,3,30.7424657534247,0.665100066421374,0.385063354630007,0,0.578955519733853
200,3,30.9068493150685,0.664283810750962,0.385570513203481,0,0.580430392797921
200,3,31.0712328767123,0.664343747173778,0.385382013104076,0,0.580094288150602
200,3,31.2356164383562,0.664083223975758,0.385621848442362,0,0.580683014598241
200,3,31.4,0.663917262243891,0.385327177924456,0,0.580384333767941
200,3,31.5643835616438,0.664429399959072,0.385269489809371,0,0.579850153881064
200,3,31.7287671232877,0.663869791957453,0.385196437724117,0,0.580228897881235
200,3,31.8931506849315,0.663780375823426,0.385112985124259,0,0.580181335801804
200,3,32.0575342465753,0.663550561748422,0.385122480449269,0,0.580396585656548
200,3,32.2219178082192,0.663363587803702,0.384889272786045,0,0.580208621429397
200,3,32.386301369863,0.663002406834391,0.384681705615132,0,0.580211627664906
200,3,32.5506849315069,0.663179583409132,0.384794339949807,0,0.580226456869704
200,3,32.7150684931507,0.66338992376473,0.384772381684303,0,0.580009384979386
200,3,32.8794520547945,0.663403543332296,0.384921449884297,0,0.580222179626634
200,3,33.0438356164384,0.663681803649933,0.384909244640796,0,0.579960521026762
200,3,33.2082191780822,0.663004101973047,0.385158485688672,0,0.580929265056538
200,3,33.372602739726,0.663225020318437,0.38497790274734,0,0.580463479140909
200,3,33.5369863013699,0.663104240243022,0.384959369023962,0,0.580541256805834
200,3,33.7013698630137,0.663503184967622,0.384806930452474,0,0.579962446557437
200,3,33.8657534246575,0.663498813122562,0.385250903713201,0,0.58063540746988
200,3,34.0301369863014,0.662992757647605,0.385541254468561,0,0.58151653999437
200,3,34.1945205479452,0.663579480751886,0.38506917519871,0,0.580290961924256
200,3,34.358904109589,0.66368937685855,0.385187612664482,0,0.58037332839
200,3,34.5232876712329,0.663763343735306,0.384540603142962,0,0.579333894786917
200,3,34.6876712328767,0.663837759588583,0.383934311522217,0,0.578355638823802
200,3,34.8520547945205,0.664081778029661,0.384065169788613,0,0.578340172091665
200,3,35.0164383561644,0.664352402335905,0.384237079915467,0,0.578363348374244
200,3,35.1808219178082,0.664380850647448,0.38472643722949,0,0.57907514470739
200,3,35.3452054794521,0.663347706451499,0.384512889111287,0,0.57965511205005
200,3,35.5095890410959,0.663529457839406,0.384498962116509,0,0.579475345930413
200,3,35.6739726027397,0.664141226688552,0.38449498436318,0,0.578935577121593
200,3,35.8383561643836,0.664588240002578,0.384607713579082,0,0.578715797886509
200,3,36.0027397260274,0.664385915024467,0.38462184985737,0,0.578913311013232
200,3,36.1671232876712,0.663908129600757,0.384321631618098,0,0.578877730943301
200,3,36.3315068493151,0.663829813664733,0.384454179228033,0,0.579145695649942
200,3,36.4958904109589,0.664183645226494,0.384553135135868,0,0.578986155259411
200,3,36.6602739726027,0.664932309333707,0.38398800635201,0,0.577484355868921
200,3,36.8246575342466,0.6653549154259,0.384205540079208,0,0.577444505438537
200,3,36.9890410958904,0.66532943986107,0.384466220591839,0,0.577858422546463
200,3,37.1534246575342,0.665563301027564,0.383669353309628,0,0.576458096047785
200,3,37.3178082191781,0.665159066540418,0.383702144015867,0,0.576857722185993
200,3,37.4821917808219,0.665422119949101,0.383269995045503,0,0.57598024405143
200,3,37.6465753424658,0.665102033519617,0.383672888120229,0,0.576863201108996
200,3,37.8109589041096,0.665235474160594,0.383658142440231,0,0.57672532109677
200,3,37.9753424657534,0.665101998389775,0.383524813866829,0,0.57664059767577
200,3,38.1397260273973,0.665569563460334,0.383579773841821,0,0.576318081385165
200,3,38.3041095890411,0.666217718881138,0.383893999599645,0,0.576229044529716
200,3,38.4684931506849,0.666761949453722,0.38429314949585,0,0.576357348841969
200,3,38.6328767123288,0.666264080742897,0.384345078889728,0,0.57686597551706
200,3,38.7972602739726,0.665798450019239,0.38427458822575,0,0.577163536825064
200,3,38.9616438356164,0.665999319447799,0.38460519755636,0,0.577485871720182
200,3,39.1260273972603,0.665310460224943,0.384257898064497,0,0.577561786620007
200,3,39.2904109589041,0.66577125030241,0.384331538618982,0,0.577272657004051
200,3,39.4547945205479,0.664927276960418,0.38442175246104,0,0.57814104757192
200,3,39.6191780821918,0.664766225487764,0.384600811444198,0,0.578550468868964
200,3,39.7835616438356,0.664887554940974,0.384574706782029,0,0.578405632537625
200,3,39.9479452054794,0.665282094956861,0.384175057946201,0,0.577461893020151
200,3,40.1123287671233,0.665276783748496,0.384214821865612,0,0.577526273652234
200,3,40.2767123287671,0.665256976192506,0.384459694797504,0,0.577911556821092
200,3,40.441095890411,0.665260897961641,0.384783674782154,0,0.578395146868139
200,3,40.6054794520548,0.664872806738905,0.384735853124882,0,0.578660834411246
200,3,40.7698630136986,0.665121218678164,0.384920539261396,0,0.578722386915233
200,3,40.9342465753425,0.664946598442307,0.384999918635596,0,0.578993741057539
200,3,41.0986301369863,0.665914063064326,0.38545407029697,0,0.578834554902222
200,3,41.2630136986301,0.665823966563369,0.38509372954761,0,0.578371685139632
200,3,41.427397260274,0.665885144721619,0.385279907689513,0,0.578598142252572
200,3,41.5917808219178,0.666562954631696,0.385047086825365,0,0.577660495756353
200,3,41.7561643835616,0.665851509198411,0.385240830813106,0,0.578568683094043
200,3,41.9205479452055,0.665872529182225,0.385243757530313,0,0.57855481439284
200,3,42.0849315068493,0.666354294223836,0.385177301235304,0,0.578036796001976
200,3,42.2493150684932,0.665522749010416,0.384670694084523,0,0.57799781398382
200,3,42.413698630137,0.665616447480462,0.384454624547402,0,0.577591833859675
200,3,42.5780821917808,0.664507323919037,0.384557141988083,0,0.578710163373515
200,3,42.7424657534247,0.66440529595591,0.384752442095248,0,0.579092978995129
200,3,42.9068493150685,0.665016355077621,0.384544087937164,0,0.578247564892265
200,3,43.0712328767123,0.665564825364607,0.384399684454354,0,0.57755408610089
200,3,43.2356164383562,0.665397537752454,0.384319267278001,0,0.577578433151609
200,3,43.4,0.664693582956892,0.38450371560835,0,0.578467620971882
200,3,43.5643835616438,0.664788408392865,0.384607983948613,0,0.578541952737124
200,3,43.7287671232877,0.664622274635769,0.384667028071833,0,0.578775407854997
200,3,43.8931506849315,0.664712357899208,0.384436480242234,0,0.578350132465157
200,3,44.0575342465753,0.66477579445014,0.384736065261254,0,0.57874559885184
200,3,44.2219178082192,0.664776036306589,0.3847397294435,0,0.578750900199509
200,3,44.386301369863,0.664784618870168,0.384339863459207,0,0.578141931310641
200,3,44.5506849315069,0.664490914103127,0.384418230272589,0,0.578515404972005
200,3,44.7150684931507,0.664885794852962,0.384725115782644,0,0.578633381493321
200,3,44.8794520547945,0.664752628658655,0.385170514783684,0,0.579419318071573
200,3,45.0438356164384,0.664862809857609,0.385518257547777,0,0.579846325936537
200,3,45.2082191780822,0.66487157257463,0.386084116616027,0,0.580689764071226
200,3,45.372602739726,0.664765723210118,0.386039859384748,0,0.580715650501026
200,3,45.5369863013699,0.664784754863733,0.385790857475428,0,0.580324465404606
200,3,45.7013698630137,0.664950046686194,0.386253546305628,0,0.580876034569121
200,3,45.8657534246575,0.66536177719187,0.38634844970606,0,0.580659218713504
200,3,46.0301369863014,0.66500802181356,0.385806283308935,0,0.58015282621222
200,3,46.1945205479452,0.665409946669389,0.385826597390747,0,0.579832927538798
200,3,46.358904109589,0.66515501225507,0.38523205667773,0,0.579161322669254
200,3,46.5232876712329,0.665155709091461,0.385304357287112,0,0.57926941319259
200,3,46.6876712328767,0.664764274065554,0.385020829635138,0,0.57918399747994
200,3,46.8520547945205,0.66465367889008,0.385318705151241,0,0.579728537416198
200,3,47.0164383561644,0.664750727923622,0.385769641572861,0,0.580322255197568
200,3,47.1808219178082,0.66434071056359,0.385596894333946,0,0.580420390023708
200,3,47.3452054794521,0.665170646881642,0.385698304081176,0,0.579848653709167
200,3,47.5095890410959,0.665888254437282,0.385824104678712,0,0.57941268990359
200,3,47.6739726027397,0.665093761266627,0.386013667651015,0,0.580389848967878
200,3,47.8383561643836,0.665241797736336,0.386017902529735,0,0.580267060553418
200,3,48.0027397260274,0.664764572401588,0.386045972754125,0,0.580725852100483
200,3,48.1671232876712,0.664800035763748,0.386510604124949,0,0.581393777575403
200,3,48.3315068493151,0.665363457836542,0.386443945430481,0,0.580801276173207
200,3,48.4958904109589,0.665748781648419,0.386438832703103,0,0.58045743883491
200,3,48.6602739726027,0.665096020638037,0.386746087895578,0,0.581489102166882
200,3,48.8246575342466,0.6645424853101,0.386703518012157,0,0.581909398662008
200,3,48.9890410958904,0.66403301657518,0.38698711850811,0,0.582782947305898
200,3,49.1534246575342,0.663961997036966,0.386777833066628,0,0.58253007671024
200,3,49.3178082191781,0.663772998115189,0.38687340661782,0,0.582839928283258
200,3,49.4821917808219,0.664080488690051,0.38709100849977,0,0.582897728652344
200,3,49.6465753424658,0.663791414102846,0.38721586876872,0,0.583339676503748
200,3,49.8109589041096,0.663826844698623,0.387109834667891,0,0.583148810204623
200,3,49.9753424657534,0.664394555203962,0.387236409568289,0,0.582841034044013
10,5,0.00273972602739726,0.799872222222222,0.799936363636364,0,1.00008018957573
10,5,0.167123287671233,0.803952972027972,0.799313292263292,0,0.994228916458912
10,5,0.331506849315069,0.802967331279831,0.796364427933178,0,0.991776871748781
10,5,0.495890410958904,0.803531186868687,0.7860490585395,0,0.978243372983053
10,5,0.66027397260274,0.802068824231324,0.774282852482485,0,0.965357122843581
10,5,0.824657534246575,0.798282952423394,0.764929215188406,0,0.95821815167951
10,5,0.989041095890411,0.794335188953204,0.75579751588281,0,0.951484368807607
10,5,1.15342465753425,0.792777965227927,0.743640720676382,0,0.938018907302227
10,5,1.31780821917808,0.791186261899865,0.729761489694946,0,0.922363702249555
10,5,1.48219178082192,0.790437652339491,0.717409078176725,0,0.907609950074342
10,5,1.64657534246575,0.790913241271542,0.704666711887184,0,0.890953236228918
10,5,1.81095890410959,0.790444985924378,0.691909886400579,5e-04,0.875342242308529
10,5,1.97534246575342,0.786274231246909,0.683316216014378,5e-04,0.869055844461218
10,5,2.13972602739726,0.783423273866656,0.670886436729335,5e-04,0.856352445872733
10,5,2.3041095890411,0.782604011395381,0.662770661613928,5e-04,0.846878692114303
10,5,2.46849315068493,0.781325490677193,0.654373729605018,5e-04,0.837517446202679
10,5,2.63287671232877,0.779631463165616,0.644079008461439,5e-04,0.826132652274217
10,5,2.7972602739726,0.77531570494788,0.637250736763237,5e-04,0.821924195132969
10,5,2.96164383561644,0.77389674622275,0.626705836198116,0.0015,0.809805493119015
10,5,3.12602739726027,0.775737876238399,0.619568588841499,0.0015,0.798682915736725
10,5,3.29041095890411,0.775652801653111,0.615221673480458,0.002,0.793166313805953
10,5,3.45479452054795,0.77277079485487,0.611369333266063,0.0025,0.791139283907437
10,5,3.61917808219178,0.775152396124687,0.606259476084631,0.003,0.782116496208458
10,5,3.78356164383562,0.77752950029202,0.603090056621655,0.003,0.775649099352694
10,5,3.94794520547945,0.776266215696498,0.599247743733734,0.004,0.771961643591644
10,5,4.11232876712329,0.776971072443209,0.593658176994574,0.004,0.764067283905176
10,5,4.27671232876712,0.776519565982861,0.588682129985168,0.0045,0.758103408817597
10,5,4.44109589041096,0.776184126286081,0.584071812866356,0.0045,0.752491313705484
10,5,4.60547945205479,0.774624168902077,0.581441543950116,0.005,0.750611157374845
10,5,4.76986301369863,0.771328193615343,0.576872082230635,0.006,0.747894459201264
10,5,4.93424657534247,0.769725779685104,0.572681280443413,0.006,0.744006886033748
10,5,5.0986301369863,0.770539926239481,0.569481609607713,0.006,0.739068269164186
10,5,5.26301369863014,0.773185763170438,0.564764542696296,0.007,0.730438362419513
10,5,5.42739726027397,0.769765091347851,0.55987206591568,0.0075,0.72732846969632
10,5,5.59178082191781,0.765155045979562,0.556683354545351,0.0085,0.727543205093391
10,5,5.75616438356164,0.762526548606193,0.552818479488777,0.011,0.724982599621303
10,5,5.92054794520548,0.762630490355877,0.55077199777132,0.012,0.722200337825866
10,5,6.08493150684932,0.763332223420285,0.54718577254359,0.014,0.716838298914985
10,5,6.24931506849315,0.762777395052918,0.546728859599293,0.0145,0.71676069996983
10,5,6.41369863013699,0.76359433816929,0.544011886709352,0.0155,0.712435726034343
10,5,6.57808219178082,0.762093739492791,0.540605333282559,0.017,0.709368553063244
10,5,6.74246575342466,0.761708785281887,0.535727355726059,0.0195,0.70332306266863
10,5,6.90684931506849,0.760756264261251,0.533865781427894,0.0225,0.701756668341491
10,5,7.07123287671233,0.763913518397723,0.531368468919282,0.0245,0.695587204732029
10,5,7.23561643835616,0.76454244993053,0.525172821079419,0.0265,0.686911264544093
10,5,7.4,0.764061636115003,0.522644429684523,0.027,0.6840343828045
10,5,7.56438356164384,0.762790853801341,0.518999423359578,0.0295,0.680395446239507
10,5,7.72876712328767,0.759189490134105,0.516547611416361,0.03,0.68039352247239
10,5,7.89315068493151,0.758431180876414,0.513993239173911,0.031,0.677705838227748
10,5,8.05753424657534,0.756525076290724,0.510130769629426,0.032,0.674307812942063
10,5,8.22191780821918,0.756495577431852,0.50956289216805,0.035,0.67358343838296
10,5,8.38630136986301,0.758706997882578,0.508609396137918,0.038,0.670363391345222
10,5,8.55068493150685,0.75742667865646,0.506418495716044,0.04,0.668603985027752
10,5,8.71506849315069,0.756017026064825,0.506719896470974,0.042,0.670249318469086
10,5,8.87945205479452,0.753690587727639,0.50446676443998,0.0445,0.669328730720834
10,5,9.04383561643836,0.752215120025743,0.503855896997254,0.0455,0.669829525601679
10,5,9.20821917808219,0.753683833106795,0.502621401182517,0.048,0.666886271277226
10,5,9.37260273972603,0.753244699413933,0.49871268389791,0.0505,0.662085885617166
10,5,9.53698630136986,0.753644115450944,0.497548718951757,0.054,0.660190544517219
10,5,9.7013698630137,0.753647086276782,0.495405075774329,0.0565,0.657343582686376
10,5,9.86575342465753,0.7526315224552,0.49579685235645,0.058,0.658751112017052
10,5,10.0301369863014,0.753661206523263,0.492392411808608,0.0605,0.653333895318929
10,5,10.1945205479452,0.753584657265249,0.489135465074571,0.062,0.649078322334266
10,5,10.358904109589,0.752596872468963,0.48597733636977,0.0635,0.645733930271962
10,5,10.5232876712329,0.753093311532379,0.48216741611201,0.065,0.640249234362347
10,5,10.6876712328767,0.753723897284346,0.480369460963443,0.069,0.63732815516956
10,5,10.8520547945205,0.753264753258736,0.480855302722042,0.071,0.638361612755396
10,5,11.0164383561644,0.751916701280615,0.477418693454509,0.0735,0.634935615396495
10,5,11.1808219178082,0.752520435040965,0.478533882569379,0.075,0.635908156491896
10,5,11.3452054794521,0.753736538169433,0.476634235987032,0.0795,0.632361855701745
10,5,11.5095890410959,0.75070408616796,0.47398428306085,0.0815,0.631386310257545
10,5,11.6739726027397,0.751799717753007,0.469940235596447,0.084,0.625087007216514
10,5,11.8383561643836,0.75189775994774,0.469751106364825,0.0855,0.624753964418613
10,5,12.0027397260274,0.752563543465012,0.465489518810223,0.09,0.618538491337197
10,5,12.1671232876712,0.748337755794257,0.46512617189527,0.0925,0.621545777015624
10,5,12.3315068493151,0.747347572492082,0.462384693735487,0.0955,0.618701004398306
10,5,12.4958904109589,0.749450710972128,0.459878143674351,0.098,0.613620264737402
10,5,12.6602739726027,0.748268684873348,0.45950950522216,0.1005,0.614096934044402
10,5,12.8246575342466,0.749172466521267,0.454828931553912,0.1025,0.60710844549037
10,5,12.9890410958904,0.748941977371184,0.452732993956078,0.103,0.604496753600578
10,5,13.1534246575342,0.748594925551726,0.450284177458249,0.107,0.601505783820779
10,5,13.3178082191781,0.747348327788053,0.446461930179384,0.1105,0.597394700140414
10,5,13.4821917808219,0.746557977450714,0.443882541286972,0.1135,0.594572095797177
10,5,13.6465753424658,0.746517736737377,0.44248919757573,0.1165,0.592737688336261
10,5,13.8109589041096,0.744006082426663,0.440923255684113,0.117,0.592633939558652
10,5,13.9753424657534,0.739934615798494,0.43735663758429,0.119,0.59107470882724
10,5,14.1397260273973,0.742225627799273,0.436817704751819,0.122,0.588524147363382
10,5,14.3041095890411,0.741472526577721,0.436506319495348,0.1245,0.588701946260977
10,5,14.4684931506849,0.741644597131025,0.436326546741872,0.1275,0.58832296281771
10,5,14.6328767123288,0.741311645931038,0.434217932123776,0.132,0.585742763528862
10,5,14.7972602739726,0.7421380994754,0.432743401640499,0.1365,0.583103605577446
10,5,14.9616438356164,0.741113309619386,0.431409255927251,0.139,0.582109712951735
10,5,15.1260273972603,0.742353690757986,0.427944126932149,0.1425,0.576469319490004
10,5,15.2904109589041,0.742585280902018,0.427436261165305,0.1445,0.575605620200414
10,5,15.4547945205479,0.743074859001078,0.426815701221293,0.1475,0.574391255539268
10,5,15.6191780821918,0.742809941118823,0.425474621167017,0.151,0.572790693304623
10,5,15.7835616438356,0.741401412102689,0.423131596257984,0.153,0.570718627386938
10,5,15.9479452054795,0.739370021795557,0.42274196610493,0.156,0.571759678703639
10,5,16.1123287671233,0.74236283838094,0.420734628477817,0.1585,0.566750659819423
10,5,16.2767123287671,0.740174108001991,0.417896799154204,0.164,0.564592566311547
10,5,16.441095890411,0.741897662686041,0.417127906780201,0.1655,0.562244535546842
10,5,16.6054794520548,0.744080867328836,0.417564201890357,0.1675,0.561181210571056
10,5,16.7698630136986,0.746181307393157,0.414017268116301,0.173,0.554848083185979
10,5,16.9342465753425,0.745323076120646,0.413473429275403,0.177,0.554757316018582
10,5,17.0986301369863,0.746289780171239,0.415548243063065,0.179089544772386,0.556818884706844
10,5,17.2630136986301,0.747045135162022,0.414659669540128,0.182091045522761,0.555066421053924
10,5,17.427397260274,0.747418472044251,0.415740914309008,0.184592296148074,0.556235803447461
10,5,17.5917808219178,0.747762895986882,0.413809596449583,0.189,0.55339680354619
10,5,17.7561643835616,0.744576436066924,0.412212091374305,0.191,0.553619576724362
10,5,17.9205479452055,0.741984482770841,0.412160149514658,0.1925,0.555483516279884
10,5,18.0849315068493,0.742194527616645,0.410212973722184,0.199,0.552702773273566
10,5,18.2493150684931,0.74085727978489,0.40842982567613,0.2,0.551293530914238
10,5,18.413698630137,0.742372302206382,0.406244399608389,0.203,0.547224618161269
10,5,18.5780821917808,0.741510108424427,0.404146348474367,0.2045,0.545031475475235
10,5,18.7424657534247,0.743130250361374,0.404147681008362,0.207,0.543845013457373
10,5,18.9068493150685,0.742126940747161,0.404935760586593,0.2115,0.545642178383808
10,5,19.0712328767123,0.740884068919556,0.402296606749374,0.215,0.54299535328928
10,5,19.2356164383562,0.740151321908656,0.402195228427833,0.215,0.543395946913501
10,5,19.4,0.74271702163076,0.397773356257605,0.2205,0.535565154255152
10,5,19.5643835616438,0.741671637014516,0.393808098882952,0.222,0.530973653607903
10,5,19.7287671232877,0.74038118735195,0.391126903312546,0.224,0.528277743943565
10,5,19.8931506849315,0.741640487906356,0.391014090566296,0.226,0.527228619448927
10,5,20.0575342465753,0.742105884590985,0.389369737548743,0.227,0.52468218570096
10,5,20.2219178082192,0.743380878781092,0.389996492529658,0.23,0.524625402215253
10,5,20.386301369863,0.744362417445815,0.389569788742389,0.2315,0.523360368030332
10,5,20.5506849315069,0.743828740841202,0.388835349783086,0.235,0.5227484882385
10,5,20.7150684931507,0.742633121986373,0.388484538023896,0.2365,0.523117709838728
10,5,20.8794520547945,0.739868874875125,0.387234166963927,0.2375,0.52338215610068
10,5,21.0438356164384,0.740333884094062,0.387366906618493,0.2395,0.523232712889414
10,5,21.2082191780822,0.738968347510762,0.385104555338882,0.242,0.521138092904951
10,5,21.372602739726,0.734852050879547,0.384935993487077,0.244,0.523827882124498
10,5,21.5369863013699,0.736188293030069,0.383382263485998,0.2455,0.520766585282196
10,5,21.7013698630137,0.738339137599587,0.381756361857097,0.248,0.517047441231715
10,5,21.8657534246575,0.735270008697873,0.377401235758995,0.2505,0.513282510226895
10,5,22.0301369863014,0.731751667924868,0.376535671698443,0.2535,0.514567561924714
10,5,22.1945205479452,0.73208635202302,0.375531383286047,0.2555,0.512960502881002
10,5,22.358904109589,0.73294820127936,0.373382950825405,0.258,0.509426109749182
10,5,22.5232876712329,0.735089083957595,0.369052031929199,0.2605,0.502050758177887
10,5,22.6876712328767,0.736521466247722,0.368471373268974,0.2645,0.50028599321916
10,5,22.8520547945205,0.736190388907693,0.367748453954027,0.267,0.499529007027198
10,5,23.0164383561644,0.738593955344229,0.367668651992143,0.269,0.497795370963721
10,5,23.1808219178082,0.737575469738791,0.367456658638489,0.269,0.498195335547998
10,5,23.3452054794521,0.735566477502172,0.367379568597467,0.27,0.499451211867363
10,5,23.5095890410959,0.732848469117742,0.365702821157601,0.2725,0.499015603591096
10,5,23.6739726027397,0.731612093590964,0.360984812036089,0.276,0.493410121563561
10,5,23.8383561643836,0.732358102344422,0.360676781673274,0.278,0.492486913872704
10,5,24.0027397260274,0.732476200448588,0.35840007753899,0.281,0.489299280057832
10,5,24.1671232876712,0.73253517713152,0.357731355211696,0.285,0.488346998723678
10,5,24.3315068493151,0.728998396409232,0.357588957275674,0.2885,0.490520910659091
10,5,24.4958904109589,0.731592732009992,0.356675672005452,0.2905,0.487533099222452
10,5,24.6602739726027,0.72979795785355,0.356506123183699,0.2935,0.48849975441455
10,5,24.8246575342466,0.724238989358165,0.353994014611587,0.296,0.48878066468819
10,5,24.9890410958904,0.723789221586377,0.352070700139644,0.298,0.486427111152591
10,5,25.1534246575342,0.728529606182431,0.350376549065829,0.3005,0.480936596251507
10,5,25.3178082191781,0.727570927200165,0.350527797153826,0.3035,0.481778180036311
10,5,25.4821917808219,0.730403064496563,0.351925464449981,0.306,0.481823641707403
10,5,25.6465753424658,0.730907532373457,0.350443144920525,0.307,0.479463036565706
10,5,25.8109589041096,0.728891503768419,0.349857813398332,0.3105,0.479986131803626
10,5,25.9753424657534,0.730027897016984,0.349280042328243,0.3135,0.478447527492387
10,5,26.1397260273973,0.729401285249408,0.347972867534177,0.315157578789395,0.477066430470016
10,5,26.3041095890411,0.726150638126064,0.34724317098665,0.3175,0.478197157387014
10,5,26.4684931506849,0.724753832057605,0.345446824711666,0.3205,0.476640218280638
10,5,26.6328767123288,0.725393637291893,0.344429479764384,0.321160580290145,0.474817343380954
10,5,26.7972602739726,0.724554884434451,0.343915550693437,0.323161580790395,0.474657694098465
10,5,26.9616438356164,0.723754530647371,0.34298566227985,0.325662831415708,0.473897775773594
10,5,27.1260273972603,0.723408634610144,0.342814915695396,0.327163581790895,0.473888338200642
10,5,27.2904109589041,0.724596375904461,0.340622021157587,0.330165082541271,0.470085184641468
10,5,27.4547945205479,0.722009992185747,0.340004524046138,0.332166083041521,0.47091387615958
10,5,27.6191780821918,0.721922295306696,0.336508119626929,0.3345,0.466127894670395
10,5,27.7835616438356,0.724254975470436,0.335200459812805,0.335,0.462821066013495
10,5,27.9479452054795,0.724515607670194,0.336503215330421,0.3375,0.464452679511634
10,5,28.1123287671233,0.723773554409109,0.334847166567523,0.3395,0.462640786648931
10,5,28.2767123287671,0.723750123592867,0.334805096984199,0.342,0.462597637043773
10,5,28.441095890411,0.72327037071779,0.33448476348428,0.3435,0.462461587016663
10,5,28.6054794520548,0.724658472756118,0.332315273823614,0.345,0.458581920059125
10,5,28.7698630136986,0.723457025177265,0.331183603256049,0.348,0.457779234606093
10,5,28.9342465753425,0.723716732742662,0.328614684622989,0.35,0.454065340423513
10,5,29.0986301369863,0.725301055421822,0.327642284967616,0.3525,0.451732811524816
10,5,29.2630136986301,0.725904069346117,0.327253910478758,0.354,0.45082253192704
10,5,29.427397260274,0.72717727372116,0.324732728186435,0.358,0.446566112448332
10,5,29.5917808219178,0.724470988039738,0.322520507225776,0.3595,0.445180707785755
10,5,29.7561643835616,0.722791613948057,0.319522124765985,0.36,0.442066729331128
10,5,29.9205479452055,0.72406491712407,0.317931552071509,0.362,0.439092606964455
10,5,30.0849315068493,0.72178478542955,0.318158535320029,0.364,0.440794183727059
10,5,30.2493150684931,0.719464696691767,0.319320843471114,0.366,0.443831149658088
10,5,30.413698630137,0.716905332816478,0.318902952371454,0.369,0.444832724452742
10,5,30.5780821917808,0.718010240204842,0.321355222770006,0.3695,0.447563564940698
10,5,30.7424657534247,0.717171664870999,0.32184818956843,0.3715,0.448774268886267
10,5,30.9068493150685,0.716276744219606,0.322663035751658,0.3725,0.450472583893819
10,5,31.0712328767123,0.715193201295231,0.323116662422545,0.376,0.451789337255127
10,5,31.2356164383562,0.715188291354758,0.322438958861056,0.3785,0.450844851291218
10,5,31.4,0.717491970424227,0.31936858937347,0.380190095047524,0.445117997884547
10,5,31.5643835616438,0.717738916991162,0.31794637901658,0.384,0.442983334872582
10,5,31.7287671232877,0.718281545009428,0.316133834919381,0.386,0.440125236567551
10,5,31.8931506849315,0.718304963461891,0.313308700398329,0.3885,0.436177830218977
10,5,32.0575342465753,0.717926555103393,0.310895021941423,0.392,0.433045719971521
10,5,32.2219178082192,0.717808136862278,0.308378429454906,0.3925,0.429611220071852
10,5,32.386301369863,0.717068604005214,0.304820567304642,0.395,0.425092614014971
10,5,32.5506849315069,0.71947004494044,0.304972685963417,0.3965,0.423885175078643
10,5,32.7150684931507,0.717313552295228,0.303640532771266,0.3975,0.423302378436446
10,5,32.8794520547945,0.717775356669474,0.302585208380371,0.3995,0.421559761795649
10,5,33.0438356164384,0.71812120342248,0.299898260655323,0.401,0.41761510344778
10,5,33.2082191780822,0.716492915263271,0.298618413268878,0.4045,0.416777900949868
10,5,33.372602739726,0.715571877462493,0.299134638364302,0.405,0.418035766616584
10,5,33.5369863013699,0.716137147551021,0.30024562967777,0.4055,0.41925716422409
10,5,33.7013698630137,0.714546701599914,0.29641909251176,0.407703851925963,0.41483515611794
10,5,33.8657534246575,0.716676476864209,0.295125725977394,0.410205102551276,0.411797701619433
10,5,34.0301369863014,0.716730644323427,0.294978821598732,0.412206103051526,0.411561615140906
10,5,34.1945205479452,0.713325364060174,0.29341681905341,0.4155,0.411336584729458
10,5,34.358904109589,0.711401528803154,0.292126918313025,0.4165,0.410635775276577
10,5,34.5232876712329,0.710587084430447,0.292015832206635,0.419,0.410950098312993
10,5,34.6876712328767,0.71030932526366,0.290018172987312,0.4205,0.40829841686178
10,5,34.8520547945205,0.709724241307368,0.289569932219913,0.4245,0.408003440443998
10,5,35.0164383561644,0.710287350072528,0.288806399633218,0.4275,0.406605016411637
10,5,35.1808219178082,0.711173234498989,0.289029908312238,0.430215107553777,0.406412803929348
10,5,35.3452054794521,0.709626179468536,0.288681308171433,0.431715857928964,0.406807579150527
10,5,35.5095890410959,0.709525836248804,0.287478211367666,0.433,0.405169476121596
10,5,35.6739726027397,0.708691738846808,0.286696754148844,0.435,0.404543666073151
10,5,35.8383561643836,0.705660133214526,0.28646089047906,0.4375,0.405947391663082
10,5,36.0027397260274,0.704886420840547,0.285024511070117,0.4395,0.404355230350781
10,5,36.1671232876712,0.707221866487056,0.283038260744078,0.441720860430215,0.400211410529482
10,5,36.3315068493151,0.706694584425293,0.28229655092817,0.4465,0.399460470123375
10,5,36.4958904109589,0.706905697044184,0.280167709915214,0.448,0.396329681719488
10,5,36.6602739726027,0.705304661656713,0.279350776839689,0.451,0.396071076835808
10,5,36.8246575342466,0.707578112169348,0.278101761745755,0.4515,0.393033301854306
10,5,36.9890410958904,0.710001217775266,0.275750991524385,0.453,0.388381012061402
10,5,37.1534246575342,0.707618379414703,0.273720599860311,0.455,0.386819517162224
10,5,37.3178082191781,0.705803933972374,0.274449835769908,0.4575,0.388847132411493
10,5,37.4821917808219,0.704543444788356,0.273501040770226,0.4595,0.388196132961517
10,5,37.6465753424658,0.705758692661827,0.271749082354694,0.4615,0.385045320986086
10,5,37.8109589041096,0.707376325837046,0.271983558548864,0.4645,0.384496269686469
10,5,37.9753424657534,0.705353846716579,0.270637879921936,0.465,0.383690939209809
10,5,38.1397260273973,0.706480687088969,0.271363018199551,0.467,0.384105359366147
10,5,38.3041095890411,0.707080315962417,0.268555619346254,0.468,0.379809214432337
10,5,38.4684931506849,0.706638369980553,0.267130209715465,0.4685,0.378029584952791
10,5,38.6328767123288,0.708073527732158,0.26732876243983,0.4725,0.377543788843569
10,5,38.7972602739726,0.70760816741523,0.267586070837058,0.475,0.378155712665815
10,5,38.9616438356164,0.706665204635513,0.265324106947404,0.4775,0.375459418699204
10,5,39.1260273972603,0.703486360141836,0.266529935935238,0.4775,0.3788700833965
10,5,39.2904109589041,0.703612555268089,0.266329757484518,0.479,0.378517630889973
10,5,39.4547945205479,0.704011056584025,0.263750414139954,0.48,0.37463959077534
10,5,39.6191780821918,0.704965672053694,0.260238246097727,0.4825,0.36915023867702
10,5,39.7835616438356,0.706282300229011,0.25961660526352,0.4845,0.367581921817013
10,5,39.9479452054794,0.704012479995065,0.258429659064276,0.485,0.367081076554335
10,5,40.1123287671233,0.70102165357862,0.256841189288867,0.487,0.366381249391839
10,5,40.2767123287671,0.701585138081733,0.25556621067486,0.489,0.364269704135448
10,5,40.441095890411,0.702143292863397,0.254325920566362,0.4895,0.362213700752164
10,5,40.6054794520548,0.702848837037575,0.253096201321898,0.491,0.360100476780567
10,5,40.7698630136986,0.702059499889086,0.251941330472503,0.494,0.358860367977794
10,5,40.9342465753425,0.702260015502643,0.252588236501201,0.495,0.359679080291095
10,5,41.0986301369863,0.700507455594801,0.251742443742338,0.4955,0.35937154091898
10,5,41.2630136986301,0.700673369095215,0.250274047430897,0.4965,0.357190751739399
10,5,41.427397260274,0.701525414968159,0.250622816567098,0.498,0.357254079780522
10,5,41.5917808219178,0.70059814919791,0.249641887567477,0.4995,0.356326787122238
10,5,41.7561643835616,0.701390920786711,0.24780771761778,0.501,0.353308989714078
10,5,41.9205479452055,0.700234801702855,0.247829017499528,0.503,0.353922736911746
10,5,42.0849315068493,0.702339243762773,0.247110491767864,0.504,0.351839220095367
10,5,42.2493150684932,0.699518691596072,0.244544874090907,0.507,0.349590192555021
10,5,42.413698630137,0.699670365180485,0.246278114966389,0.5085,0.351991633807243
10,5,42.5780821917808,0.698176762381327,0.246757730470424,0.5095,0.353431600371212
10,5,42.7424657534247,0.697279034533541,0.246799601069725,0.512,0.353946682528361
10,5,42.9068493150685,0.695964940509883,0.245919900386851,0.515,0.353350989500539
10,5,43.0712328767123,0.695726593594744,0.24648889987936,0.5155,0.354289892248878
10,5,43.2356164383562,0.698974596304613,0.24612447220607,0.518,0.352122199443726
10,5,43.4,0.695320137272503,0.24657591467485,0.52,0.354622139439368
10,5,43.5643835616438,0.697103479451461,0.245013240945071,0.521,0.351473272142994
10,5,43.7287671232877,0.695297884051793,0.244718603841978,0.5235,0.351962244464057
10,5,43.8931506849315,0.693572935096865,0.243136270682362,0.5245,0.350556168470451
10,5,44.0575342465753,0.694558755121055,0.239071204681112,0.5275,0.344205875915341
10,5,44.2219178082192,0.695838975070207,0.237678338639774,0.531,0.341570890903019
10,5,44.386301369863,0.694051550335014,0.236047745681821,0.532,0.340101171977618
10,5,44.5506849315069,0.693138402543878,0.235494116345471,0.5325,0.33975049641051
10,5,44.7150684931507,0.693615313744115,0.235414550636842,0.535,0.339402181543659
10,5,44.8794520547945,0.691569741309602,0.233049214697841,0.5375,0.33698584651278
10,5,45.0438356164384,0.689751910287282,0.232114823204756,0.5385,0.336519290114152
10,5,45.2082191780822,0.690866690991676,0.229750979698406,0.539,0.332554721039771
10,5,45.372602739726,0.688581825292833,0.230975609205466,0.54,0.335436691357979
10,5,45.5369863013699,0.689443866422311,0.22895198430955,0.541,0.332082125115764
10,5,45.7013698630137,0.688618383382258,0.226129801899597,0.5415,0.32838188372045
10,5,45.8657534246575,0.689024608871502,0.226547094563503,0.542,0.328793909022417
10,5,46.0301369863014,0.69205366378286,0.225942552642146,0.5445,0.326481260726391
10,5,46.1945205479452,0.69225464025942,0.225922335739596,0.5465,0.326357271733032
10,5,46.358904109589,0.694447423647773,0.226505803926895,0.5475,0.326166958381258
10,5,46.5232876712329,0.690506053155221,0.226122091206437,0.5485,0.327473003564831
10,5,46.6876712328767,0.689074601048247,0.224412497160562,0.5505,0.325672281084192
10,5,46.8520547945205,0.690103371740059,0.223173867111561,0.5505,0.323391938440816
10,5,47.0164383561644,0.69145657111851,0.221739890991362,0.5535,0.32068520316854
10,5,47.1808219178082,0.689453304801475,0.222232636758237,0.5555,0.322331672370803
10,5,47.3452054794521,0.688621917617108,0.221796163041035,0.557,0.322086993409292
10,5,47.5095890410959,0.685783674342943,0.219706862440105,0.5585,0.32037342191123
10,5,47.6739726027397,0.685290039548702,0.219125194110585,0.5605,0.319755404959468
10,5,47.8383561643836,0.684130543060292,0.220358290322938,0.5615,0.322099769639313
10,5,48.0027397260274,0.683594674877907,0.21939248219316,0.5645,0.320939425445852
10,5,48.1671232876712,0.68403714608433,0.217816719552807,0.566,0.31842820349694
10,5,48.3315068493151,0.685056413772416,0.21850828100563,0.569,0.31896392269706
10,5,48.4958904109589,0.68677606477329,0.217470639993448,0.571,0.316654366900856
10,5,48.6602739726027,0.688406568575473,0.216736717382635,0.5735,0.314838247158405
10,5,48.8246575342466,0.68849800297564,0.214909814851901,0.574,0.312142974886021
10,5,48.9890410958904,0.687685226589716,0.213679505805512,0.575,0.310722838798159
10,5,49.1534246575342,0.6883807188039,0.213839706891835,0.578,0.310641627591478
10,5,49.3178082191781,0.686214058610808,0.211666922411524,0.5805,0.308456114758168
10,5,49.4821917808219,0.687994730095756,0.210873840145493,0.581,0.306505022380249
10,5,49.6465753424658,0.685722275445573,0.210722554170116,0.5825,0.307300144264952
10,5,49.8109589041096,0.686838567152643,0.209738216356657,0.5835,0.305367558531472
10,5,49.9753424657534,0.68861987891149,0.211547251694814,0.584,0.307204683125339
20,5,0.00273972602739726,0.800291643882433,0.799994150148098,0,0.999628268348658
20,5,0.167123287671233,0.801963155323498,0.797971653874087,0,0.995022836868607
20,5,0.331506849315069,0.801714439088435,0.791477972399342,0,0.987231779558901
20,5,0.495890410958904,0.803583193818148,0.782195403760059,0,0.973384473166409
20,5,0.66027397260274,0.803495529194214,0.772482123531573,0,0.96140189392996
20,5,0.824657534246575,0.803844140040632,0.761404933087269,0,0.947204682052894
20,5,0.989041095890411,0.801338943530008,0.748705670451545,0,0.934318338696225
20,5,1.15342465753425,0.802778212133561,0.737745785565247,0,0.918990792742773
20,5,1.31780821917808,0.801672395939368,0.724871620885008,0,0.904199302054841
20,5,1.48219178082192,0.7987187761089,0.715006611174677,0,0.895191940595109
20,5,1.64657534246575,0.797102899078509,0.702992570326274,0,0.881934529580772
20,5,1.81095890410959,0.795203239828896,0.692570635962928,0,0.870935380132441
20,5,1.97534246575342,0.792270636906302,0.684001520369738,0,0.863343267447929
20,5,2.13972602739726,0.791312235664817,0.676911428148532,0,0.85542899204614
20,5,2.3041095890411,0.793392084421257,0.667260324965523,0,0.841022160502469
20,5,2.46849315068493,0.791002314199294,0.659574439672102,0,0.833846409589544
20,5,2.63287671232877,0.791054547722023,0.65327113911607,0,0.825823125595164
20,5,2.7972602739726,0.79135036151992,0.646451925307553,0,0.816897238873986
20,5,2.96164383561644,0.788617446855458,0.637776043816088,0,0.808726774127511
20,5,3.12602739726027,0.787349513561716,0.632064689587153,0,0.80277523348925
20,5,3.29041095890411,0.787738868904053,0.626555509065332,0,0.795384782697128
20,5,3.45479452054795,0.787177371287879,0.621000912547791,0,0.788895787910912
20,5,3.61917808219178,0.788963547154288,0.616190151945786,0,0.781012195263422
20,5,3.78356164383562,0.78854400733644,0.612716288454746,0,0.77702231296436
20,5,3.94794520547945,0.789255961864592,0.606927608050704,0,0.768987042703938
20,5,4.11232876712329,0.788863984661472,0.601807290750477,0,0.762878395327849
20,5,4.27671232876712,0.78799428177677,0.598560177059271,0,0.759599645456357
20,5,4.44109589041096,0.787470256200006,0.595330783177877,0,0.756004151891003
20,5,4.60547945205479,0.789191026319401,0.592562596544642,0,0.750848117607485
20,5,4.76986301369863,0.791335987365592,0.589983023460905,0,0.745553131514966
20,5,4.93424657534247,0.791126236096066,0.585478360801843,0,0.740056812792577
20,5,5.0986301369863,0.79147181224163,0.583191195881701,0,0.736843924017925
20,5,5.26301369863014,0.790064379308202,0.581568191140558,0,0.736102280234165
20,5,5.42739726027397,0.790173497021919,0.578955435426095,0,0.732694069856958
20,5,5.59178082191781,0.790311317551129,0.575393261390036,0,0.728058992212029
20,5,5.75616438356164,0.790355541111657,0.5719373368418,0,0.723645634263985
20,5,5.92054794520548,0.790102638514792,0.570007132861106,0,0.721434285971486
20,5,6.08493150684932,0.788382715498435,0.566890286594947,0,0.719054686830044
20,5,6.24931506849315,0.788112044625593,0.565715049384133,5e-04,0.71781043474965
20,5,6.41369863013699,0.787565693168016,0.562190065516456,5e-04,0.713832598846481
20,5,6.57808219178082,0.787421903432108,0.561138400080548,5e-04,0.712627369945812
20,5,6.74246575342466,0.787043426442291,0.560491308331282,5e-04,0.712147880917952
20,5,6.90684931506849,0.78660167638403,0.557422868066181,5e-04,0.708646936310417
20,5,7.07123287671233,0.785326377058261,0.556198959585012,5e-04,0.708239244005107
20,5,7.23561643835616,0.786065732610466,0.554059459097874,5e-04,0.704851307101104
20,5,7.4,0.787740867722036,0.552961558900901,5e-04,0.701958704389602
20,5,7.56438356164384,0.788449118551315,0.549253192907314,5e-04,0.69662477892867
20,5,7.72876712328767,0.789627263563965,0.546250916319283,5e-04,0.691783252079965
20,5,7.89315068493151,0.78710640212632,0.544567908884588,5e-04,0.691860601582545
20,5,8.05753424657534,0.787296807600015,0.541666256902982,5e-04,0.688007688681211
20,5,8.22191780821918,0.78604601480509,0.538714921200016,5e-04,0.685347818134536
20,5,8.38630136986301,0.784362426717962,0.534722918541817,5e-04,0.681729389791501
20,5,8.55068493150685,0.784907321183424,0.531947379532819,5e-04,0.677719987030812
20,5,8.71506849315069,0.784644831184701,0.529145938553286,5e-04,0.674376377085606
20,5,8.87945205479452,0.784692897681079,0.528239042105367,5e-04,0.6731793338087
20,5,9.04383561643836,0.784512541987072,0.525471443631926,5e-04,0.669806300739275
20,5,9.20821917808219,0.781997469922507,0.525527918774579,0.001,0.672032760958494
20,5,9.37260273972603,0.784390592863621,0.524276151217479,0.0015,0.668386586972534
20,5,9.53698630136986,0.783617880486339,0.524984391659942,0.0015,0.669949480139631
20,5,9.7013698630137,0.783994277480004,0.524292294131681,0.0015,0.668745052345173
20,5,9.86575342465753,0.783246954429018,0.521765781607602,0.0015,0.666157434327933
20,5,10.0301369863014,0.781161948818356,0.522027963484053,0.0015,0.668271111097656
20,5,10.1945205479452,0.782045810671736,0.523152643783037,0.0015,0.668953962343557
20,5,10.358904109589,0.782908230772202,0.522295454308065,0.0025,0.667122191055408
20,5,10.5232876712329,0.782973592593239,0.520420865662883,0.0025,0.664672308984558
20,5,10.6876712328767,0.783644570748901,0.519092506103318,0.0035,0.662408093515201
20,5,10.8520547945205,0.781961371276028,0.518619380097653,0.005,0.663228899979234
20,5,11.0164383561644,0.784276308009136,0.517553758831371,0.005,0.659912525147122
20,5,11.1808219178082,0.784106904602046,0.517054431164818,0.0055,0.659418286116529
20,5,11.3452054794521,0.783154494137058,0.515676398786156,0.0055,0.658460626411101
20,5,11.5095890410959,0.784410819767069,0.51308874467162,0.0065,0.654107174125902
20,5,11.6739726027397,0.785489896291122,0.511138014866764,0.007,0.650725129986043
20,5,11.8383561643836,0.784203388391475,0.509771010515658,0.007,0.650049487239885
20,5,12.0027397260274,0.781762935576056,0.508243527783804,0.0075,0.650124871178877
20,5,12.1671232876712,0.78177141260235,0.507800519821131,0.0075,0.649551149652264
20,5,12.3315068493151,0.781892361331253,0.506386280537433,0.008,0.647641933315806
20,5,12.4958904109589,0.782637961897143,0.505930797359348,0.008,0.646442955735183
20,5,12.6602739726027,0.782447987313885,0.504725019851462,0.009,0.645058876800443
20,5,12.8246575342466,0.784697633821964,0.50457726072711,0.009,0.64302125937287
20,5,12.9890410958904,0.78674752661563,0.506432760201044,0.0095,0.643704292760319
20,5,13.1534246575342,0.784296684876949,0.506868448205786,0.0095,0.646271312858233
20,5,13.3178082191781,0.78509100461526,0.505802390155288,0.01,0.644259566320163
20,5,13.4821917808219,0.786146689913106,0.504674411192636,0.01,0.641959595668359
20,5,13.6465753424658,0.787263995662177,0.507101652626094,0.01,0.644131645064709
20,5,13.8109589041096,0.785788368588524,0.508433860758208,0.01,0.647036633631375
20,5,13.9753424657534,0.78875688977311,0.506513314328996,0.01,0.642166579964452
20,5,14.1397260273973,0.787266270278786,0.50614615096085,0.01,0.642916088328812
20,5,14.3041095890411,0.784796719971858,0.504156749982262,0.01,0.642404252148685
20,5,14.4684931506849,0.785397693327388,0.505177031520761,0.01,0.643211758593975
20,5,14.6328767123288,0.783991660538803,0.504984127881465,0.01,0.644119259552342
20,5,14.7972602739726,0.783728539809262,0.503084598883498,0.01,0.641911801509659
20,5,14.9616438356164,0.783372089453885,0.501602173053574,0.01,0.640311519655056
20,5,15.1260273972603,0.78385004001156,0.501853220898046,0.0105,0.640241366691318
20,5,15.2904109589041,0.783956003085275,0.500880845042485,0.0105,0.63891448381192
20,5,15.4547945205479,0.7855399339949,0.499694488674643,0.0105,0.636115959291112
20,5,15.6191780821918,0.786793683575897,0.499870497930847,0.011,0.635326017945374
20,5,15.7835616438356,0.784679669895048,0.50081213737251,0.011,0.638237686774139
20,5,15.9479452054795,0.785550933241692,0.498205853122964,0.0115,0.634212031379104
20,5,16.1123287671233,0.786284884423971,0.498631556543751,0.012,0.634161442527344
20,5,16.2767123287671,0.787188981383437,0.49716264574442,0.0125,0.631567079191946
20,5,16.441095890411,0.784807730293369,0.495274045582601,0.0135,0.631076920454724
20,5,16.6054794520548,0.786543660291995,0.494492996268445,0.0135,0.628691096543669
20,5,16.7698630136986,0.785568052376036,0.493508551456424,0.0135,0.628218713787753
20,5,16.9342465753425,0.786483410868652,0.492233856206854,0.015,0.625866800754505
20,5,17.0986301369863,0.78577549023421,0.492526749636419,0.017,0.6268034009175
20,5,17.2630136986301,0.784679602757402,0.491375361994911,0.018,0.626211462956593
20,5,17.427397260274,0.783686014551393,0.493090124691962,0.018,0.629193472304367
20,5,17.5917808219178,0.783067115402394,0.491626371118152,0.0185,0.627821500160328
20,5,17.7561643835616,0.785008859121576,0.492526445215599,0.019,0.627415142507736
20,5,17.9205479452055,0.783295105083095,0.493453149446172,0.0195,0.629970934637495
20,5,18.0849315068493,0.783637421609204,0.494802883559983,0.0205,0.631418140476118
20,5,18.2493150684931,0.784514263631168,0.495069279921386,0.0205,0.631051980661167
20,5,18.413698630137,0.78413958604928,0.494610175800286,0.021,0.630768022173545
20,5,18.5780821917808,0.783128448874553,0.495500016716128,0.0215,0.632718703334324
20,5,18.7424657534247,0.782428211356755,0.496046973728863,0.0225,0.633984008409796
20,5,18.9068493150685,0.784958407916414,0.49741910347641,0.0245,0.633688483950066
20,5,19.0712328767123,0.786060920493918,0.49710500363592,0.0245,0.632400098612671
20,5,19.2356164383562,0.78489323385707,0.49742552437886,0.0245,0.633749283242569
20,5,19.4,0.787891376186235,0.495529910259675,0.0245,0.628931760439203
20,5,19.5643835616438,0.785999401548723,0.496276505839197,0.025,0.631395526334167
20,5,19.7287671232877,0.787316657558588,0.496807743060526,0.027,0.631013885316603
20,5,19.8931506849315,0.790475558278284,0.496534159241108,0.0275,0.628146125507785
20,5,20.0575342465753,0.789649168109328,0.494329009798013,0.0275,0.626010929615229
20,5,20.2219178082192,0.788813328964202,0.492462869825803,0.0275,0.624308504614724
20,5,20.386301369863,0.790092004744742,0.493435591844678,0.0285,0.624529281250092
20,5,20.5506849315069,0.789048594641318,0.494568666132006,0.0285,0.6267911374417
20,5,20.7150684931507,0.787975449495318,0.496997980745865,0.0285,0.630727748008115
20,5,20.8794520547945,0.785716507182738,0.494870031516646,0.029,0.62983280482556
20,5,21.0438356164384,0.784694018058313,0.494992000005245,0.029,0.630808937769245
20,5,21.2082191780822,0.787965037221151,0.495154595187721,0.029,0.628396656955669
20,5,21.372602739726,0.786381574386695,0.494059308139487,0.029,0.62826918156724
20,5,21.5369863013699,0.786335074890156,0.492435199431124,0.03,0.626240918351395
20,5,21.7013698630137,0.784559943807461,0.492743148074287,0.0305,0.628050350981482
20,5,21.8657534246575,0.783782062390643,0.491295501034834,0.032,0.626826671098233
20,5,22.0301369863014,0.786322851232778,0.490802451601986,0.032,0.624174219066021
20,5,22.1945205479452,0.786327390711694,0.490278919455058,0.0335,0.623504821587499
20,5,22.358904109589,0.786621656806088,0.490480892685288,0.034,0.623528335943334
20,5,22.5232876712329,0.785851841622172,0.491897036457863,0.0345,0.625941189426341
20,5,22.6876712328767,0.789346003492474,0.49127817779272,0.035,0.62238634973643
20,5,22.8520547945205,0.788695958152642,0.48964058240566,0.035,0.620822989320933
20,5,23.0164383561644,0.787049783744906,0.4891199487206,0.036,0.621459987439792
20,5,23.1808219178082,0.787157290543363,0.487503117456485,0.036,0.619321097972641
20,5,23.3452054794521,0.78622728836913,0.488304432159456,0.0365,0.621072861986697
20,5,23.5095890410959,0.784339385534449,0.488122122694512,0.037,0.62233534576605
20,5,23.6739726027397,0.784689802287944,0.488150948713175,0.0385,0.622094166752083
20,5,23.8383561643836,0.783680782690403,0.488875874239786,0.0385,0.623820163819073
20,5,24.0027397260274,0.782244897097909,0.489998630857583,0.039,0.626400546268124
20,5,24.1671232876712,0.782554655689126,0.489359342364992,0.039,0.625335673115454
20,5,24.3315068493151,0.779358002979653,0.489564122936404,0.039,0.628163335802924
20,5,24.4958904109589,0.780882115154606,0.488608941372388,0.04,0.625714089092243
20,5,24.6602739726027,0.781769318622549,0.487659862749534,0.0405,0.62378997375949
20,5,24.8246575342466,0.782555939171633,0.49038573161819,0.041,0.626646233286892
20,5,24.9890410958904,0.782219340554763,0.489101559462318,0.041,0.625274183473192
20,5,25.1534246575342,0.782613961322616,0.488904668619765,0.0415,0.624707317760492
20,5,25.3178082191781,0.783720248320693,0.48949237823177,0.042,0.624575388068157
20,5,25.4821917808219,0.784034254721798,0.488862992466539,0.042,0.623522492190094
20,5,25.6465753424658,0.783874340386097,0.489952172466842,0.042,0.625039176847549
20,5,25.8109589041096,0.78497396004471,0.490098692025394,0.042,0.624350254876582
20,5,25.9753424657534,0.783526219894332,0.490747190034322,0.0425,0.62633154778216
20,5,26.1397260273973,0.783071449985119,0.491209541538608,0.043,0.627285724116162
20,5,26.3041095890411,0.785813455976964,0.492113552730446,0.043,0.626247296972822
20,5,26.4684931506849,0.787089645618738,0.491901219923247,0.0445,0.624962128089691
20,5,26.6328767123288,0.786897252949327,0.493059660715556,0.0455,0.626587091094225
20,5,26.7972602739726,0.784961090774907,0.492823324837566,0.046,0.627831532835665
20,5,26.9616438356164,0.78516200765107,0.491841811683467,0.0465,0.626420798371135
20,5,27.1260273972603,0.785839330674342,0.490049906215389,0.0475,0.623600635762109
20,5,27.2904109589041,0.784729685104574,0.490337192245992,0.0485,0.624848532626428
20,5,27.4547945205479,0.783915103371999,0.490007304724384,0.049,0.625077004661124
20,5,27.6191780821918,0.782631792005342,0.489775393518727,0.049,0.625805645160124
20,5,27.7835616438356,0.785939309881381,0.491406213931138,0.0495,0.625247023215194
20,5,27.9479452054795,0.785650045304367,0.492359148828656,0.0495,0.62669015520506
20,5,28.1123287671233,0.786274685478888,0.491808868197644,0.0495,0.625492435761305
20,5,28.2767123287671,0.785440425462742,0.490337441301388,0.051,0.624283428004748
20,5,28.441095890411,0.782129178485404,0.490058748912761,0.0515,0.626570088922857
20,5,28.6054794520548,0.78261539663905,0.491018526015766,0.0525,0.627407188926324
20,5,28.7698630136986,0.781801632162414,0.489156502159082,0.053,0.625678537925415
20,5,28.9342465753425,0.77997387831981,0.48641795423816,0.053,0.623633646919027
20,5,29.0986301369863,0.779949907325905,0.483634822784427,0.054,0.620084467273792
20,5,29.2630136986301,0.779007276281239,0.484970180645301,0.054,0.622548974074302
20,5,29.427397260274,0.778094703327735,0.48422656940651,0.0545,0.622323436126197
20,5,29.5917808219178,0.778986331330412,0.484018413957889,0.055,0.62134391129976
20,5,29.7561643835616,0.780029514549946,0.484470568450381,0.0555,0.621092611771115
20,5,29.9205479452055,0.782727909637958,0.483086618800008,0.056,0.617183331335987
20,5,30.0849315068493,0.783147237948515,0.4828163723746,0.057,0.616507789313484
20,5,30.2493150684931,0.782539515527903,0.483871329956217,0.057,0.618334691545635
20,5,30.413698630137,0.781046997954647,0.481699571202025,0.058,0.616735705358918
20,5,30.5780821917808,0.780497520761712,0.481676974839581,0.058,0.617140941549048
20,5,30.7424657534247,0.779802162550407,0.480938549966838,0.0585,0.616744314216685
20,5,30.9068493150685,0.77786853679008,0.480622633045554,0.059,0.617871285845898
20,5,31.0712328767123,0.778658852870366,0.481739818735915,0.06,0.618678920762385
20,5,31.2356164383562,0.781735707898569,0.479549512716014,0.06,0.613441995639575
20,5,31.4,0.781152436954131,0.477711947894907,0.061,0.611547663805033
20,5,31.5643835616438,0.784311393289627,0.477338432620869,0.0615,0.608608311322336
20,5,31.7287671232877,0.783368336522416,0.478348618647664,0.0615,0.610630525062045
20,5,31.8931506849315,0.783658810948482,0.478526329986286,0.062,0.610630957376864
20,5,32.0575342465753,0.785346794249113,0.479924743982695,0.0625,0.611099131615558
20,5,32.2219178082192,0.786274130797954,0.478953081485551,0.0625,0.609142616709878
20,5,32.386301369863,0.786113607723079,0.479316337764714,0.063,0.609729093932133
20,5,32.5506849315069,0.788138352042662,0.479343391472991,0.0635,0.608197012911058
20,5,32.7150684931507,0.784880220976655,0.47918236268876,0.0635,0.610516547470767
20,5,32.8794520547945,0.784052803013753,0.478062753882025,0.0645,0.609732854782791
20,5,33.0438356164384,0.783391479401251,0.475924015210822,0.0645,0.607517477180851
20,5,33.2082191780822,0.782053521813265,0.473717380239281,0.0645,0.605735243210621
20,5,33.372602739726,0.781743336462348,0.473620942426958,0.0645,0.605852228392828
20,5,33.5369863013699,0.781000881472316,0.472516248126222,0.0665,0.60501371936412
20,5,33.7013698630137,0.780031395681507,0.472971145933081,0.067,0.606348857945455
20,5,33.8657534246575,0.780150597561701,0.475441346366991,0.0675,0.609422524129246
20,5,34.0301369863014,0.781116447253514,0.473790481078885,0.068,0.606555504937556
20,5,34.1945205479452,0.781900549952788,0.4740104324473,0.0685,0.606228544635148
20,5,34.358904109589,0.781633471681007,0.473365028783253,0.069,0.605609976969408
20,5,34.5232876712329,0.779445922908154,0.472150181174198,0.069,0.605751043526639
20,5,34.6876712328767,0.781294983236605,0.471578677756412,0.07,0.603585953928492
20,5,34.8520547945205,0.781866262972162,0.471448923814295,0.07,0.6029789826487
20,5,35.0164383561644,0.780222100102269,0.47086305714104,0.07,0.60349874360047
20,5,35.1808219178082,0.77836251724557,0.470544804003964,0.07,0.604531684887788
20,5,35.3452054794521,0.779106287928633,0.470785442236838,0.0705,0.604263435594249
20,5,35.5095890410959,0.781140758278111,0.47181732324818,0.071,0.604010632204392
20,5,35.6739726027397,0.782910608647144,0.472526139787256,0.0725,0.60355056448114
20,5,35.8383561643836,0.784084177939301,0.471935315490542,0.0725,0.601893685357691
20,5,36.0027397260274,0.784485283566946,0.471873948433127,0.0735,0.601507712531689
20,5,36.1671232876712,0.784842419915391,0.469639175503643,0.075,0.598386585111278
20,5,36.3315068493151,0.783430384645398,0.469931992807185,0.0755,0.599838865095703
20,5,36.4958904109589,0.783729439365598,0.470376809862805,0.077,0.600177543724221
20,5,36.6602739726027,0.785539183807539,0.469763105858181,0.077,0.598013588044355
20,5,36.8246575342466,0.784187836212178,0.471337670173387,0.077,0.601052003624622
20,5,36.9890410958904,0.784301165970872,0.471231197868449,0.0775,0.600829398596036
20,5,37.1534246575342,0.785409465882522,0.470372018962072,0.078,0.598887636824622
20,5,37.3178082191781,0.783912979483599,0.470611672212081,0.079,0.600336624764263
20,5,37.4821917808219,0.784045674493556,0.470990791817938,0.079,0.600718564160395
20,5,37.6465753424658,0.784529968575234,0.469229342916027,0.0795,0.598102509414883
20,5,37.8109589041096,0.785284335239374,0.468539846130823,0.0805,0.596649933158288
20,5,37.9753424657534,0.786471315292879,0.466988318386936,0.082,0.593776669671712
20,5,38.1397260273973,0.787658640826875,0.466959912383513,0.082,0.592845540161032
20,5,38.3041095890411,0.785937256718128,0.466982289236598,0.082,0.59417248036643
20,5,38.4684931506849,0.785488538869479,0.465218982130612,0.082,0.592267053062521
20,5,38.6328767123288,0.786252558935599,0.464410897194196,0.0825,0.590663765626276
20,5,38.7972602739726,0.786159949003251,0.464309620045107,0.083,0.590604520916884
20,5,38.9616438356164,0.78344378980078,0.462115516044767,0.084,0.589851527398382
20,5,39.1260273972603,0.784286056218437,0.462599858095563,0.0845,0.589835627482738
20,5,39.2904109589041,0.784440504885946,0.464052205530319,0.0845,0.591570938318375
20,5,39.4547945205479,0.78255716018049,0.465356974837207,0.085,0.594661960194545
20,5,39.6191780821918,0.783057472530443,0.466023501351252,0.085,0.595133202477848
20,5,39.7835616438356,0.784920563797908,0.465177434327272,0.086,0.592642689951286
20,5,39.9479452054794,0.783218018965644,0.464176806057352,0.0865,0.5926533797963
20,5,40.1123287671233,0.783124913582726,0.463096995904212,0.0875,0.591344992187242
20,5,40.2767123287671,0.78417674855407,0.462713009628867,0.089,0.590062139029314
20,5,40.441095890411,0.784764690507404,0.462791032420967,0.0895,0.589719489190754
20,5,40.6054794520548,0.786737120484818,0.463367690207744,0.0895,0.588973976367352
20,5,40.7698630136986,0.783805018207359,0.463669554871078,0.0905,0.591562370870676
20,5,40.9342465753425,0.784369874469088,0.463547096834849,0.0905,0.590980240219715
20,5,41.0986301369863,0.784112837305646,0.465585293386613,0.091,0.593773333677903
20,5,41.2630136986301,0.785316400042628,0.466120459455659,0.092,0.59354479217594
20,5,41.427397260274,0.784970495200088,0.465995752220983,0.0925,0.593647474740056
20,5,41.5917808219178,0.785206569472303,0.464507145908655,0.0925,0.591573178279477
20,5,41.7561643835616,0.785503355676136,0.46520460846062,0.0925,0.592237582562823
20,5,41.9205479452055,0.786839346931435,0.465871951026379,0.0925,0.592080140429194
20,5,42.0849315068493,0.788046818710308,0.462941842041794,0.093,0.587454743868429
20,5,42.2493150684932,0.789673776506283,0.46267985159534,0.093,0.585912645652681
20,5,42.413698630137,0.788326511113458,0.462876531233649,0.093,0.587163471871404
20,5,42.5780821917808,0.788166127329109,0.461402486925508,0.093,0.585412733339711
20,5,42.7424657534247,0.788089759251119,0.462444422560063,0.0935,0.586791564198855
20,5,42.9068493150685,0.79065412137073,0.459411853544357,0.094,0.581052879036272
20,5,43.0712328767123,0.790125784158135,0.458742259959152,0.0945,0.58059396257766
20,5,43.2356164383562,0.790757858119352,0.458375291977502,0.095,0.579665807011579
20,5,43.4,0.789747031306727,0.458347228686231,0.0965,0.580372208462554
20,5,43.5643835616438,0.78651526721327,0.45881624551291,0.0965,0.583353260437725
20,5,43.7287671232877,0.786086079173931,0.456759549460487,0.0965,0.581055385105508
20,5,43.8931506849315,0.783532957178486,0.453850788789471,0.0965,0.579236373698683
20,5,44.0575342465753,0.782943054159864,0.454554029534128,0.0965,0.580570996982516
20,5,44.2219178082192,0.784710823638987,0.454812278486123,0.098,0.579592207454198
20,5,44.386301369863,0.784958151997138,0.453993308610673,0.0985,0.578366257431172
20,5,44.5506849315069,0.785625930771144,0.455297847736254,0.0995,0.579535157768213
20,5,44.7150684931507,0.787690290980475,0.456150036806146,0.101,0.579098209066858
20,5,44.8794520547945,0.786253163159871,0.455312414064137,0.102,0.579091360643032
20,5,45.0438356164384,0.78470281211579,0.454808972442843,0.1025,0.579593911759465
20,5,45.2082191780822,0.784366439959328,0.453049593276184,0.1025,0.577599410423113
20,5,45.372602739726,0.785112589325125,0.45330044604513,0.1025,0.577369987704289
20,5,45.5369863013699,0.78703601422803,0.453113480768774,0.103,0.575721406107716
20,5,45.7013698630137,0.786266245922639,0.453639873344078,0.103,0.57695453123739
20,5,45.8657534246575,0.783993615786423,0.452080254208522,0.1035,0.576637672942069
20,5,46.0301369863014,0.784324797060503,0.452049628978175,0.1035,0.57635514097268
20,5,46.1945205479452,0.785808514734686,0.452998131096271,0.1035,0.576473940663799
20,5,46.358904109589,0.786133863745658,0.452969944299032,0.1035,0.576199506456553
20,5,46.5232876712329,0.786187745324456,0.45295283699308,0.1045,0.576138256652867
20,5,46.6876712328767,0.783900592043343,0.4553428363537,0.1045,0.580868085794893
20,5,46.8520547945205,0.781489200224039,0.456070063945452,0.1045,0.583591000124768
20,5,47.0164383561644,0.779971622646159,0.456488551207617,0.1045,0.585263024902006
20,5,47.1808219178082,0.781734278147292,0.457055475812084,0.1055,0.584668586997751
20,5,47.3452054794521,0.782950313902101,0.457070156951894,0.106,0.58377926266346
20,5,47.5095890410959,0.783407356237787,0.457770081936069,0.106,0.584332120819558
20,5,47.6739726027397,0.7820876805034,0.454675965070604,0.106,0.581361881033526
20,5,47.8383561643836,0.783586676701865,0.453578031511749,0.106,0.578848575400579
20,5,48.0027397260274,0.784065518480595,0.457037267351872,0.107,0.582906984913128
20,5,48.1671232876712,0.784963322397819,0.455959631955072,0.108,0.580867435388264
20,5,48.3315068493151,0.784162008197709,0.455794510447213,0.1085,0.581250437642083
20,5,48.4958904109589,0.783641869231173,0.456900452488994,0.109,0.583047525188077
20,5,48.6602739726027,0.78375000716325,0.458987080626156,0.1095,0.585629443612308
20,5,48.8246575342466,0.786071869193676,0.457250206804078,0.1105,0.581690077871772
20,5,48.9890410958904,0.785077036449623,0.457576453692081,0.111,0.582842743384003
20,5,49.1534246575342,0.783966438969545,0.457382469592253,0.111,0.583420981889788
20,5,49.3178082191781,0.784552325533978,0.457275105437797,0.1115,0.582848448159998
20,5,49.4821917808219,0.786518063678838,0.454152986326181,0.1115,0.577422194478202
20,5,49.6465753424658,0.786779080426524,0.454135736159653,0.1125,0.577208707574507
20,5,49.8109589041096,0.785917317791663,0.45368659633362,0.1135,0.577270135245813
20,5,49.9753424657534,0.785525287790522,0.453901334495795,0.114,0.577831600778253
50,5,0.00273972602739726,0.800094631429495,0.80011545972235,0,1.00002603228673
50,5,0.167123287671233,0.799288739265934,0.799151624632298,0,0.999828454190708
50,5,0.331506849315069,0.799159493690429,0.793847502366363,0,0.993353027316819
50,5,0.495890410958904,0.800043500664701,0.786293816945401,0,0.982813829863155
50,5,0.66027397260274,0.80059368222759,0.776349045238093,0,0.969716677101375
50,5,0.824657534246575,0.801068773368939,0.764900547270433,0,0.954850036225481
50,5,0.989041095890411,0.799675590875962,0.752824458819034,0,0.941412326959228
50,5,1.15342465753425,0.798915427433021,0.739312121457956,0,0.925394723986524
50,5,1.31780821917808,0.798508058655657,0.728198159659667,0,0.911948416507704
50,5,1.48219178082192,0.799411935638754,0.715232503412199,0,0.894698304498927
50,5,1.64657534246575,0.797863030053799,0.705034511775435,0,0.883653566111336
50,5,1.81095890410959,0.797485038575636,0.695154272118409,0,0.871683152025026
50,5,1.97534246575342,0.796986843603103,0.685566312410771,0,0.860197778562303
50,5,2.13972602739726,0.79679664427918,0.677935701455491,0,0.850826501746608
50,5,2.3041095890411,0.796956676295706,0.668836472766749,0,0.83923818277743
50,5,2.46849315068493,0.796978572879543,0.662646622922962,0,0.831448479886693
50,5,2.63287671232877,0.797526683858568,0.655539278507228,0,0.821965323261185
50,5,2.7972602739726,0.79604118664618,0.649099179068625,0,0.815409039076684
50,5,2.96164383561644,0.795567998948859,0.644831164315638,0,0.810529288719027
50,5,3.12602739726027,0.795825609975556,0.639337224457617,0,0.803363471146969
50,5,3.29041095890411,0.796308007014679,0.633613228627948,0,0.79568863184402
50,5,3.45479452054795,0.796887881998584,0.629170619207372,0,0.789534680373632
50,5,3.61917808219178,0.79808441955071,0.624192113015274,0,0.782112891474149
50,5,3.78356164383562,0.796041102370626,0.619316682346841,0,0.777995860392766
50,5,3.94794520547945,0.795554431928105,0.617073696099562,0,0.775652389496496
50,5,4.11232876712329,0.798049844195312,0.613972204233776,0,0.769340673016302
50,5,4.27671232876712,0.797112454054409,0.608482896700251,0,0.763358913294206
50,5,4.44109589041096,0.796891586025376,0.605248689659513,0,0.759511959058681
50,5,4.60547945205479,0.797167340455119,0.601206382501688,0,0.754178391400791
50,5,4.76986301369863,0.797673208255596,0.597242647665775,0,0.748730985928266
50,5,4.93424657534247,0.797656354368408,0.593771752104075,0,0.744395439028665
50,5,5.0986301369863,0.796741134740858,0.5915143601969,0,0.742417247465566
50,5,5.26301369863014,0.795901719289129,0.588396486028046,0,0.739282843305805
50,5,5.42739726027397,0.794704942501803,0.585599416923502,0,0.736876525619663
50,5,5.59178082191781,0.794720026860344,0.583280619876803,0,0.733944785789704
50,5,5.75616438356164,0.79402527542076,0.581048195431412,0,0.73177544017539
50,5,5.92054794520548,0.794332858380376,0.578979310772766,0,0.728887524498596
50,5,6.08493150684932,0.795914754735818,0.576834074513701,0,0.724743537020074
50,5,6.24931506849315,0.795573905190996,0.575641761017796,0,0.723555357034492
50,5,6.41369863013699,0.794651400534047,0.573271255116671,0,0.721412250367146
50,5,6.57808219178082,0.79346323073396,0.571169250925106,0,0.719843376229002
50,5,6.74246575342466,0.795287986743708,0.567809163174486,0,0.71396672983754
50,5,6.90684931506849,0.796398078137633,0.567288480055525,0,0.712317741125296
50,5,7.07123287671233,0.797357505705314,0.565451824758207,0,0.709157210802234
50,5,7.23561643835616,0.798100033465126,0.562505415185927,0,0.704805652925093
50,5,7.4,0.797501254249916,0.560982727381247,0,0.703425511109542
50,5,7.56438356164384,0.797023350754028,0.560083241633916,0,0.702718736037089
50,5,7.72876712328767,0.796722132558157,0.559240312725472,0,0.701926418097404
50,5,7.89315068493151,0.79641277245711,0.556794429494311,0,0.699127950668692
50,5,8.05753424657534,0.797230082536204,0.555754022658578,0,0.69710618657361
50,5,8.22191780821918,0.797074466995902,0.554842068046671,0,0.69609815772649
50,5,8.38630136986301,0.796623359529865,0.553792636969898,0,0.695174991223863
50,5,8.55068493150685,0.796755474195146,0.552058746550461,0,0.692883531309441
50,5,8.71506849315069,0.797355292255225,0.550063488282186,0,0.689859957819302
50,5,8.87945205479452,0.796894469792528,0.548693643751987,0,0.68853990653849
50,5,9.04383561643836,0.796689346502296,0.548240426963255,0,0.68814830946365
50,5,9.20821917808219,0.796727561476974,0.546868470524871,0,0.686393313055577
50,5,9.37260273972603,0.796085757655141,0.545566112645593,0,0.685310731161112
50,5,9.53698630136986,0.794962088191764,0.54497309402389,0,0.685533438787623
50,5,9.7013698630137,0.794625033454686,0.546262903566364,0,0.687447387847133
50,5,9.86575342465753,0.794987811925626,0.545323159965071,0,0.68595159798008
50,5,10.0301369863014,0.794914086179068,0.544988751576396,0,0.685594532858269
50,5,10.1945205479452,0.795436973142805,0.543466111953969,0,0.68322963390388
50,5,10.358904109589,0.795912104984422,0.542757184864601,0,0.68193105930362
50,5,10.5232876712329,0.795856721526178,0.542303431776956,0,0.68140837051298
50,5,10.6876712328767,0.795377126762903,0.541389890690036,0,0.68067068120683
50,5,10.8520547945205,0.794918776238016,0.540242389807015,0,0.679619611407008
50,5,11.0164383561644,0.794515858692985,0.541240226369359,0,0.681220167536648
50,5,11.1808219178082,0.795188646391649,0.54017609839482,0,0.679305597289389
50,5,11.3452054794521,0.794796384559754,0.539786418995007,0,0.679150571745492
50,5,11.5095890410959,0.793945627704253,0.538837185899872,0,0.678682729770747
50,5,11.6739726027397,0.794946066693962,0.537219637690214,0,0.675793818220164
50,5,11.8383561643836,0.793994208823498,0.536692638180587,0,0.675940242657226
50,5,12.0027397260274,0.793899576800712,0.538372018938023,0,0.678136170707605
50,5,12.1671232876712,0.794353211882763,0.536355728017602,0,0.675210624183593
50,5,12.3315068493151,0.793789718821649,0.536161940577821,0,0.675445811232896
50,5,12.4958904109589,0.792582413986278,0.535690011828324,0,0.675879255425415
50,5,12.6602739726027,0.793394954303494,0.53575127980452,0,0.675264289114173
50,5,12.8246575342466,0.795155329453593,0.535566032726838,0,0.673536368164523
50,5,12.9890410958904,0.795408112622848,0.536187573682369,0,0.674103727600033
50,5,13.1534246575342,0.795208866249533,0.535353455977632,0,0.673223700966182
50,5,13.3178082191781,0.795238390047786,0.535867667079615,0,0.673845319574442
50,5,13.4821917808219,0.794287269097583,0.534967033678702,0,0.673518328307712
50,5,13.6465753424658,0.793388739477112,0.534421292546767,0,0.6735932411884
50,5,13.8109589041096,0.792919137578768,0.534880755677378,0,0.674571630734847
50,5,13.9753424657534,0.793587997733025,0.534496792741062,0,0.6735192496206
50,5,14.1397260273973,0.793525497672136,0.532701562284719,0,0.671309950149601
50,5,14.3041095890411,0.794401763181532,0.532641046716482,0,0.670493283629289
50,5,14.4684931506849,0.795224456647402,0.532160397187198,0,0.669195209904308
50,5,14.6328767123288,0.794842795524175,0.531630412656425,0,0.668849759537457
50,5,14.7972602739726,0.795485473864455,0.531187158648503,0,0.667752179141632
50,5,14.9616438356164,0.795385571324625,0.532494530230307,0,0.669479745959557
50,5,15.1260273972603,0.794773705291846,0.533541666217081,0,0.671312680156122
50,5,15.2904109589041,0.795115301463854,0.532954340329538,0,0.670285604299574
50,5,15.4547945205479,0.796283231994158,0.532544512947532,0,0.66878780256852
50,5,15.6191780821918,0.795544705929644,0.532273877219305,0,0.669068467493992
50,5,15.7835616438356,0.795826336515704,0.531677441539268,0,0.668082239986006
50,5,15.9479452054795,0.795194543746205,0.531378116106039,0,0.668236622453026
50,5,16.1123287671233,0.794782966814855,0.52965332318629,0,0.666412524300703
50,5,16.2767123287671,0.794614549460647,0.529234427416868,0,0.666026600917503
50,5,16.441095890411,0.795619664176128,0.529597321956022,0,0.665641318084346
50,5,16.6054794520548,0.796139917854094,0.529317778418067,0,0.664855217716986
50,5,16.7698630136986,0.794844903785443,0.529728139712034,0,0.666454722410885
50,5,16.9342465753425,0.794824206776782,0.529688997363958,0,0.666422830165156
50,5,17.0986301369863,0.794634234726163,0.530397487498529,0,0.667473743666869
50,5,17.2630136986301,0.795240679549277,0.530315218719586,0,0.666861281568438
50,5,17.427397260274,0.794032472891627,0.530555551852772,0,0.668178657631783
50,5,17.5917808219178,0.794658829832551,0.53021449011752,0,0.667222800795212
50,5,17.7561643835616,0.79456009825847,0.530873752350707,0,0.668135429295134
50,5,17.9205479452055,0.794319407349863,0.530728456598746,0,0.668154965984588
50,5,18.0849315068493,0.794347333892717,0.530910282951477,0,0.668360376247176
50,5,18.2493150684931,0.794485985542221,0.53113948340092,0,0.668532224691702
50,5,18.413698630137,0.794682513010238,0.530699000389229,0,0.667812606545165
50,5,18.5780821917808,0.794770078437912,0.531120463778835,0,0.6682693249131
50,5,18.7424657534247,0.794740230296869,0.531270446860504,0,0.668483142802588
50,5,18.9068493150685,0.796751560303231,0.531850091004392,0,0.667523124525766
50,5,19.0712328767123,0.797326699160922,0.531237291933559,0,0.666273050297468
50,5,19.2356164383562,0.797307938822027,0.530741593979539,0,0.665667012877957
50,5,19.4,0.796349732674635,0.530111829739616,0,0.665677161665105
50,5,19.5643835616438,0.796498616063428,0.529970030076253,0,0.665374702966275
50,5,19.7287671232877,0.795949840698659,0.529541067366985,0,0.665294520195105
50,5,19.8931506849315,0.795479801291511,0.528539783139391,0,0.664428917341803
50,5,20.0575342465753,0.795709671881307,0.528386269212483,0,0.664044045063839
50,5,20.2219178082192,0.795941109275581,0.529190032209275,0,0.664860786862627
50,5,20.386301369863,0.794322068293871,0.529733888621472,0,0.666900631074358
50,5,20.5506849315069,0.794498774029408,0.529803957375967,0,0.666840497045697
50,5,20.7150684931507,0.796457455045478,0.529910004949767,0,0.66533372447309
50,5,20.8794520547945,0.796472506132816,0.530628417556484,0,0.666223144516176
50,5,21.0438356164384,0.796057893344253,0.531272573342787,0,0.667379317238978
50,5,21.2082191780822,0.794492240800701,0.530744575867834,0,0.668029904650726
50,5,21.372602739726,0.795995214173827,0.530529974912201,0,0.666498950578295
50,5,21.5369863013699,0.795642348873231,0.531588588944093,0,0.668125056059316
50,5,21.7013698630137,0.793688411978318,0.531335511515704,0,0.669451013139171
50,5,21.8657534246575,0.794829384129355,0.531414412998317,0,0.668589289235225
50,5,22.0301369863014,0.794278110267755,0.530429642295452,0,0.667813496857721
50,5,22.1945205479452,0.794958338825707,0.52956481580148,0,0.666154174297662
50,5,22.358904109589,0.79488255047678,0.529536002448323,0,0.666181440428779
50,5,22.5232876712329,0.796208272667392,0.530508368252395,0,0.666293464240367
50,5,22.6876712328767,0.796953175263337,0.5294877653426,0,0.664390056752885
50,5,22.8520547945205,0.795468083090269,0.529222497163624,0,0.665296959631212
50,5,23.0164383561644,0.795829777789676,0.529813526814043,0,0.665737248844267
50,5,23.1808219178082,0.796390898810723,0.528652083066536,0,0.663809799755358
50,5,23.3452054794521,0.796199477057974,0.529423743043187,0,0.664938571674844
50,5,23.5095890410959,0.795883094924253,0.530175765658823,0,0.666147791101508
50,5,23.6739726027397,0.795962985614774,0.529255799316549,0,0.664925139587704
50,5,23.8383561643836,0.794895485671808,0.528046486726224,0,0.664296748747974
50,5,24.0027397260274,0.794418957892608,0.528379275921667,0,0.665114132375848
50,5,24.1671232876712,0.794413772314972,0.528392060962239,0,0.665134567622703
50,5,24.3315068493151,0.793841412393746,0.530581401549003,0,0.668372036612565
50,5,24.4958904109589,0.793175439318769,0.531437247697317,0,0.670012233552958
50,5,24.6602739726027,0.793349381267137,0.530806087462434,0,0.669069769254286
50,5,24.8246575342466,0.794135056445692,0.531987635582808,0,0.669895669842134
50,5,24.9890410958904,0.792976886099449,0.53242933020104,0,0.671431083975211
50,5,25.1534246575342,0.793682344877481,0.532745765052127,0,0.671232979403575
50,5,25.3178082191781,0.79411664372833,0.532483741840825,0,0.670535929508852
50,5,25.4821917808219,0.793684717125903,0.533066431056934,0,0.67163499504851
50,5,25.6465753424658,0.792920713190285,0.53379431855781,0,0.67320011910158
50,5,25.8109589041096,0.793873429122146,0.533498163989025,0,0.67201917134191
50,5,25.9753424657534,0.793716246729462,0.533379549448579,0,0.672002811642561
50,5,26.1397260273973,0.793252956685009,0.532614129889674,0,0.671430374637947
50,5,26.3041095890411,0.79343661644785,0.533136506193587,0,0.671933327932853
50,5,26.4684931506849,0.793625009384599,0.533496499381011,0,0.672227428662688
50,5,26.6328767123288,0.793624293784203,0.533388133817459,0,0.672091489631861
50,5,26.7972602739726,0.794688930684259,0.533541656569405,0,0.671384281280984
50,5,26.9616438356164,0.794560753523177,0.534654133048096,0,0.672892702889459
50,5,27.1260273972603,0.793952419349489,0.535104397071379,0,0.673975397051888
50,5,27.2904109589041,0.795888294045445,0.535118164747841,0,0.672353355051715
50,5,27.4547945205479,0.796403297408452,0.534490873123888,0,0.671130914278176
50,5,27.6191780821918,0.797333194933903,0.53404675254339,0,0.669791193865522
50,5,27.7835616438356,0.797516044918493,0.533295941355451,0,0.668696190820781
50,5,27.9479452054795,0.798914113662965,0.533318195074293,0,0.667553853353606
50,5,28.1123287671233,0.797424075508157,0.532799165277076,0,0.66815033761998
50,5,28.2767123287671,0.79673405511413,0.533177062484402,0,0.669203304492897
50,5,28.441095890411,0.796409643186783,0.534743364700619,0,0.671442604035879
50,5,28.6054794520548,0.79675997770177,0.533306488096881,0,0.669343971863631
50,5,28.7698630136986,0.796992224697637,0.533343291368198,0,0.669195099827402
50,5,28.9342465753425,0.796527516709488,0.532704283566085,0,0.668783277904478
50,5,29.0986301369863,0.796570092789209,0.533548509605151,0,0.669807358366818
50,5,29.2630136986301,0.795938310283023,0.533942600678186,0,0.670834151064201
50,5,29.427397260274,0.795554376133096,0.533389675315595,0,0.670462876350716
50,5,29.5917808219178,0.794443595430016,0.533017846436648,0,0.670932271973489
50,5,29.7561643835616,0.793991603581758,0.533032954839583,0,0.671333238834051
50,5,29.9205479452055,0.795524846928464,0.532391875871893,0,0.669233497768759
50,5,30.0849315068493,0.79425486482419,0.532766481247229,0,0.670775219444401
50,5,30.2493150684931,0.793864631694365,0.531801324184666,0,0.669889176256195
50,5,30.413698630137,0.792830662200231,0.532554375659354,0,0.671712638082678
50,5,30.5780821917808,0.793289935624368,0.532630585510026,0,0.671419819653722
50,5,30.7424657534247,0.791799507966408,0.532200174435334,0,0.672140067126578
50,5,30.9068493150685,0.792272233052112,0.531269802058234,0,0.670564712348425
50,5,31.0712328767123,0.791650564027533,0.53136496783332,0,0.671211506665256
50,5,31.2356164383562,0.792254323793065,0.530955848673443,0,0.6701835922225
50,5,31.4,0.791779512310544,0.531463175843009,0,0.671226228488928
50,5,31.5643835616438,0.792920006431454,0.531723116725526,0,0.670588599622493
50,5,31.7287671232877,0.793149775682537,0.530566201511022,0,0.66893570139946
50,5,31.8931506849315,0.793447769775813,0.530922508938338,0,0.669133532366407
50,5,32.0575342465753,0.793586353206172,0.531098363054582,0,0.669238276223991
50,5,32.2219178082192,0.794581111712462,0.531581458113725,0,0.669008425040551
50,5,32.386301369863,0.796264917228694,0.531390896963057,0,0.667354401111253
50,5,32.5506849315069,0.795774935113407,0.531704223541668,0,0.668159048595686
50,5,32.7150684931507,0.79602075344397,0.530714451585616,0,0.666709315416073
50,5,32.8794520547945,0.795752619397473,0.531174098644359,0,0.667511593045779
50,5,33.0438356164384,0.795595840115125,0.530848761832018,0,0.667234209966712
50,5,33.2082191780822,0.795779177944923,0.529278461797696,0,0.665107201176766
50,5,33.372602739726,0.79530996538602,0.529669837668696,0,0.665991702256126
50,5,33.5369863013699,0.793995516008791,0.529419480276601,0,0.666778929606373
50,5,33.7013698630137,0.793403952160694,0.528079643392927,0,0.665587361841085
50,5,33.8657534246575,0.79288663807438,0.528171752949184,0,0.666137790178823
50,5,34.0301369863014,0.791698582079298,0.528546095278916,0,0.667610258806774
50,5,34.1945205479452,0.792277693878739,0.527070881837902,0,0.665260281729668
50,5,34.358904109589,0.792155125113086,0.526721187447241,0,0.664921769422432
50,5,34.5232876712329,0.792144403125463,0.527337558167685,0,0.66570887339106
50,5,34.6876712328767,0.791561592580642,0.527228451368864,0,0.666061183754506
50,5,34.8520547945205,0.793107890545391,0.526989386910492,0,0.664461157419707
50,5,35.0164383561644,0.794575912169407,0.526582411051384,0,0.662721337239726
50,5,35.1808219178082,0.795051201514401,0.527520436096186,0,0.663504985705792
50,5,35.3452054794521,0.79425189323599,0.527205896967066,0,0.663776695349244
50,5,35.5095890410959,0.793744159882506,0.527107251433596,0,0.664077013822213
50,5,35.6739726027397,0.79443044100131,0.52824707162484,0,0.664938104535662
50,5,35.8383561643836,0.793924856127842,0.527279972387716,0,0.664143424050715
50,5,36.0027397260274,0.792746715378795,0.527665770855395,0,0.665617101425974
50,5,36.1671232876712,0.793698221878997,0.52872460516404,0,0.666153193479935
50,5,36.3315068493151,0.796237695937345,0.528391779837689,0,0.663610605895338
50,5,36.4958904109589,0.794635863517455,0.528405037177536,0,0.664965000243698
50,5,36.6602739726027,0.79434206475454,0.529723711242095,0,0.666871030436724
50,5,36.8246575342466,0.794241722677409,0.53022357894209,0,0.667584645584586
50,5,36.9890410958904,0.793748497102751,0.531159660899081,0,0.669178792574548
50,5,37.1534246575342,0.793584316068979,0.530709860488204,0,0.668750439924363
50,5,37.3178082191781,0.794806930490375,0.530321256422699,0,0.667232803437565
50,5,37.4821917808219,0.795154746972898,0.53145156406782,0,0.668362436482988
50,5,37.6465753424658,0.795666124167717,0.53169382389836,0,0.668237352010584
50,5,37.8109589041096,0.796428208140657,0.531970736300749,0,0.667945623802915
50,5,37.9753424657534,0.79605332349096,0.532427804104447,0,0.668834346133464
50,5,38.1397260273973,0.795049625249747,0.53249696300363,0,0.669765692721832
50,5,38.3041095890411,0.795876011133963,0.533022666298535,0,0.669730785752778
50,5,38.4684931506849,0.794517662880742,0.53303321901627,0,0.670889073861003
50,5,38.6328767123288,0.794720062039438,0.532492524295964,0,0.670037853240377
50,5,38.7972602739726,0.794133889811193,0.53414799346673,0,0.67261704898871
50,5,38.9616438356164,0.794749127729281,0.53397482117649,0,0.671878461448756
50,5,39.1260273972603,0.792809491544771,0.533773059314772,0,0.673267745918036
50,5,39.2904109589041,0.793374878470135,0.533839016623864,0,0.672871086683846
50,5,39.4547945205479,0.794027955081372,0.533205164332713,0,0.671519385332056
50,5,39.6191780821918,0.793585160521417,0.533525486884676,0,0.672297710978023
50,5,39.7835616438356,0.793370718726223,0.533303218493501,0,0.672199270663445
50,5,39.9479452054794,0.792753656686489,0.533977386665488,0,0.673572909013601
50,5,40.1123287671233,0.792512348301394,0.533940045433222,0,0.673730884544103
50,5,40.2767123287671,0.793678159107945,0.533331747913448,0,0.671974832358858
50,5,40.441095890411,0.793892721545224,0.533978192757542,0,0.672607492506308
50,5,40.6054794520548,0.795326149337987,0.533373253708734,0,0.670634624741941
50,5,40.7698630136986,0.795999643475153,0.533108475536238,0,0.669734565720166
50,5,40.9342465753425,0.796893134023694,0.532282443850305,0,0.667947082393206
50,5,41.0986301369863,0.796530968100085,0.531475969168621,0,0.667238300145839
50,5,41.2630136986301,0.797562094937088,0.531168279274741,0,0.665989874201131
50,5,41.427397260274,0.797266687688657,0.53118041545277,0,0.666251862338193
50,5,41.5917808219178,0.798014098551835,0.530136447529994,0,0.66431965110897
50,5,41.7561643835616,0.7986689483807,0.530723475299717,0,0.664509965456599
50,5,41.9205479452055,0.796950316198861,0.530725601997498,0,0.665945657100495
50,5,42.0849315068493,0.796596684222789,0.531318620010047,0,0.666985728830187
50,5,42.2493150684932,0.794983949880223,0.531616156386358,0,0.668713068315975
50,5,42.413698630137,0.794677007169645,0.531290721912126,0,0.668561839739636
50,5,42.5780821917808,0.794717405691526,0.531238599901034,0,0.668462268595685
50,5,42.7424657534247,0.794315174394658,0.531066514560361,0,0.668584123380348
50,5,42.9068493150685,0.79395665866297,0.530215705148296,0,0.66781441954424
50,5,43.0712328767123,0.794874030916482,0.530178140202886,0,0.666996429096565
50,5,43.2356164383562,0.794532353034162,0.52986721985186,0,0.666891936909054
50,5,43.4,0.795354814863015,0.530612974024908,0,0.66713995327519
50,5,43.5643835616438,0.795121132632585,0.52975538547732,0,0.666257459065816
50,5,43.7287671232877,0.793488816772415,0.530889428908364,0,0.669057228894295
50,5,43.8931506849315,0.793569665268004,0.53173567319893,0,0.670055442478831
50,5,44.0575342465753,0.793943472109279,0.530557340106789,0,0.668255812592364
50,5,44.2219178082192,0.792279080003086,0.531383123341164,0,0.670701949291776
50,5,44.386301369863,0.793258167835359,0.5320581528465,0,0.67072508600621
50,5,44.5506849315069,0.79327493025084,0.532087345706709,0,0.670747713580786
50,5,44.7150684931507,0.793652113114082,0.531906590804212,0,0.670201190187916
50,5,44.8794520547945,0.793858726818853,0.53285415109904,0,0.671220373471601
50,5,45.0438356164384,0.792515736439439,0.53254163768931,0,0.671963486910527
50,5,45.2082191780822,0.794292360163664,0.533790717793901,0,0.672033050505375
50,5,45.372602739726,0.793529105565861,0.533598150275838,0,0.672436772051773
50,5,45.5369863013699,0.793570723143831,0.533958071856608,0,0.672855054104397
50,5,45.7013698630137,0.793385019828615,0.534615982858955,0,0.67384179118285
50,5,45.8657534246575,0.793943702109069,0.534810131292358,0,0.673612158987676
50,5,46.0301369863014,0.794616208701429,0.53535965304672,0,0.673733617794697
50,5,46.1945205479452,0.795120207512015,0.536355837168006,0,0.674559434033629
50,5,46.358904109589,0.79523928333837,0.535989591505126,0,0.673997880556242
50,5,46.5232876712329,0.795882151600346,0.536747117817788,0,0.674405270602571
50,5,46.6876712328767,0.795527974115108,0.537179824083533,0,0.675249446358007
50,5,46.8520547945205,0.795609882339169,0.536573468816033,0,0.674417802904177
50,5,47.0164383561644,0.794285799512043,0.535553092600231,0,0.674257418336372
50,5,47.1808219178082,0.793362324518914,0.536602766108262,0,0.676365324549098
50,5,47.3452054794521,0.793739736415864,0.535605356178968,0,0.674787126820054
50,5,47.5095890410959,0.793466604303979,0.534819895206529,0,0.674029495766451
50,5,47.6739726027397,0.794803287098403,0.534653280206891,0,0.672686297207899
50,5,47.8383561643836,0.794863997627758,0.53553565875554,0,0.673745018460802
50,5,48.0027397260274,0.795692727800249,0.535203528957105,0,0.672625889690753
50,5,48.1671232876712,0.796055225383734,0.536192051132972,0,0.673561373677943
50,5,48.3315068493151,0.795448843907387,0.534427909830487,0,0.671857045143571
50,5,48.4958904109589,0.79522388894178,0.535066283554017,0,0.672849861522697
50,5,48.6602739726027,0.794894405751426,0.535181740883244,0,0.673274005969797
50,5,48.8246575342466,0.794107276269955,0.534804874980155,0,0.673466785863261
50,5,48.9890410958904,0.793276513903969,0.535744588582892,0,0.675356674744246
50,5,49.1534246575342,0.792748791340724,0.535363855476377,0,0.675325981350222
50,5,49.3178082191781,0.793296770488293,0.534604904593737,0,0.673902787054932
50,5,49.4821917808219,0.793764839539104,0.533888749943029,0,0.672603173318976
50,5,49.6465753424658,0.794141133739475,0.533902006847246,0,0.672301161801295
50,5,49.8109589041096,0.794407721948621,0.534189857705625,0,0.672437896745639
50,5,49.9753424657534,0.795538091188522,0.533955899635332,0,0.671188351066396
100,5,0.00273972602739726,0.799922995297092,0.799948597062587,0,1.00003200528757
100,5,0.167123287671233,0.800047491977728,0.797448137615039,0,0.996750999923437
100,5,0.331506849315069,0.800419170368284,0.791034808822032,0,0.988275691170747
100,5,0.495890410958904,0.800046141968879,0.782420444650636,0,0.977969149035746
100,5,0.66027397260274,0.799145357994446,0.772158372245278,0,0.966230191442399
100,5,0.824657534246575,0.799684107282447,0.761374743414217,0,0.952094378868657
100,5,0.989041095890411,0.7984451801896,0.75017112433492,0,0.939539924527796
100,5,1.15342465753425,0.798404279528631,0.739130743930784,0,0.925759997638237
100,5,1.31780821917808,0.799108638486833,0.7274266417192,0,0.910297557409255
100,5,1.48219178082192,0.799090144948459,0.71627754686972,0,0.896366387944779
100,5,1.64657534246575,0.799259409149723,0.705921015509061,0,0.883218899180732
100,5,1.81095890410959,0.799842355319283,0.696374251896807,0,0.870639379454751
100,5,1.97534246575342,0.79940233627137,0.686961297578907,0,0.859343620113848
100,5,2.13972602739726,0.799609540281247,0.678792623463496,0,0.848905108391709
100,5,2.3041095890411,0.798758404714445,0.671755394002791,0,0.840999468722889
100,5,2.46849315068493,0.799175654296385,0.664285715988497,0,0.831213654241446
100,5,2.63287671232877,0.79882901819838,0.65795568872151,0,0.823650210160635
100,5,2.7972602739726,0.799265982964861,0.652117874127042,0,0.815895944561564
100,5,2.96164383561644,0.798349584242369,0.646545469154658,0,0.809852578263979
100,5,3.12602739726027,0.798459182698429,0.641479172501282,0,0.80339632432227
100,5,3.29041095890411,0.798444137332096,0.636290127623472,0,0.796912517573938
100,5,3.45479452054795,0.799044581316917,0.63130741913347,0,0.790077842832002
100,5,3.61917808219178,0.799579251382319,0.626864708533423,0,0.783993215744023
100,5,3.78356164383562,0.799413338237998,0.621903225033939,0,0.777949522839697
100,5,3.94794520547945,0.798597185671894,0.617344480002006,0,0.773036132706387
100,5,4.11232876712329,0.797524690931791,0.61376131130997,0,0.769582833345108
100,5,4.27671232876712,0.798040674968278,0.610000360867941,0,0.764372518847098
100,5,4.44109589041096,0.797788942993205,0.606535560127735,0,0.760270702489419
100,5,4.60547945205479,0.79799627496362,0.603405142030126,0,0.756150324207509
100,5,4.76986301369863,0.797511153575753,0.599612217665741,0,0.751854334547292
100,5,4.93424657534247,0.798111913934251,0.596665679192015,0,0.747596507175018
100,5,5.0986301369863,0.798219215788817,0.594311555688274,0,0.744546791072879
100,5,5.26301369863014,0.798389651529245,0.590973215431631,0,0.740206507310902
100,5,5.42739726027397,0.798265662785549,0.588400761666591,0,0.737098924703045
100,5,5.59178082191781,0.797967312186886,0.585666306550328,0,0.733947741474858
100,5,5.75616438356164,0.797790530957834,0.58335592365792,0,0.731214399044745
100,5,5.92054794520548,0.797371637041422,0.580521897219392,0,0.728044327452339
100,5,6.08493150684932,0.797647506937945,0.578577005006645,0,0.725354244793818
100,5,6.24931506849315,0.798004273351153,0.575834535007941,0,0.72159329747668
100,5,6.41369863013699,0.798082622435492,0.573664783834235,0,0.718803752528271
100,5,6.57808219178082,0.797278197895278,0.572283782125007,0,0.717796853890862
100,5,6.74246575342466,0.797330325327033,0.570558326464993,0,0.715585884973048
100,5,6.90684931506849,0.796928802720787,0.568841500363521,0,0.713792120979245
100,5,7.07123287671233,0.79574010655576,0.567188115379826,0,0.712780606013203
100,5,7.23561643835616,0.79611927205537,0.565825808625807,0,0.710729947743878
100,5,7.4,0.796134134015266,0.564361640429402,0,0.708877582704651
100,5,7.56438356164384,0.796546005314837,0.562361831614779,0,0.706000441735319
100,5,7.72876712328767,0.795863118251716,0.561217164739059,0,0.705167951458654
100,5,7.89315068493151,0.796153676274249,0.560418356732957,0,0.703907264933499
100,5,8.05753424657534,0.796741269863816,0.558928229198424,0,0.701517858230137
100,5,8.22191780821918,0.79684442815105,0.557589022040988,0,0.699746402613098
100,5,8.38630136986301,0.797491988874588,0.556924678542163,0,0.698345169997367
100,5,8.55068493150685,0.797973755015177,0.555624939607776,0,0.696294754201796
100,5,8.71506849315069,0.797107323878445,0.554979861761075,0,0.696242331660858
100,5,8.87945205479452,0.796472194217276,0.554164152921241,0,0.695773382855932
100,5,9.04383561643836,0.796262973137572,0.553742368544381,0,0.695426495046518
100,5,9.20821917808219,0.797097439987424,0.553653882035498,0,0.694587454758647
100,5,9.37260273972603,0.797409634882478,0.553529772374289,0,0.694159874875186
100,5,9.53698630136986,0.798184578368402,0.552318891862831,0,0.691968883928885
100,5,9.7013698630137,0.79883854062294,0.551772897695029,0,0.690718924583624
100,5,9.86575342465753,0.798785832552673,0.551203848532963,0,0.690052109176105
100,5,10.0301369863014,0.798940979391142,0.549823406824469,0,0.688190268126539
100,5,10.1945205479452,0.799012563257742,0.54915571698712,0,0.68729296914694
100,5,10.358904109589,0.797962991123318,0.54841391484498,0,0.687267355686458
100,5,10.5232876712329,0.798207362691205,0.54834660609458,0,0.686972623562122
100,5,10.6876712328767,0.797919682912351,0.547876400270233,0,0.686631013124682
100,5,10.8520547945205,0.79756115616636,0.547272681960934,0,0.686182718064546
100,5,11.0164383561644,0.795777604787856,0.546903514965517,0,0.68725673061799
100,5,11.1808219178082,0.795598962993662,0.545865885530391,0,0.686106833870696
100,5,11.3452054794521,0.795486794621216,0.544830706998188,0,0.684902264477713
100,5,11.5095890410959,0.795653090969683,0.544888721299002,0,0.684832029791944
100,5,11.6739726027397,0.795169925456708,0.544070731495292,0,0.684219453072001
100,5,11.8383561643836,0.794688066132449,0.544220115110833,0,0.684822307398447
100,5,12.0027397260274,0.794957701757187,0.543644666482109,0,0.68386615448901
100,5,12.1671232876712,0.795583007680626,0.543908351221128,0,0.68366009073873
100,5,12.3315068493151,0.796083413675544,0.542753071268221,0,0.681779147692969
100,5,12.4958904109589,0.796567256210138,0.543285435528155,0,0.682033351600425
100,5,12.6602739726027,0.796928448299944,0.542978904449668,0,0.681339592792783
100,5,12.8246575342466,0.797212065983737,0.542855410321885,0,0.680942290621275
100,5,12.9890410958904,0.797537352614597,0.542788243013715,0,0.680580340512293
100,5,13.1534246575342,0.797582462079446,0.542574395344973,0,0.680273728600276
100,5,13.3178082191781,0.796452201709909,0.541967137719916,0,0.680476664583716
100,5,13.4821917808219,0.796517048289251,0.54221864827432,0,0.680737028088589
100,5,13.6465753424658,0.797570697133413,0.541515558152912,0,0.678956185450642
100,5,13.8109589041096,0.796710021967923,0.541474468874491,0,0.67963807903033
100,5,13.9753424657534,0.797000474871716,0.541358481005937,0,0.679244866313377
100,5,14.1397260273973,0.79701352133657,0.541027389734783,0,0.678818332752367
100,5,14.3041095890411,0.798012474750817,0.54104953070002,0,0.677996331910682
100,5,14.4684931506849,0.798748444290017,0.540722576052342,0,0.676962290089934
100,5,14.6328767123288,0.799150600830643,0.540769313161295,0,0.676680105851407
100,5,14.7972602739726,0.798439557529223,0.540175879051969,0,0.676539474977351
100,5,14.9616438356164,0.799405744525036,0.540211770100788,0,0.675766685191576
100,5,15.1260273972603,0.797537450752226,0.540061269442278,0,0.677161014737177
100,5,15.2904109589041,0.796862218819944,0.540234327812949,0,0.677951991014168
100,5,15.4547945205479,0.797469300375529,0.540377749206823,0,0.677615738878423
100,5,15.6191780821918,0.798070819483414,0.540453598348375,0,0.677200049361794
100,5,15.7835616438356,0.796560356854936,0.540329756968891,0,0.678328707070332
100,5,15.9479452054795,0.796516263145121,0.539817374342735,0,0.677722978575746
100,5,16.1123287671233,0.797345165194015,0.539323088338668,0,0.676398518334824
100,5,16.2767123287671,0.797181586920164,0.539088020099636,0,0.67624243829107
100,5,16.441095890411,0.797163693638869,0.538996290695721,0,0.676142547630747
100,5,16.6054794520548,0.796801036631468,0.538996033259191,0,0.676449964896927
100,5,16.7698630136986,0.796738235279619,0.538549169030123,0,0.675942417701489
100,5,16.9342465753425,0.79687385478675,0.539040394004673,0,0.676443819516358
100,5,17.0986301369863,0.795648214136188,0.538805190981165,0,0.677190222271949
100,5,17.2630136986301,0.79548972922559,0.538505106597782,0,0.676947906193606
100,5,17.427397260274,0.795383038814873,0.537991441736891,0,0.676392901888507
100,5,17.5917808219178,0.79629089371256,0.538324915600526,0,0.676040527213221
100,5,17.7561643835616,0.796063677328021,0.538203327742719,0,0.676080749657104
100,5,17.9205479452055,0.79613759323252,0.537411439931089,0,0.675023318204411
100,5,18.0849315068493,0.795971177675224,0.53689969426344,0,0.674521527062766
100,5,18.2493150684931,0.79558614070324,0.53707100092499,0,0.675063294152231
100,5,18.413698630137,0.796043087276402,0.537195088646278,0,0.67483167335106
100,5,18.5780821917808,0.796625084796346,0.537700539502044,0,0.674973145792297
100,5,18.7424657534247,0.796309755547852,0.537407618560476,0,0.674872579189672
100,5,18.9068493150685,0.79701498032186,0.536436481005948,0,0.673056961601046
100,5,19.0712328767123,0.79734140931673,0.536268525078406,0,0.672570769324465
100,5,19.2356164383562,0.797229220704914,0.536506486096246,0,0.672963900673215
100,5,19.4,0.797738555661799,0.5370923874104,0,0.673268683829417
100,5,19.5643835616438,0.796510132874496,0.53663378111102,0,0.673731267139544
100,5,19.7287671232877,0.795842437301227,0.537214308336336,0,0.675025963880587
100,5,19.8931506849315,0.79497136099408,0.537570738520901,0,0.676213968071366
100,5,20.0575342465753,0.795222821603078,0.537438341929187,0,0.675833649801163
100,5,20.2219178082192,0.794836209544716,0.537376029461771,0,0.676083981842726
100,5,20.386301369863,0.795609403896781,0.536813698242747,0,0.674720152393261
100,5,20.5506849315069,0.796233875960713,0.537098537998739,0,0.674548715163231
100,5,20.7150684931507,0.796008426926259,0.536962520292175,0,0.674568889133027
100,5,20.8794520547945,0.79597428982321,0.537267597935604,0,0.674981095249865
100,5,21.0438356164384,0.796817245574862,0.5376818683725,0,0.67478693685224
100,5,21.2082191780822,0.796745818373412,0.537962658184987,0,0.675199851419689
100,5,21.372602739726,0.79666331000596,0.537637109031559,0,0.674861139303048
100,5,21.5369863013699,0.79687417140192,0.536968517712088,0,0.673843546425169
100,5,21.7013698630137,0.796781977234573,0.537303261118519,0,0.674341634813782
100,5,21.8657534246575,0.797064039382905,0.537099151477502,0,0.673846924386815
100,5,22.0301369863014,0.797999685848061,0.536248533412551,0,0.671990907919546
100,5,22.1945205479452,0.798375828876367,0.536372265589912,0,0.671829289151704
100,5,22.358904109589,0.799002883242057,0.536783224022471,0,0.671816379240591
100,5,22.5232876712329,0.799472908030258,0.536480537699413,0,0.67104279871246
100,5,22.6876712328767,0.79927477266705,0.536125135881718,0,0.670764490780505
100,5,22.8520547945205,0.799128012269225,0.536364964021689,0,0.671187789423891
100,5,23.0164383561644,0.799690062161585,0.536412721096499,0,0.670775774862777
100,5,23.1808219178082,0.800019763002133,0.536667699406121,0,0.670818052534398
100,5,23.3452054794521,0.798779252613311,0.536885011147764,0,0.672131892999567
100,5,23.5095890410959,0.798352485233713,0.53741701228649,0,0.673157561636655
100,5,23.6739726027397,0.798632070875608,0.5371165055276,0,0.672545625344989
100,5,23.8383561643836,0.798748204557881,0.537119493830482,0,0.672451582069953
100,5,24.0027397260274,0.798782414319355,0.538528320182225,0,0.674186500013406
100,5,24.1671232876712,0.797826316072579,0.538374590944678,0,0.674801745817196
100,5,24.3315068493151,0.798260394079078,0.539164457297227,0,0.67542428673195
100,5,24.4958904109589,0.798532166898962,0.539564231275649,0,0.675695048542633
100,5,24.6602739726027,0.798650849719334,0.539792070229445,0,0.675879917261894
100,5,24.8246575342466,0.799053712214059,0.540125650987565,0,0.675956625607755
100,5,24.9890410958904,0.798074786486264,0.540006075147483,0,0.676635929729096
100,5,25.1534246575342,0.798902680413091,0.540486215772098,0,0.676535739613024
100,5,25.3178082191781,0.799245201261432,0.540133703524822,0,0.675804750122166
100,5,25.4821917808219,0.798790470226253,0.539911703312072,0,0.675911548067349
100,5,25.6465753424658,0.798714716869914,0.539576602677564,0,0.675556104427513
100,5,25.8109589041096,0.798319767085113,0.539971499464391,0,0.67638497971305
100,5,25.9753424657534,0.798159963440276,0.540033013310748,0,0.676597471743716
100,5,26.1397260273973,0.7976745639549,0.539700258451149,0,0.67659203745359
100,5,26.3041095890411,0.797736553523233,0.539263262363703,0,0.675991666649882
100,5,26.4684931506849,0.798413150944028,0.539261453519396,0,0.675416547036812
100,5,26.6328767123288,0.797616724733535,0.5394224555915,0,0.676292809396278
100,5,26.7972602739726,0.797140469689398,0.539557753428812,0,0.676866592457724
100,5,26.9616438356164,0.797718606018427,0.538957683566723,0,0.675623809574618
100,5,27.1260273972603,0.797487616257091,0.539160168233433,0,0.676073405081717
100,5,27.2904109589041,0.797729569936827,0.539933164462374,0,0.676837345399057
100,5,27.4547945205479,0.799492595417627,0.539948970303465,0,0.675364566724242
100,5,27.6191780821918,0.799404863509834,0.539653215375314,0,0.67506871675253
100,5,27.7835616438356,0.799254035971881,0.540286370370618,0,0.675988291649523
100,5,27.9479452054795,0.798667425812459,0.541036002834366,0,0.677423399713575
100,5,28.1123287671233,0.799039892904102,0.540756009712705,0,0.676757211391953
100,5,28.2767123287671,0.797672489624877,0.541319912540935,0,0.67862427196844
100,5,28.441095890411,0.797400170523816,0.541779404157394,0,0.679432265234526
100,5,28.6054794520548,0.796837095178973,0.541072668832002,0,0.6790254521352
100,5,28.7698630136986,0.7963655015404,0.541223008335082,0,0.67961634109991
100,5,28.9342465753425,0.7965372052072,0.542175180090373,0,0.680665230131139
100,5,29.0986301369863,0.797187986305469,0.542284427067251,0,0.680246612320944
100,5,29.2630136986301,0.798014298819874,0.541834599950497,0,0.67897856059945
100,5,29.427397260274,0.797801452761183,0.541618952926703,0,0.678889404189683
100,5,29.5917808219178,0.797593388010789,0.541261189937745,0,0.678617950040509
100,5,29.7561643835616,0.797163867853297,0.54111702556844,0,0.67880274983565
100,5,29.9205479452055,0.796958148275394,0.540860433772427,0,0.678656005892958
100,5,30.0849315068493,0.796839736310448,0.541174562480556,0,0.679151073698105
100,5,30.2493150684931,0.796320289041636,0.540539153749712,0,0.678796159269339
100,5,30.413698630137,0.795864847046361,0.539762224270738,0,0.678208399672282
100,5,30.5780821917808,0.795979031529929,0.539822823812518,0,0.678187241660047
100,5,30.7424657534247,0.795791137231494,0.539143489240749,0,0.677493709111155
100,5,30.9068493150685,0.795447743855365,0.539125448440039,0,0.677763501882617
100,5,31.0712328767123,0.795332524884787,0.538471577159409,0,0.677039553031498
100,5,31.2356164383562,0.797162934865982,0.538811204942186,0,0.67591101063018
100,5,31.4,0.796681136356641,0.538852638842694,0,0.676371780693791
100,5,31.5643835616438,0.798071865638359,0.538757793985539,0,0.675074284888616
100,5,31.7287671232877,0.797971452043732,0.538034489206164,0,0.674252804192646
100,5,31.8931506849315,0.798061714578007,0.538301550569812,0,0.674511182201555
100,5,32.0575342465753,0.798973799326649,0.538294490152203,0,0.67373234342085
100,5,32.2219178082192,0.79951388233093,0.538733443300297,0,0.673826252684513
100,5,32.386301369863,0.79828396458258,0.539176334961374,0,0.67541922283671
100,5,32.5506849315069,0.797972304841806,0.539789525526445,0,0.676451453579527
100,5,32.7150684931507,0.797546696957792,0.539294072721697,0,0.676191218368543
100,5,32.8794520547945,0.796932863773444,0.538911837990355,0,0.676232418674053
100,5,33.0438356164384,0.797803037506243,0.539348851852344,0,0.67604261515252
100,5,33.2082191780822,0.797218170598275,0.539500832957437,0,0.67672922275789
100,5,33.372602739726,0.796067022081258,0.540218267366912,0,0.678609027107481
100,5,33.5369863013699,0.796202490085622,0.540443069057718,0,0.678775909127839
100,5,33.7013698630137,0.796779284872201,0.540686094484537,0,0.678589547632704
100,5,33.8657534246575,0.796169367274267,0.540006271857839,0,0.678255524583397
100,5,34.0301369863014,0.796315217559891,0.538890435173892,0,0.676730047712998
100,5,34.1945205479452,0.796360612575019,0.538505094563111,0,0.67620759497618
100,5,34.358904109589,0.795210548271264,0.538445026210592,0,0.677110014927664
100,5,34.5232876712329,0.79561715829883,0.538316411177173,0,0.676602315023206
100,5,34.6876712328767,0.795709144195085,0.537381973229407,0,0.675349752041628
100,5,34.8520547945205,0.795944632936219,0.537460672102582,0,0.675248817395632
100,5,35.0164383561644,0.797258336822404,0.537692092287885,0,0.674426427989376
100,5,35.1808219178082,0.797260359513445,0.5377279506903,0,0.674469693963546
100,5,35.3452054794521,0.797440255020727,0.538030015069671,0,0.674696332022625
100,5,35.5095890410959,0.797630187347269,0.538319931861893,0,0.674899145495256
100,5,35.6739726027397,0.797733220361088,0.539003964806183,0,0.675669448192476
100,5,35.8383561643836,0.79817136598847,0.539729449985323,0,0.676207482483304
100,5,36.0027397260274,0.79683494079674,0.539579779272022,0,0.677153763780121
100,5,36.1671232876712,0.79659458870784,0.539149744118359,0,0.676818235726302
100,5,36.3315068493151,0.796661328296191,0.538300672824004,0,0.675695748876453
100,5,36.4958904109589,0.796249776779865,0.538371685186804,0,0.676134174082971
100,5,36.6602739726027,0.795590518384855,0.538511193448313,0,0.676869797972901
100,5,36.8246575342466,0.795654900030328,0.539113092809695,0,0.677571510951727
100,5,36.9890410958904,0.796143828514708,0.53917835190916,0,0.67723736917619
100,5,37.1534246575342,0.795962958368665,0.538434389982936,0,0.676456591757063
100,5,37.3178082191781,0.796156744687151,0.53851292411733,0,0.676390582270251
100,5,37.4821917808219,0.797114417060258,0.539472245718913,0,0.676781443382339
100,5,37.6465753424658,0.796046444898186,0.539578282977342,0,0.677822615043968
100,5,37.8109589041096,0.796219707416232,0.539431012745049,0,0.677490154690502
100,5,37.9753424657534,0.796380787829658,0.538424810995749,0,0.67608965362298
100,5,38.1397260273973,0.796305231040688,0.538630971054819,0,0.676412699626354
100,5,38.3041095890411,0.796995977493178,0.539499151648533,0,0.676915777348639
100,5,38.4684931506849,0.797371312816973,0.539655043836037,0,0.676792650000826
100,5,38.6328767123288,0.797371734988574,0.539345332358801,0,0.676403876250429
100,5,38.7972602739726,0.797592944050752,0.539895642042322,0,0.676906241547653
100,5,38.9616438356164,0.796291239342668,0.539838654969803,0,0.677941220872196
100,5,39.1260273972603,0.796996286777101,0.539237456024826,0,0.676587162288294
100,5,39.2904109589041,0.796375543212436,0.538507596495226,0,0.676198058924541
100,5,39.4547945205479,0.7967154165325,0.538713113833043,0,0.676167553249633
100,5,39.6191780821918,0.796783737461493,0.538473244245171,0,0.675808527368688
100,5,39.7835616438356,0.796208037190346,0.538717705550193,0,0.676604204412727
100,5,39.9479452054794,0.796164428448733,0.539107090763788,0,0.677130340794299
100,5,40.1123287671233,0.796787782087176,0.538451859238656,0,0.675778257829441
100,5,40.2767123287671,0.796368114123411,0.53770737637337,0,0.675199530012878
100,5,40.441095890411,0.796567358645458,0.537212576019552,0,0.674409477351756
100,5,40.6054794520548,0.796351654021188,0.537884863339625,0,0.675436361089437
100,5,40.7698630136986,0.796553388662516,0.538851584601732,0,0.676478930692282
100,5,40.9342465753425,0.7982267587807,0.538467732594769,0,0.674579906864165
100,5,41.0986301369863,0.797337497208946,0.53767185476741,0,0.674334088951683
100,5,41.2630136986301,0.798376324947146,0.538396841572798,0,0.674364738468968
100,5,41.427397260274,0.798457886728429,0.538296735997936,0,0.674170479051228
100,5,41.5917808219178,0.799557544028907,0.537579301366935,0,0.672345981076127
100,5,41.7561643835616,0.799356407187603,0.537926688587208,0,0.672949742755938
100,5,41.9205479452055,0.799301542346032,0.538283899861263,0,0.673442838958304
100,5,42.0849315068493,0.798026624333497,0.538790234882421,0,0.67515320724094
100,5,42.2493150684932,0.798132264367177,0.538773447853978,0,0.67504281170886
100,5,42.413698630137,0.798854512301907,0.539095366130077,0,0.674835477334501
100,5,42.5780821917808,0.799320723422836,0.539303035132118,0,0.674701680225086
100,5,42.7424657534247,0.798601821731991,0.539266029264805,0,0.675262708636521
100,5,42.9068493150685,0.798100033954305,0.5394589746821,0,0.675929021089337
100,5,43.0712328767123,0.797854512477092,0.539869935039165,0,0.676652104608691
100,5,43.2356164383562,0.797553056238052,0.539724499144463,0,0.676725510513708
100,5,43.4,0.797890808790987,0.539356547407984,0,0.675977892545536
100,5,43.5643835616438,0.798228890425994,0.539943359989647,0,0.676426732314203
100,5,43.7287671232877,0.798264883411465,0.540472911714458,0,0.677059611346916
100,5,43.8931506849315,0.798742418438842,0.539913042817563,0,0.675953887453271
100,5,44.0575342465753,0.799116982929589,0.540432118414071,0,0.676286613798182
100,5,44.2219178082192,0.798752632104774,0.540404385731787,0,0.676560381789016
100,5,44.386301369863,0.797278285807234,0.540006638613852,0,0.677312612455139
100,5,44.5506849315069,0.797810691821627,0.54032424195519,0,0.677258712491654
100,5,44.7150684931507,0.797013338806261,0.54091037946361,0,0.678671677281797
100,5,44.8794520547945,0.796333703209067,0.539701848899779,0,0.677733275290105
100,5,45.0438356164384,0.796944834261986,0.539844666634883,0,0.677392767260745
100,5,45.2082191780822,0.7974688343373,0.539418921535103,0,0.676413796137077
100,5,45.372602739726,0.797927104527046,0.540044733997349,0,0.676809611972574
100,5,45.5369863013699,0.79727035391815,0.54019171456479,0,0.677551487911273
100,5,45.7013698630137,0.797978542562262,0.540242962134106,0,0.677014397403993
100,5,45.8657534246575,0.797746509730087,0.540037869793638,0,0.676954224439486
100,5,46.0301369863014,0.798725016507639,0.539876593055904,0,0.675922979621285
100,5,46.1945205479452,0.798539159929956,0.540239529639745,0,0.676534798477675
100,5,46.358904109589,0.798470637090882,0.540182510333464,0,0.676521446426064
100,5,46.5232876712329,0.797528893001104,0.539833518755943,0,0.676882710448957
100,5,46.6876712328767,0.798163034989433,0.540253754644607,0,0.676871429722073
100,5,46.8520547945205,0.797737195901107,0.539752428370735,0,0.676604314232888
100,5,47.0164383561644,0.797930305920827,0.540118246621234,0,0.676899025658547
100,5,47.1808219178082,0.797979163926664,0.540742665498605,0,0.677640081274478
100,5,47.3452054794521,0.797750662956878,0.540792092957796,0,0.677896137313556
100,5,47.5095890410959,0.797100256076585,0.541241503216192,0,0.679013084100916
100,5,47.6739726027397,0.797677665274195,0.541853245135561,0,0.679288475438639
100,5,47.8383561643836,0.796972915707473,0.541651287127908,0,0.67963575229791
100,5,48.0027397260274,0.796654628876157,0.541076596581078,0,0.679185906877082
100,5,48.1671232876712,0.796932962503144,0.541122343163854,0,0.679006100418037
100,5,48.3315068493151,0.79734946192156,0.540535709033616,0,0.677915687973201
100,5,48.4958904109589,0.79772222375046,0.539768549463399,0,0.676637222071736
100,5,48.6602739726027,0.798124666595241,0.54023995128252,0,0.676886674342688
100,5,48.8246575342466,0.797120442743704,0.540078630790692,0,0.677537046888085
100,5,48.9890410958904,0.796973529849082,0.539557478499957,0,0.677008028864058
100,5,49.1534246575342,0.797384746296231,0.539625184083535,0,0.676743801019567
100,5,49.3178082191781,0.796914175054331,0.540211291262768,0,0.677878883539672
100,5,49.4821917808219,0.796586114597461,0.539317194638732,0,0.677035645934232
100,5,49.6465753424658,0.797537897133078,0.540401494925146,0,0.677587230484891
100,5,49.8109589041096,0.797204738995027,0.539969179115875,0,0.677328109961529
100,5,49.9753424657534,0.797529300376846,0.53907961921599,0,0.675937070852777
200,5,0.00273972602739726,0.799856424597291,0.799993916651099,0,1.00017189591729
200,5,0.167123287671233,0.799758886747206,0.797651570625905,0,0.997365060699891
200,5,0.331506849315069,0.800190520253717,0.791873547363837,0,0.989606259160327
200,5,0.495890410958904,0.799929269540298,0.784155517827051,0,0.980281066946942
200,5,0.66027397260274,0.79995539113249,0.774106698075965,0,0.96768733188993
200,5,0.824657534246575,0.800169248770758,0.76340389100368,0,0.954053023377794
200,5,0.989041095890411,0.800121051667173,0.751846574822513,0,0.939666033353237
200,5,1.15342465753425,0.799945160430815,0.740091796244723,0,0.925178165770942
200,5,1.31780821917808,0.799275219838569,0.728464837264865,0,0.911406758503028
200,5,1.48219178082192,0.798930413728403,0.716638695157017,0,0.896997639397214
200,5,1.64657534246575,0.799062921595041,0.706410342748907,0,0.884048456833428
200,5,1.81095890410959,0.799076125455219,0.696151392621368,0,0.871195334768365
200,5,1.97534246575342,0.799228780649343,0.687382875558258,0,0.860057710884467
200,5,2.13972602739726,0.798951947684384,0.67906301370425,0,0.849942247055521
200,5,2.3041095890411,0.799124873890112,0.67125810660899,0,0.839991506385391
200,5,2.46849315068493,0.798853141793056,0.664068687651972,0,0.831277556424757
200,5,2.63287671232877,0.7986698418085,0.657758206257212,0,0.823567100978535
200,5,2.7972602739726,0.798216009321829,0.652012348072352,0,0.816836972020027
200,5,2.96164383561644,0.798835593893198,0.646268962861297,0,0.809013729235131
200,5,3.12602739726027,0.799454085795304,0.640638986538894,0,0.801345565582519
200,5,3.29041095890411,0.799100422975502,0.635150445612058,0,0.79483182257248
200,5,3.45479452054795,0.799651591643773,0.630734621256265,0,0.788761790568965
200,5,3.61917808219178,0.79946775480007,0.626360534764375,0,0.783471917414624
200,5,3.78356164383562,0.799420030582623,0.62212225569998,0,0.778216997198047
200,5,3.94794520547945,0.800168024006082,0.617400080725538,0,0.77158804426412
200,5,4.11232876712329,0.800368849312727,0.613406688328692,0,0.76640500046375
200,5,4.27671232876712,0.801089732235016,0.610003020967706,0,0.761466532926113
200,5,4.44109589041096,0.801165816221575,0.606534775433166,0,0.757065220647681
200,5,4.60547945205479,0.800935172340452,0.603456192558992,0,0.753439495977687
200,5,4.76986301369863,0.799747974192275,0.600074705116999,0,0.750329759475865
200,5,4.93424657534247,0.799726192766241,0.596871794425823,0,0.746345186420932
200,5,5.0986301369863,0.799377998045435,0.59472284750919,0,0.743982007214798
200,5,5.26301369863014,0.799302899618088,0.591863160212325,0,0.74047418130864
200,5,5.42739726027397,0.798666064631569,0.58849909113489,0,0.736852505942354
200,5,5.59178082191781,0.798612560705781,0.586180678309396,0,0.733998821395138
200,5,5.75616438356164,0.79846206229532,0.583827548839116,0,0.731190092063736
200,5,5.92054794520548,0.798541437610603,0.582389577728415,0,0.729316664481486
200,5,6.08493150684932,0.798430528751788,0.579530290857739,0,0.725836838633584
200,5,6.24931506849315,0.798207978550218,0.576889535543977,0,0.722730855925268
200,5,6.41369863013699,0.798181958941842,0.575300286626068,0,0.720763329941395
200,5,6.57808219178082,0.797991980317664,0.573100530758875,0,0.718178308672645
200,5,6.74246575342466,0.798239146845139,0.571510888380183,0,0.715964495901951
200,5,6.90684931506849,0.798013384912862,0.569490830237885,0,0.713635687075687
200,5,7.07123287671233,0.797841021667841,0.567971655624399,0,0.711885751922215
200,5,7.23561643835616,0.79797484313605,0.566450921260185,0,0.709860625472887
200,5,7.4,0.797643960447812,0.564650591816074,0,0.707898034480283
200,5,7.56438356164384,0.798207351227245,0.563831590812707,0,0.706372335391067
200,5,7.72876712328767,0.798385509211685,0.562780834850157,0,0.704898608951255
200,5,7.89315068493151,0.797928332179262,0.561434212083707,0,0.703614835370423
200,5,8.05753424657534,0.797729666685245,0.56044061268917,0,0.702544528672141
200,5,8.22191780821918,0.79860778781243,0.559005546403562,0,0.699975075292975
200,5,8.38630136986301,0.799034447825329,0.558025182309137,0,0.698374374005865
200,5,8.55068493150685,0.799104992176351,0.557401499900795,0,0.697532245897651
200,5,8.71506849315069,0.799002180936813,0.556353276942555,0,0.696310085524727
200,5,8.87945205479452,0.798970016328171,0.555098027292633,0,0.694767032489778
200,5,9.04383561643836,0.799144793523346,0.554312289609876,0,0.693631860086294
200,5,9.20821917808219,0.799160058442676,0.553176593565808,0,0.692197498763619
200,5,9.37260273972603,0.799230897684804,0.552712822928231,0,0.69155587519116
200,5,9.53698630136986,0.799234291392631,0.551558168866546,0,0.69010823835584
200,5,9.7013698630137,0.799750224021925,0.55101158855578,0,0.688979598886206
200,5,9.86575342465753,0.799668907865742,0.550178221473536,0,0.688007519189313
200,5,10.0301369863014,0.800053980362498,0.549470740596573,0,0.686792084138638
200,5,10.1945205479452,0.799464392098929,0.548878159271266,0,0.686557356019611
200,5,10.358904109589,0.799643779984984,0.548478925731839,0,0.685904073113829
200,5,10.5232876712329,0.798992844273646,0.548260499173636,0,0.686189498570607
200,5,10.6876712328767,0.798972297090396,0.547947931464862,0,0.685815933118477
200,5,10.8520547945205,0.7985536625626,0.547688518733872,0,0.685850612689335
200,5,11.0164383561644,0.799104699949193,0.547019753704594,0,0.684540778873373
200,5,11.1808219178082,0.799587038568573,0.546459685875641,0,0.683427393788069
200,5,11.3452054794521,0.799297559005696,0.546352265949681,0,0.683540516036766
200,5,11.5095890410959,0.799908377096982,0.54583997515505,0,0.682378120774289
200,5,11.6739726027397,0.800208991163727,0.54500523099539,0,0.68107861447895
200,5,11.8383561643836,0.799988971267037,0.544237129358279,0,0.680305790336467
200,5,12.0027397260274,0.800032200374918,0.543765074657852,0,0.679678985924601
200,5,12.1671232876712,0.799938053900333,0.542972696365329,0,0.678768429277625
200,5,12.3315068493151,0.799422029917602,0.542991816822081,0,0.679230489655193
200,5,12.4958904109589,0.799296928503213,0.542464884354856,0,0.678677553998226
200,5,12.6602739726027,0.79940602516955,0.541975410295764,0,0.677972636221767
200,5,12.8246575342466,0.79894745521983,0.542194134979352,0,0.678635536588783
200,5,12.9890410958904,0.799292676983945,0.541482820103669,0,0.677452497309124
200,5,13.1534246575342,0.799697164253282,0.541902389112803,0,0.677634501328769
200,5,13.3178082191781,0.798856306275144,0.541791043835773,0,0.678208383134635
200,5,13.4821917808219,0.79881434263116,0.541823195363413,0,0.678284260118238
200,5,13.6465753424658,0.799102854475393,0.54188317561744,0,0.678114428677875
200,5,13.8109589041096,0.799791076051447,0.542339102557573,0,0.678100967611555
200,5,13.9753424657534,0.799468002369001,0.542243303058876,0,0.678255166500834
200,5,14.1397260273973,0.798719167831892,0.541736381164373,0,0.67825639221218
200,5,14.3041095890411,0.799037920509321,0.540980521036964,0,0.6770398589996
200,5,14.4684931506849,0.798679843081578,0.541263360002376,0,0.677697533862878
200,5,14.6328767123288,0.798370713598614,0.54074821011381,0,0.67731468715381
200,5,14.7972602739726,0.797728075206781,0.541080650680429,0,0.678277056426997
200,5,14.9616438356164,0.798397276170348,0.541372675768093,0,0.678074302012755
200,5,15.1260273972603,0.797951549428339,0.54172001045239,0,0.678888349600279
200,5,15.2904109589041,0.797784567547833,0.541320188548493,0,0.678529280420101
200,5,15.4547945205479,0.797681200958162,0.541640876139956,0,0.679019231604488
200,5,15.6191780821918,0.798050142901098,0.541752573963243,0,0.678845281568206
200,5,15.7835616438356,0.797393780875451,0.541905181113367,0,0.679595444697868
200,5,15.9479452054795,0.797157980945729,0.541462179545655,0,0.679240743350869
200,5,16.1123287671233,0.796836472797387,0.540792987045121,0,0.678674992306269
200,5,16.2767123287671,0.797028403765764,0.540562058332541,0,0.678221824690961
200,5,16.441095890411,0.796859566189265,0.54017270694137,0,0.677876918168379
200,5,16.6054794520548,0.79702568673346,0.539926362589029,0,0.677426551711112
200,5,16.7698630136986,0.797482848393915,0.540605382111938,0,0.677889666468297
200,5,16.9342465753425,0.797179134915468,0.540775852133043,0,0.678361773969895
200,5,17.0986301369863,0.797151078040009,0.540825130945975,0,0.678447468547274
200,5,17.2630136986301,0.797638871174477,0.540820153197617,0,0.67802632587513
200,5,17.427397260274,0.797311516973924,0.540892015786076,0,0.678394835984498
200,5,17.5917808219178,0.79782371581093,0.540975132830974,0,0.678063489603229
200,5,17.7561643835616,0.798228232572778,0.540431582531005,0,0.677038922551178
200,5,17.9205479452055,0.799075359576191,0.540098528642539,0,0.675904371433745
200,5,18.0849315068493,0.798335477506041,0.539878142213455,0,0.67625472927748
200,5,18.2493150684931,0.7985460835115,0.540318242861409,0,0.676627503431526
200,5,18.413698630137,0.798281108053224,0.540809718214234,0,0.677467765124884
200,5,18.5780821917808,0.798315762223353,0.541166315213863,0,0.67788504351547
200,5,18.7424657534247,0.798594960619228,0.541859312846489,0,0.67851581786383
200,5,18.9068493150685,0.798723672260482,0.542053727359672,0,0.678649883789717
200,5,19.0712328767123,0.798704987270286,0.542498979592176,0,0.679223227898277
200,5,19.2356164383562,0.79876802667607,0.542259942203879,0,0.678870365480697
200,5,19.4,0.797999065296284,0.541959179170131,0,0.679147636556329
200,5,19.5643835616438,0.797622473578033,0.542042905637919,0,0.679573261277836
200,5,19.7287671232877,0.797434413053345,0.542529316320657,0,0.680343495891196
200,5,19.8931506849315,0.79864620154001,0.542500706497018,0,0.679275385584916
200,5,20.0575342465753,0.798331267954289,0.54240425175002,0,0.679422532377972
200,5,20.2219178082192,0.797791291856908,0.542784034288551,0,0.68035843437848
200,5,20.386301369863,0.798436913092137,0.54216435494238,0,0.679032176559473
200,5,20.5506849315069,0.79879496543745,0.542110312476048,0,0.678660151768945
200,5,20.7150684931507,0.799022887325001,0.542429232224381,0,0.678865700631363
200,5,20.8794520547945,0.798911841687284,0.541865207329303,0,0.678254068915659
200,5,21.0438356164384,0.79869220879882,0.542230434924193,0,0.678897864472312
200,5,21.2082191780822,0.798783929277875,0.541879924203914,0,0.678381104504431
200,5,21.372602739726,0.79863636118082,0.542081490491062,0,0.678758840493526
200,5,21.5369863013699,0.798924615264738,0.542053568426406,0,0.678478992973306
200,5,21.7013698630137,0.799199942694923,0.542154329149114,0,0.678371331360404
200,5,21.8657534246575,0.798964999372146,0.542403435969565,0,0.678882599858322
200,5,22.0301369863014,0.79902960264285,0.542520048266443,0,0.67897365313127
200,5,22.1945205479452,0.799058656471865,0.54301810881589,0,0.67957227472325
200,5,22.358904109589,0.799616307699593,0.543275924506124,0,0.679420766278602
200,5,22.5232876712329,0.798561893454784,0.542840584705197,0,0.679772712866036
200,5,22.6876712328767,0.79875029373728,0.542640781631179,0,0.679362231082523
200,5,22.8520547945205,0.798986327597561,0.542478879286766,0,0.678958901484489
200,5,23.0164383561644,0.7990770848071,0.542019650133891,0,0.678307087563068
200,5,23.1808219178082,0.798833496895409,0.541692867452443,0,0.678104848579437
200,5,23.3452054794521,0.798702809406753,0.542400581908641,0,0.679101883104075
200,5,23.5095890410959,0.798486354282786,0.542144416174251,0,0.678965161103115
200,5,23.6739726027397,0.799052676049762,0.541775044521769,0,0.678021688382443
200,5,23.8383561643836,0.798092422143946,0.541141374893549,0,0.678043494561521
200,5,24.0027397260274,0.798661717814594,0.541131340396083,0,0.67754761287019
200,5,24.1671232876712,0.799269887039178,0.541085855635982,0,0.676975154963468
200,5,24.3315068493151,0.798999918624851,0.540503246148352,0,0.676474719895598
200,5,24.4958904109589,0.79939807622008,0.540124393412349,0,0.675663864449492
200,5,24.6602739726027,0.799663640804492,0.539999972522911,0,0.675283888085309
200,5,24.8246575342466,0.799834009027832,0.539832430143491,0,0.674930578157882
200,5,24.9890410958904,0.800201891994184,0.539692583047862,0,0.674445522370478
200,5,25.1534246575342,0.800095707674328,0.539516607836562,0,0.67431508838461
200,5,25.3178082191781,0.79978116517752,0.539884221555516,0,0.675039929748386
200,5,25.4821917808219,0.799212961491507,0.539823826130586,0,0.675444283490043
200,5,25.6465753424658,0.798911327162723,0.540182359072885,0,0.676148078900451
200,5,25.8109589041096,0.79931988497797,0.540561252729949,0,0.676276498169249
200,5,25.9753424657534,0.799743707392645,0.540949472581725,0,0.676403537259892
200,5,26.1397260273973,0.799842360806226,0.540913600442443,0,0.676275259911481
200,5,26.3041095890411,0.800234220813954,0.541291198819918,0,0.67641596015395
200,5,26.4684931506849,0.79995700048634,0.541733513676757,0,0.677203291361168
200,5,26.6328767123288,0.799231775793497,0.541069808083017,0,0.676987357698372
200,5,26.7972602739726,0.798689522517643,0.540771524061599,0,0.677073517074531
200,5,26.9616438356164,0.798186479036305,0.541522882990913,0,0.678441563736739
200,5,27.1260273972603,0.798595578093572,0.541099497224305,0,0.67756385342883
200,5,27.2904109589041,0.798886744253927,0.541558412831535,0,0.677891349088902
200,5,27.4547945205479,0.798845745232066,0.541940434183536,0,0.678404357059073
200,5,27.6191780821918,0.798807416091478,0.541724007333676,0,0.678165971448166
200,5,27.7835616438356,0.798686326272201,0.541201679292925,0,0.6776148050749
200,5,27.9479452054795,0.799069312997405,0.541165930935472,0,0.677245292908939
200,5,28.1123287671233,0.798948199685386,0.541816056783932,0,0.678161684321076
200,5,28.2767123287671,0.799576824643158,0.542214206322782,0,0.678126465914974
200,5,28.441095890411,0.798802305844998,0.541676264782471,0,0.67811054226924
200,5,28.6054794520548,0.799010883213779,0.542144269179257,0,0.678519254955134
200,5,28.7698630136986,0.799209775913591,0.542696324629955,0,0.679041149127073
200,5,28.9342465753425,0.799202400948983,0.542042124499529,0,0.678228848982312
200,5,29.0986301369863,0.799477365523311,0.542451133654437,0,0.678507181124967
200,5,29.2630136986301,0.799148780079514,0.542090289618606,0,0.678334626957284
200,5,29.427397260274,0.798696608302423,0.542067424217214,0,0.678690028957732
200,5,29.5917808219178,0.798964523773936,0.542369729770826,0,0.67884081662215
200,5,29.7561643835616,0.798892534306977,0.542113964620182,0,0.678581838407659
200,5,29.9205479452055,0.798956116222615,0.542355293031637,0,0.67882989067765
200,5,30.0849315068493,0.799337838018052,0.542194489977673,0,0.678304546825955
200,5,30.2493150684931,0.798938677856603,0.542029445202081,0,0.678436856576077
200,5,30.413698630137,0.798753221369237,0.541380996877458,0,0.67778255209965
200,5,30.5780821917808,0.798679094523031,0.541056831837397,0,0.677439581864246
200,5,30.7424657534247,0.798623845708487,0.541435378491345,0,0.677960445835446
200,5,30.9068493150685,0.797758956480071,0.54171750877998,0,0.679049109232423
200,5,31.0712328767123,0.797773248290777,0.541830814763671,0,0.679178972125901
200,5,31.2356164383562,0.79824483382944,0.541763309151615,0,0.678693160533968
200,5,31.4,0.797831592823036,0.542034869353448,0,0.679385066008129
200,5,31.5643835616438,0.798340808107105,0.541249487304434,0,0.677967957804583
200,5,31.7287671232877,0.798222965135323,0.54154426076645,0,0.678437334454091
200,5,31.8931506849315,0.798659691654953,0.541292640939485,0,0.677751295821427
200,5,32.0575342465753,0.799135599620647,0.541361540155078,0,0.67743389283629
200,5,32.2219178082192,0.800203513284433,0.54126620907605,0,0.6764106881441
200,5,32.386301369863,0.800201554167173,0.541827446034691,0,0.677113713680061
200,5,32.5506849315069,0.799891168735097,0.541630092159632,0,0.677129731305992
200,5,32.7150684931507,0.800439263136045,0.54222741359132,0,0.677412314167255
200,5,32.8794520547945,0.800058695023824,0.542143628968231,0,0.677629819337301
200,5,33.0438356164384,0.799808929245603,0.542419337996169,0,0.6781861494192
200,5,33.2082191780822,0.79868246427045,0.541557350723962,0,0.67806340435763
200,5,33.372602739726,0.798269483923965,0.54207805770104,0,0.679066491476546
200,5,33.5369863013699,0.798624434878918,0.542256544761002,0,0.678988171509197
200,5,33.7013698630137,0.798519308446071,0.542533835474389,0,0.679424817579135
200,5,33.8657534246575,0.798963103610614,0.542482534481386,0,0.678983212153151
200,5,34.0301369863014,0.798899213356739,0.542348672276784,0,0.678869954068417
200,5,34.1945205479452,0.799182787434101,0.542432651093901,0,0.678734151464228
200,5,34.358904109589,0.798640116902729,0.542006247179153,0,0.678661434240433
200,5,34.5232876712329,0.798742375393567,0.541774345386554,0,0.678284215382467
200,5,34.6876712328767,0.798564603276985,0.542124680018558,0,0.678873916767534
200,5,34.8520547945205,0.798725885796673,0.542166577700449,0,0.678789290971427
200,5,35.0164383561644,0.798857207471744,0.542040868350374,0,0.678520345414228
200,5,35.1808219178082,0.79925891645211,0.542456177948615,0,0.678698938207113
200,5,35.3452054794521,0.799975098591273,0.542511439805224,0,0.67816040869343
200,5,35.5095890410959,0.799594363252816,0.542086363772362,0,0.67795170737211
200,5,35.6739726027397,0.799378041951119,0.542438462009399,0,0.678575634483801
200,5,35.8383561643836,0.799251176599604,0.542561326457652,0,0.678837069425367
200,5,36.0027397260274,0.799062620230078,0.542299917660847,0,0.67867011161741
200,5,36.1671232876712,0.799753871689919,0.541796215579547,0,0.677453695140863
200,5,36.3315068493151,0.799643158416919,0.541900874300918,0,0.677678372655295
200,5,36.4958904109589,0.799962848267913,0.541619817209485,0,0.677056213775684
200,5,36.6602739726027,0.799422186608389,0.541710493936295,0,0.677627545258087
200,5,36.8246575342466,0.799432558667505,0.541964646690534,0,0.677936669972362
200,5,36.9890410958904,0.799075379406741,0.542441701353255,0,0.678836709693122
200,5,37.1534246575342,0.798586951442118,0.542125745622092,0,0.678856253089411
200,5,37.3178082191781,0.798227011737432,0.54195569122738,0,0.678949325515496
200,5,37.4821917808219,0.797752952387846,0.542311555324853,0,0.679798869689667
200,5,37.6465753424658,0.798420955597876,0.542249466921392,0,0.679152348293944
200,5,37.8109589041096,0.798483852178097,0.54188121470974,0,0.678637662153845
200,5,37.9753424657534,0.798953214228527,0.542692706452111,0,0.679254675727336
200,5,38.1397260273973,0.79819521901416,0.543092232486806,0,0.680400257417692
200,5,38.3041095890411,0.798474396422743,0.542700198624405,0,0.679671384650233
200,5,38.4684931506849,0.798253469907127,0.542477576633482,0,0.679580605764978
200,5,38.6328767123288,0.797961703777022,0.542403052103949,0,0.679735693500793
200,5,38.7972602739726,0.79735071715266,0.54177341163555,0,0.679466889514094
200,5,38.9616438356164,0.798023188885347,0.541394113258947,0,0.678419024408486
200,5,39.1260273972603,0.798063692111839,0.540882646721975,0,0.677743709014865
200,5,39.2904109589041,0.798171786296931,0.54102080488997,0,0.677825017343701
200,5,39.4547945205479,0.798161217674381,0.541178645751823,0,0.678031748183238
200,5,39.6191780821918,0.798129165227758,0.541813714651914,0,0.678854674477782
200,5,39.7835616438356,0.798831963202202,0.541895177371654,0,0.678359407652406
200,5,39.9479452054794,0.798992000542415,0.541556085875397,0,0.677799133793265
200,5,40.1123287671233,0.799143562447952,0.541425572752849,0,0.677507269275052
200,5,40.2767123287671,0.798553798585478,0.540917163435268,0,0.677370972867982
200,5,40.441095890411,0.798552376941162,0.541078625916625,0,0.677574372753375
200,5,40.6054794520548,0.798584835928537,0.54130631257064,0,0.677831944982086
200,5,40.7698630136986,0.798776236609188,0.54126190402087,0,0.677613928925242
200,5,40.9342465753425,0.798922684132765,0.541077754887882,0,0.677259221241446
200,5,41.0986301369863,0.79856440007677,0.540962872719902,0,0.677419219624487
200,5,41.2630136986301,0.798132681097411,0.541305399348392,0,0.678214803338352
200,5,41.427397260274,0.797528429171368,0.54156574044703,0,0.679055091502778
200,5,41.5917808219178,0.797634885466881,0.541565010399112,0,0.678963546187071
200,5,41.7561643835616,0.79809572938794,0.541297776784706,0,0.678236653640319
200,5,41.9205479452055,0.797883610678135,0.541250581446048,0,0.678357813348278
200,5,42.0849315068493,0.797838768150831,0.541062708171083,0,0.678160462702403
200,5,42.2493150684932,0.798008928395424,0.541047590148764,0,0.677996913188254
200,5,42.413698630137,0.798052702087282,0.540945916861668,0,0.677832322911559
200,5,42.5780821917808,0.79814483831648,0.540608802927295,0,0.677331703438184
200,5,42.7424657534247,0.798993531237906,0.541031765802356,0,0.677141609599916
200,5,42.9068493150685,0.799289085159728,0.540731537814526,0,0.676515603495908
200,5,43.0712328767123,0.799965616962786,0.541281194643558,0,0.676630574072208
200,5,43.2356164383562,0.799619723603209,0.54187789915935,0,0.677669501094302
200,5,43.4,0.799821582567509,0.542275896916674,0,0.677996079045421
200,5,43.5643835616438,0.799378883244611,0.542237239818989,0,0.678323197152887
200,5,43.7287671232877,0.799227418066355,0.542709197373634,0,0.679042266451094
200,5,43.8931506849315,0.799621552812533,0.542459212225697,0,0.678394936101571
200,5,44.0575342465753,0.799167804297529,0.541895067947079,0,0.678074197975738
200,5,44.2219178082192,0.799548631400398,0.542340484680315,0,0.67830831469302
200,5,44.386301369863,0.799955865640822,0.542136171887744,0,0.677707602598119
200,5,44.5506849315069,0.799423113396277,0.542219257133148,0,0.678263172589017
200,5,44.7150684931507,0.799351646041347,0.542425747459381,0,0.678582136091984
200,5,44.8794520547945,0.799277516830998,0.542432296782672,0,0.678653265430667
200,5,45.0438356164384,0.799346574587076,0.543369686354835,0,0.67976732950351
200,5,45.2082191780822,0.800236539083692,0.542751720689449,0,0.678239113288835
200,5,45.372602739726,0.800301025381013,0.542850852903345,0,0.678308331099414
200,5,45.5369863013699,0.800391822374266,0.542138780737512,0,0.677341728866397
200,5,45.7013698630137,0.799688930945176,0.541810763536907,0,0.677526901487213
200,5,45.8657534246575,0.79958670426165,0.541576255189244,0,0.677320235945323
200,5,46.0301369863014,0.79913081763573,0.540912587982335,0,0.67687614598903
200,5,46.1945205479452,0.799355341859078,0.540728997719842,0,0.676456351016879
200,5,46.358904109589,0.799583147622498,0.540676775998749,0,0.676198313591791
200,5,46.5232876712329,0.799341546124777,0.540863020322811,0,0.676635692145522
200,5,46.6876712328767,0.798912188460154,0.540037689146586,0,0.675966266314537
200,5,46.8520547945205,0.798644892204818,0.540112210463018,0,0.676285813300491
200,5,47.0164383561644,0.798928859567247,0.539994095295241,0,0.675897595672958
200,5,47.1808219178082,0.798442095772707,0.538975283827722,0,0.675033652009691
200,5,47.3452054794521,0.798827818186517,0.539086183235149,0,0.67484653258442
200,5,47.5095890410959,0.798045509560972,0.538457743164546,0,0.674720597652091
200,5,47.6739726027397,0.798159251398246,0.538841443185259,0,0.675105177621252
200,5,47.8383561643836,0.797353825022127,0.539465417112745,0,0.676569673567158
200,5,48.0027397260274,0.797853606426198,0.53975086274738,0,0.676503632245356
200,5,48.1671232876712,0.797353762267532,0.540416017193981,0,0.677761920451889
200,5,48.3315068493151,0.797927268828649,0.54022202553633,0,0.677031662709525
200,5,48.4958904109589,0.797484749950965,0.539714592763839,0,0.676771051480326
200,5,48.6602739726027,0.798588440093695,0.539021160187285,0,0.674967396377594
200,5,48.8246575342466,0.799418570118473,0.53959057078571,0,0.674978779521901
200,5,48.9890410958904,0.799108910288992,0.54004912355261,0,0.67581416825562
200,5,49.1534246575342,0.800014187858087,0.540423084287384,0,0.675516875187279
200,5,49.3178082191781,0.799172028285496,0.540311121196986,0,0.676088629323204
200,5,49.4821917808219,0.799260997096327,0.54103150161924,0,0.676914679416084
200,5,49.6465753424658,0.798153700097208,0.54102041693802,0,0.677839890828206
200,5,49.8109589041096,0.798476056794712,0.540597757810649,0,0.677036904501241
200,5,49.9753424657534,0.798702115865776,0.54060156182329,0,0.676850043444908
