"R0","N","yr","remaining"
1.5,10,0.00273972602739726,0.998485753849427
1.5,10,0.167123287671233,0.994838905931098
1.5,10,0.331506849315069,1.00339442916065
1.5,10,0.495890410958904,1.00252766925873
1.5,10,0.66027397260274,0.996233672728335
1.5,10,0.824657534246575,0.990208373089779
1.5,10,0.989041095890411,0.978672446837753
1.5,10,1.15342465753425,0.975476394959107
1.5,10,1.31780821917808,0.969028636318605
1.5,10,1.48219178082192,0.955694890953645
1.5,10,1.64657534246575,0.938674744327631
1.5,10,1.81095890410959,0.924174377247733
1.5,10,1.97534246575342,0.91373343328605
1.5,10,2.13972602739726,0.905906314971714
1.5,10,2.3041095890411,0.901993553436863
1.5,10,2.46849315068493,0.882857525656352
1.5,10,2.63287671232877,0.868349989167819
1.5,10,2.7972602739726,0.856426752724067
1.5,10,2.96164383561644,0.851129574109851
1.5,10,3.12602739726027,0.846794817849008
1.5,10,3.29041095890411,0.831460538652131
1.5,10,3.45479452054795,0.815725229759679
1.5,10,3.61917808219178,0.801231844846038
1.5,10,3.78356164383562,0.797715513763692
1.5,10,3.94794520547945,0.796148152844873
1.5,10,4.11232876712329,0.781659812233359
1.5,10,4.27671232876712,0.770889527168987
1.5,10,4.44109589041096,0.759550954542204
1.5,10,4.60547945205479,0.756442711532677
1.5,10,4.76986301369863,0.753474098951667
1.5,10,4.93424657534247,0.75561930959452
1.5,10,5.0986301369863,0.747182816152555
1.5,10,5.26301369863014,0.739880295230568
1.5,10,5.42739726027397,0.733629627239729
1.5,10,5.59178082191781,0.727775933563517
1.5,10,5.75616438356164,0.720141155921438
1.5,10,5.92054794520548,0.710770566599468
1.5,10,6.08493150684932,0.709774697045253
1.5,10,6.24931506849315,0.70231271791107
1.5,10,6.41369863013699,0.702931907742426
1.5,10,6.57808219178082,0.693883333167747
1.5,10,6.74246575342466,0.687009849122315
1.5,10,6.90684931506849,0.680289168138997
1.5,10,7.07123287671233,0.672379314722159
1.5,10,7.23561643835616,0.665140509524145
1.5,10,7.4,0.66055437881894
1.5,10,7.56438356164384,0.65349414443199
1.5,10,7.72876712328767,0.651041622084389
1.5,10,7.89315068493151,0.646544038860262
1.5,10,8.05753424657534,0.63571560132325
1.5,10,8.22191780821918,0.628147222894189
1.5,10,8.38630136986301,0.619909610827033
1.5,10,8.55068493150685,0.608669025902103
1.5,10,8.71506849315069,0.598968210834837
1.5,10,8.87945205479452,0.596125084270613
1.5,10,9.04383561643836,0.588496567881486
1.5,10,9.20821917808219,0.576274889470117
1.5,10,9.37260273972603,0.569912239937413
1.5,10,9.53698630136986,0.566498751669653
1.5,10,9.7013698630137,0.560093120498921
1.5,10,9.86575342465753,0.552743679792599
1.5,10,10.0301369863014,0.547584083278478
1.5,10,10.1945205479452,0.547103875958957
1.5,10,10.358904109589,0.543371802138131
1.5,10,10.5232876712329,0.535276643249007
1.5,10,10.6876712328767,0.537823319057359
1.5,10,10.8520547945205,0.531580553494571
1.5,10,11.0164383561644,0.530286935303857
1.5,10,11.1808219178082,0.528341266176522
1.5,10,11.3452054794521,0.529654099033695
1.5,10,11.5095890410959,0.530753492486126
1.5,10,11.6739726027397,0.520856328421984
1.5,10,11.8383561643836,0.513550509764231
1.5,10,12.0027397260274,0.514320593667382
1.5,10,12.1671232876712,0.51180992355974
1.5,10,12.3315068493151,0.510977041126285
1.5,10,12.4958904109589,0.50698698733212
1.5,10,12.6602739726027,0.499989668438132
1.5,10,12.8246575342466,0.488919111467566
1.5,10,12.9890410958904,0.487259517643415
1.5,10,13.1534246575342,0.479425749558301
1.5,10,13.3178082191781,0.474709684758019
1.5,10,13.4821917808219,0.47424685201463
1.5,10,13.6465753424658,0.467556394635002
1.5,10,13.8109589041096,0.458170688431088
1.5,10,13.9753424657534,0.455388348010302
1.5,10,14.1397260273973,0.457071952581144
1.5,10,14.3041095890411,0.451622750184924
1.5,10,14.4684931506849,0.440103602039532
1.5,10,14.6328767123288,0.435896886259721
1.5,10,14.7972602739726,0.43528717069197
1.5,10,14.9616438356164,0.432639275716283
1.5,10,15.1260273972603,0.42385003009019
1.5,10,15.2904109589041,0.419207332600501
1.5,10,15.4547945205479,0.415674492438147
1.5,10,15.6191780821918,0.413875504559892
1.5,10,15.7835616438356,0.410876510203536
1.5,10,15.9479452054795,0.409961020039165
1.5,10,16.1123287671233,0.405964005725068
1.5,10,16.2767123287671,0.406992859297397
1.5,10,16.441095890411,0.409416653380576
1.5,10,16.6054794520548,0.398769515159705
1.5,10,16.7698630136986,0.399515662659369
1.5,10,16.9342465753425,0.402359529335514
1.5,10,17.0986301369863,0.403239119794596
1.5,10,17.2630136986301,0.397397935464758
1.5,10,17.427397260274,0.394774995439492
1.5,10,17.5917808219178,0.391910947001428
1.5,10,17.7561643835616,0.390961371098176
1.5,10,17.9205479452055,0.374996069004936
1.5,10,18.0849315068493,0.380564016209834
1.5,10,18.2493150684931,0.373337586947731
1.5,10,18.413698630137,0.367688927276493
1.5,10,18.5780821917808,0.362610871244066
1.5,10,18.7424657534247,0.356055202025787
1.5,10,18.9068493150685,0.353651586335429
1.5,10,19.0712328767123,0.346522725656333
1.5,10,19.2356164383562,0.341461361668115
1.5,10,19.4,0.343306221439865
1.5,10,19.5643835616438,0.340335563304939
1.5,10,19.7287671232877,0.345674996357252
1.5,10,19.8931506849315,0.345695870600578
1.5,10,20.0575342465753,0.34355352868515
1.5,10,20.2219178082192,0.338837749766201
1.5,10,20.386301369863,0.342247381862624
1.5,10,20.5506849315069,0.338129379657727
1.5,10,20.7150684931507,0.339030567319607
1.5,10,20.8794520547945,0.339947321768894
1.5,10,21.0438356164384,0.333565187144159
1.5,10,21.2082191780822,0.324061443385682
1.5,10,21.372602739726,0.323657386685167
1.5,10,21.5369863013699,0.319340573711351
1.5,10,21.7013698630137,0.313452379709635
1.5,10,21.8657534246575,0.309098986133321
1.5,10,22.0301369863014,0.30386792267643
1.5,10,22.1945205479452,0.293659763132994
1.5,10,22.358904109589,0.295165043792334
1.5,10,22.5232876712329,0.295526728415731
1.5,10,22.6876712328767,0.297158215488933
1.5,10,22.8520547945205,0.298545625487003
1.5,10,23.0164383561644,0.298061911009693
1.5,10,23.1808219178082,0.296223867335231
1.5,10,23.3452054794521,0.292259791207493
1.5,10,23.5095890410959,0.288777022549171
1.5,10,23.6739726027397,0.282587467703608
1.5,10,23.8383561643836,0.278789293996327
1.5,10,24.0027397260274,0.270468366675809
1.5,10,24.1671232876712,0.2640097880663
1.5,10,24.3315068493151,0.260402034940162
1.5,10,24.4958904109589,0.265522955895296
1.5,10,24.6602739726027,0.259952019833947
1.5,10,24.8246575342466,0.258430890609152
1.5,10,24.9890410958904,0.253876014821934
1.5,10,25.1534246575342,0.251192266642589
1.5,10,25.3178082191781,0.248531589265658
1.5,10,25.4821917808219,0.244721190247774
1.5,10,25.6465753424658,0.236943845214556
1.5,10,25.8109589041096,0.236310278595267
1.5,10,25.9753424657534,0.234348398168327
1.5,10,26.1397260273973,0.232977192657466
1.5,10,26.3041095890411,0.23197790149351
1.5,10,26.4684931506849,0.234301556541202
1.5,10,26.6328767123288,0.235999674790995
1.5,10,26.7972602739726,0.236339938257457
1.5,10,26.9616438356164,0.231260662345092
1.5,10,27.1260273972603,0.226120442188772
1.5,10,27.2904109589041,0.220631995854541
1.5,10,27.4547945205479,0.215776354808497
1.5,10,27.6191780821918,0.214536789826982
1.5,10,27.7835616438356,0.210358837676694
1.5,10,27.9479452054795,0.214024275446509
1.5,10,28.1123287671233,0.207986218222608
1.5,10,28.2767123287671,0.204823649029536
1.5,10,28.441095890411,0.20528566203099
1.5,10,28.6054794520548,0.206138059122468
1.5,10,28.7698630136986,0.203506120094535
1.5,10,28.9342465753425,0.200307467289707
1.5,10,29.0986301369863,0.200932696914292
1.5,10,29.2630136986301,0.196399586956046
1.5,10,29.427397260274,0.187076432804747
1.5,10,29.5917808219178,0.18837383025624
1.5,10,29.7561643835616,0.188559050138053
1.5,10,29.9205479452055,0.198422320027102
1.5,10,30.0849315068493,0.198792013750394
1.5,10,30.2493150684931,0.200337169973421
1.5,10,30.413698630137,0.193844305995793
1.5,10,30.5780821917808,0.194947883704565
1.5,10,30.7424657534247,0.183569646459534
1.5,10,30.9068493150685,0.18081107591449
1.5,10,31.0712328767123,0.185446236952817
1.5,10,31.2356164383562,0.180163016341783
1.5,10,31.4,0.169590095550582
1.5,10,31.5643835616438,0.163518233387693
1.5,10,31.7287671232877,0.159969411790479
1.5,10,31.8931506849315,0.15927914439923
1.5,10,32.0575342465753,0.161705092539551
1.5,10,32.2219178082192,0.160721678382387
1.5,10,32.386301369863,0.15780791321169
1.5,10,32.5506849315069,0.153100689360085
1.5,10,32.7150684931507,0.151133856113006
1.5,10,32.8794520547945,0.151676421101885
1.5,10,33.0438356164384,0.154110000546818
1.5,10,33.2082191780822,0.151850635253419
1.5,10,33.372602739726,0.14802415368257
1.5,10,33.5369863013699,0.148466804090218
1.5,10,33.7013698630137,0.148674989950766
1.5,10,33.8657534246575,0.146344815648644
1.5,10,34.0301369863014,0.143595308550952
1.5,10,34.1945205479452,0.138488964627306
1.5,10,34.358904109589,0.138597330491613
1.5,10,34.5232876712329,0.137556313811861
1.5,10,34.6876712328767,0.132891982541353
1.5,10,34.8520547945205,0.13509941887324
1.5,10,35.0164383561644,0.13555371975727
1.5,10,35.1808219178082,0.140518131862518
1.5,10,35.3452054794521,0.13742209345042
1.5,10,35.5095890410959,0.132844940154275
1.5,10,35.6739726027397,0.133511455926203
1.5,10,35.8383561643836,0.129764452452425
1.5,10,36.0027397260274,0.129094458899785
1.5,10,36.1671232876712,0.132383377621046
1.5,10,36.3315068493151,0.127874163392688
1.5,10,36.4958904109589,0.125700116589986
1.5,10,36.6602739726027,0.124716230571705
1.5,10,36.8246575342466,0.127654312001096
1.5,10,36.9890410958904,0.127489842255311
1.5,10,37.1534246575342,0.128330497401882
1.5,10,37.3178082191781,0.126252158882227
1.5,10,37.4821917808219,0.124608737290787
1.5,10,37.6465753424658,0.121299970767985
1.5,10,37.8109589041096,0.114537508993173
1.5,10,37.9753424657534,0.114398541107189
1.5,10,38.1397260273973,0.113191330839191
1.5,10,38.3041095890411,0.116306611923185
1.5,10,38.4684931506849,0.119393111285953
1.5,10,38.6328767123288,0.117164816166147
1.5,10,38.7972602739726,0.116398183542125
1.5,10,38.9616438356164,0.111983067104039
1.5,10,39.1260273972603,0.10959353950433
1.5,10,39.2904109589041,0.110435749332828
1.5,10,39.4547945205479,0.110956789638745
1.5,10,39.6191780821918,0.113556879875068
1.5,10,39.7835616438356,0.10724997006823
1.5,10,39.9479452054794,0.108053081795624
1.5,10,40.1123287671233,0.104612798788594
1.5,10,40.2767123287671,0.105941058471648
1.5,10,40.441095890411,0.106134903528055
1.5,10,40.6054794520548,0.105946821774389
1.5,10,40.7698630136986,0.10599567782951
1.5,10,40.9342465753425,0.0999557718632611
1.5,10,41.0986301369863,0.0945322305199149
1.5,10,41.2630136986301,0.0952515757756946
1.5,10,41.427397260274,0.0932826355235884
1.5,10,41.5917808219178,0.0944518137616869
1.5,10,41.7561643835616,0.0870152137291701
1.5,10,41.9205479452055,0.0906492570745496
1.5,10,42.0849315068493,0.0878977610586105
1.5,10,42.2493150684932,0.0844107851292562
1.5,10,42.413698630137,0.0818986027488791
1.5,10,42.5780821917808,0.0799379175119242
1.5,10,42.7424657534247,0.0836968982125783
1.5,10,42.9068493150685,0.088076522341382
1.5,10,43.0712328767123,0.0921502254250983
1.5,10,43.2356164383562,0.0912696510848142
1.5,10,43.4,0.0874429337444378
1.5,10,43.5643835616438,0.08481960247176
1.5,10,43.7287671232877,0.0863211200123288
1.5,10,43.8931506849315,0.0878460417414807
1.5,10,44.0575342465753,0.0863063970404161
1.5,10,44.2219178082192,0.0847577611599913
1.5,10,44.386301369863,0.0874160745096592
1.5,10,44.5506849315069,0.0870256936049868
1.5,10,44.7150684931507,0.0887166478235576
1.5,10,44.8794520547945,0.0891766467762654
1.5,10,45.0438356164384,0.0955207332523137
1.5,10,45.2082191780822,0.0976185442363895
1.5,10,45.372602739726,0.0972118014728788
1.5,10,45.5369863013699,0.0951652900207392
1.5,10,45.7013698630137,0.0864807720610463
1.5,10,45.8657534246575,0.0838482760884758
1.5,10,46.0301369863014,0.084048835046081
1.5,10,46.1945205479452,0.0867108112631297
1.5,10,46.358904109589,0.084472216203691
1.5,10,46.5232876712329,0.0890781511298961
1.5,10,46.6876712328767,0.0862198202611059
1.5,10,46.8520547945205,0.0883848871419803
1.5,10,47.0164383561644,0.0859177335713976
1.5,10,47.1808219178082,0.0862652578375725
1.5,10,47.3452054794521,0.087460684579416
1.5,10,47.5095890410959,0.0830255113040101
1.5,10,47.6739726027397,0.076556323742004
1.5,10,47.8383561643836,0.0766291475810664
1.5,10,48.0027397260274,0.0761428561584256
1.5,10,48.1671232876712,0.0759476455485808
1.5,10,48.3315068493151,0.0835295664884464
1.5,10,48.4958904109589,0.0803279735785157
1.5,10,48.6602739726027,0.0777375717067177
1.5,10,48.8246575342466,0.0829888275753176
1.5,10,48.9890410958904,0.0823049976614961
1.5,10,49.1534246575342,0.0895824827791685
1.5,10,49.3178082191781,0.0877556273109171
1.5,10,49.4821917808219,0.0803768672177315
1.5,10,49.6465753424658,0.0807059018120659
1.5,10,49.8109589041096,0.074143117618909
1.5,10,49.9753424657534,0.0716261660591472
1.5,20,0.00273972602739726,0.999954443928437
1.5,20,0.167123287671233,0.996130351192501
1.5,20,0.331506849315069,0.993324427394248
1.5,20,0.495890410958904,0.992085376273846
1.5,20,0.66027397260274,0.988127887377082
1.5,20,0.824657534246575,0.977035646395279
1.5,20,0.989041095890411,0.972098482799257
1.5,20,1.15342465753425,0.963728774491503
1.5,20,1.31780821917808,0.95823657471069
1.5,20,1.48219178082192,0.949574391815099
1.5,20,1.64657534246575,0.935467357401791
1.5,20,1.81095890410959,0.923770255196688
1.5,20,1.97534246575342,0.918402512038741
1.5,20,2.13972602739726,0.905611780689008
1.5,20,2.3041095890411,0.89467856584715
1.5,20,2.46849315068493,0.884250638478146
1.5,20,2.63287671232877,0.879497258283947
1.5,20,2.7972602739726,0.86251387238229
1.5,20,2.96164383561644,0.853902842676197
1.5,20,3.12602739726027,0.846234918853027
1.5,20,3.29041095890411,0.83848339697628
1.5,20,3.45479452054795,0.825948949952845
1.5,20,3.61917808219178,0.816170425586232
1.5,20,3.78356164383562,0.808279236219959
1.5,20,3.94794520547945,0.796483033230868
1.5,20,4.11232876712329,0.793572848224466
1.5,20,4.27671232876712,0.784430607978464
1.5,20,4.44109589041096,0.775195729610319
1.5,20,4.60547945205479,0.760214979967322
1.5,20,4.76986301369863,0.754721543575356
1.5,20,4.93424657534247,0.74874608423159
1.5,20,5.0986301369863,0.73514301458892
1.5,20,5.26301369863014,0.731268115738053
1.5,20,5.42739726027397,0.721204845786172
1.5,20,5.59178082191781,0.716378297196074
1.5,20,5.75616438356164,0.710977013542033
1.5,20,5.92054794520548,0.700093042073098
1.5,20,6.08493150684932,0.690402092666634
1.5,20,6.24931506849315,0.687650054249155
1.5,20,6.41369863013699,0.682173838643304
1.5,20,6.57808219178082,0.674519697025873
1.5,20,6.74246575342466,0.672167483004769
1.5,20,6.90684931506849,0.667016058262087
1.5,20,7.07123287671233,0.662176743130728
1.5,20,7.23561643835616,0.657361447938613
1.5,20,7.4,0.650186785314378
1.5,20,7.56438356164384,0.646592851871691
1.5,20,7.72876712328767,0.640993377726176
1.5,20,7.89315068493151,0.635184669424947
1.5,20,8.05753424657534,0.628887691389655
1.5,20,8.22191780821918,0.624087418372885
1.5,20,8.38630136986301,0.619077935308645
1.5,20,8.55068493150685,0.611793843213869
1.5,20,8.71506849315069,0.610660583482887
1.5,20,8.87945205479452,0.60310505766507
1.5,20,9.04383561643836,0.596963703871376
1.5,20,9.20821917808219,0.595038710415855
1.5,20,9.37260273972603,0.581489533264968
1.5,20,9.53698630136986,0.573840011942124
1.5,20,9.7013698630137,0.571813085809622
1.5,20,9.86575342465753,0.563031782739827
1.5,20,10.0301369863014,0.556334723186733
1.5,20,10.1945205479452,0.549205747467287
1.5,20,10.358904109589,0.549779627838596
1.5,20,10.5232876712329,0.546736857257318
1.5,20,10.6876712328767,0.541546293655145
1.5,20,10.8520547945205,0.541739648215513
1.5,20,11.0164383561644,0.535914620740085
1.5,20,11.1808219178082,0.532388196724271
1.5,20,11.3452054794521,0.524749907215443
1.5,20,11.5095890410959,0.520836473482015
1.5,20,11.6739726027397,0.515809454907694
1.5,20,11.8383561643836,0.515260212448627
1.5,20,12.0027397260274,0.505106078892876
1.5,20,12.1671232876712,0.497206280021101
1.5,20,12.3315068493151,0.495777212942543
1.5,20,12.4958904109589,0.489151235667304
1.5,20,12.6602739726027,0.484851671964114
1.5,20,12.8246575342466,0.47905104200259
1.5,20,12.9890410958904,0.479893156423851
1.5,20,13.1534246575342,0.4759945148228
1.5,20,13.3178082191781,0.469612516184225
1.5,20,13.4821917808219,0.468306490145731
1.5,20,13.6465753424658,0.468137967021658
1.5,20,13.8109589041096,0.463608700757124
1.5,20,13.9753424657534,0.463165926800149
1.5,20,14.1397260273973,0.458692143726652
1.5,20,14.3041095890411,0.453229316976517
1.5,20,14.4684931506849,0.448577339223301
1.5,20,14.6328767123288,0.447031306956611
1.5,20,14.7972602739726,0.439114784112708
1.5,20,14.9616438356164,0.437451451893345
1.5,20,15.1260273972603,0.436313959687428
1.5,20,15.2904109589041,0.431322576509125
1.5,20,15.4547945205479,0.428466141948684
1.5,20,15.6191780821918,0.423125351797606
1.5,20,15.7835616438356,0.420388857250886
1.5,20,15.9479452054795,0.41788184046798
1.5,20,16.1123287671233,0.414556586640645
1.5,20,16.2767123287671,0.409622780422825
1.5,20,16.441095890411,0.404327080657212
1.5,20,16.6054794520548,0.398497018325938
1.5,20,16.7698630136986,0.397396438214846
1.5,20,16.9342465753425,0.396587836754091
1.5,20,17.0986301369863,0.390722040069932
1.5,20,17.2630136986301,0.386029619445945
1.5,20,17.427397260274,0.384310716173357
1.5,20,17.5917808219178,0.38423537919367
1.5,20,17.7561643835616,0.378252383161118
1.5,20,17.9205479452055,0.373140098339776
1.5,20,18.0849315068493,0.371164787269562
1.5,20,18.2493150684931,0.366227737506788
1.5,20,18.413698630137,0.361764246519628
1.5,20,18.5780821917808,0.358473919837866
1.5,20,18.7424657534247,0.353214761864421
1.5,20,18.9068493150685,0.351086547080151
1.5,20,19.0712328767123,0.349230576729725
1.5,20,19.2356164383562,0.348873363003117
1.5,20,19.4,0.344740287485533
1.5,20,19.5643835616438,0.340715224542289
1.5,20,19.7287671232877,0.335548993747999
1.5,20,19.8931506849315,0.331881997232914
1.5,20,20.0575342465753,0.333109601188654
1.5,20,20.2219178082192,0.328337833548264
1.5,20,20.386301369863,0.327323162307233
1.5,20,20.5506849315069,0.323151548238256
1.5,20,20.7150684931507,0.32101576995905
1.5,20,20.8794520547945,0.319972477292728
1.5,20,21.0438356164384,0.314888436904742
1.5,20,21.2082191780822,0.311501880831978
1.5,20,21.372602739726,0.308399006602855
1.5,20,21.5369863013699,0.301048648379367
1.5,20,21.7013698630137,0.297051153020489
1.5,20,21.8657534246575,0.292596554338514
1.5,20,22.0301369863014,0.289272782456975
1.5,20,22.1945205479452,0.285534894286937
1.5,20,22.358904109589,0.284604858969111
1.5,20,22.5232876712329,0.278604830486744
1.5,20,22.6876712328767,0.272924878969933
1.5,20,22.8520547945205,0.271119782257307
1.5,20,23.0164383561644,0.267831764972079
1.5,20,23.1808219178082,0.268767242433434
1.5,20,23.3452054794521,0.267571388052998
1.5,20,23.5095890410959,0.265901792789623
1.5,20,23.6739726027397,0.267308423262251
1.5,20,23.8383561643836,0.263873305775382
1.5,20,24.0027397260274,0.261958082916777
1.5,20,24.1671232876712,0.261385824477872
1.5,20,24.3315068493151,0.26053055576722
1.5,20,24.4958904109589,0.26234872205489
1.5,20,24.6602739726027,0.26274762414473
1.5,20,24.8246575342466,0.259579954678962
1.5,20,24.9890410958904,0.260245667418853
1.5,20,25.1534246575342,0.259961400682684
1.5,20,25.3178082191781,0.260049517724835
1.5,20,25.4821917808219,0.257399515331675
1.5,20,25.6465753424658,0.25495698561243
1.5,20,25.8109589041096,0.252610142603569
1.5,20,25.9753424657534,0.251360018536277
1.5,20,26.1397260273973,0.246973760744332
1.5,20,26.3041095890411,0.242585843230997
1.5,20,26.4684931506849,0.239691041544151
1.5,20,26.6328767123288,0.236465544358338
1.5,20,26.7972602739726,0.233817264696623
1.5,20,26.9616438356164,0.233406246402219
1.5,20,27.1260273972603,0.233238157574803
1.5,20,27.2904109589041,0.23384364870514
1.5,20,27.4547945205479,0.231633497587953
1.5,20,27.6191780821918,0.228446464444415
1.5,20,27.7835616438356,0.224777636009234
1.5,20,27.9479452054795,0.22350951942584
1.5,20,28.1123287671233,0.221546658497613
1.5,20,28.2767123287671,0.216220735187361
1.5,20,28.441095890411,0.214953417718187
1.5,20,28.6054794520548,0.213511648407347
1.5,20,28.7698630136986,0.210803872254175
1.5,20,28.9342465753425,0.209258912067118
1.5,20,29.0986301369863,0.20779073258713
1.5,20,29.2630136986301,0.208152171156861
1.5,20,29.427397260274,0.207209551759197
1.5,20,29.5917808219178,0.206445963985971
1.5,20,29.7561643835616,0.205314356327415
1.5,20,29.9205479452055,0.203807190081412
1.5,20,30.0849315068493,0.201300780992384
1.5,20,30.2493150684931,0.200238885100268
1.5,20,30.413698630137,0.199355543131705
1.5,20,30.5780821917808,0.199184424818915
1.5,20,30.7424657534247,0.195790907306192
1.5,20,30.9068493150685,0.195392550586006
1.5,20,31.0712328767123,0.195776907870876
1.5,20,31.2356164383562,0.194609285931233
1.5,20,31.4,0.193243225988257
1.5,20,31.5643835616438,0.191015019242822
1.5,20,31.7287671232877,0.188032563372789
1.5,20,31.8931506849315,0.186642946427054
1.5,20,32.0575342465753,0.184120408778676
1.5,20,32.2219178082192,0.182086837693097
1.5,20,32.386301369863,0.179382591297118
1.5,20,32.5506849315069,0.181910112786349
1.5,20,32.7150684931507,0.180059735232687
1.5,20,32.8794520547945,0.177621123783225
1.5,20,33.0438356164384,0.177210769718904
1.5,20,33.2082191780822,0.175243937416208
1.5,20,33.372602739726,0.17294602016434
1.5,20,33.5369863013699,0.172660153465292
1.5,20,33.7013698630137,0.170453878087412
1.5,20,33.8657534246575,0.169230245850334
1.5,20,34.0301369863014,0.168180209861909
1.5,20,34.1945205479452,0.166665605013765
1.5,20,34.358904109589,0.164216016898409
1.5,20,34.5232876712329,0.157908960159798
1.5,20,34.6876712328767,0.152842803171969
1.5,20,34.8520547945205,0.152062715740149
1.5,20,35.0164383561644,0.151808987435857
1.5,20,35.1808219178082,0.150822472382309
1.5,20,35.3452054794521,0.149135435982153
1.5,20,35.5095890410959,0.149580175447574
1.5,20,35.6739726027397,0.14754289142802
1.5,20,35.8383561643836,0.148916375778942
1.5,20,36.0027397260274,0.150658461221484
1.5,20,36.1671232876712,0.151042869251201
1.5,20,36.3315068493151,0.152112765956858
1.5,20,36.4958904109589,0.154007800597911
1.5,20,36.6602739726027,0.153499467822228
1.5,20,36.8246575342466,0.153406543447735
1.5,20,36.9890410958904,0.151518881812106
1.5,20,37.1534246575342,0.149132119038572
1.5,20,37.3178082191781,0.146189798649001
1.5,20,37.4821917808219,0.144219531090173
1.5,20,37.6465753424658,0.143144725551276
1.5,20,37.8109589041096,0.141286221682849
1.5,20,37.9753424657534,0.141282710109738
1.5,20,38.1397260273973,0.1408731292093
1.5,20,38.3041095890411,0.140617911594714
1.5,20,38.4684931506849,0.141059651039401
1.5,20,38.6328767123288,0.141171886636838
1.5,20,38.7972602739726,0.141528273685044
1.5,20,38.9616438356164,0.140891752035134
1.5,20,39.1260273972603,0.13731675374177
1.5,20,39.2904109589041,0.136721098018346
1.5,20,39.4547945205479,0.136877983904932
1.5,20,39.6191780821918,0.13515155398713
1.5,20,39.7835616438356,0.133273062115993
1.5,20,39.9479452054794,0.133440009224573
1.5,20,40.1123287671233,0.132600857510388
1.5,20,40.2767123287671,0.131002901628394
1.5,20,40.441095890411,0.126587858269863
1.5,20,40.6054794520548,0.123002090497468
1.5,20,40.7698630136986,0.12430928082044
1.5,20,40.9342465753425,0.121258407033208
1.5,20,41.0986301369863,0.121928469671553
1.5,20,41.2630136986301,0.120766184458755
1.5,20,41.427397260274,0.118495977807225
1.5,20,41.5917808219178,0.117551550284802
1.5,20,41.7561643835616,0.118385284406513
1.5,20,41.9205479452055,0.116258570182575
1.5,20,42.0849315068493,0.112876299277397
1.5,20,42.2493150684932,0.110938369106531
1.5,20,42.413698630137,0.107773125043827
1.5,20,42.5780821917808,0.106636321675516
1.5,20,42.7424657534247,0.104625324640555
1.5,20,42.9068493150685,0.103855360684095
1.5,20,43.0712328767123,0.1032458580832
1.5,20,43.2356164383562,0.102405927773414
1.5,20,43.4,0.0993865072203764
1.5,20,43.5643835616438,0.10079011996453
1.5,20,43.7287671232877,0.0999119970020865
1.5,20,43.8931506849315,0.101288794305661
1.5,20,44.0575342465753,0.0996686349885301
1.5,20,44.2219178082192,0.10082709260325
1.5,20,44.386301369863,0.102411852625997
1.5,20,44.5506849315069,0.101431973286555
1.5,20,44.7150684931507,0.100921275678606
1.5,20,44.8794520547945,0.100386282259498
1.5,20,45.0438356164384,0.0974254601382989
1.5,20,45.2082191780822,0.0969095133305082
1.5,20,45.372602739726,0.0959083498838172
1.5,20,45.5369863013699,0.0960150761717054
1.5,20,45.7013698630137,0.0966444958916909
1.5,20,45.8657534246575,0.0947529998950703
1.5,20,46.0301369863014,0.0952907104122915
1.5,20,46.1945205479452,0.0967907763478278
1.5,20,46.358904109589,0.0981640007290631
1.5,20,46.5232876712329,0.0962602952823101
1.5,20,46.6876712328767,0.0963793166867223
1.5,20,46.8520547945205,0.0941412462268016
1.5,20,47.0164383561644,0.0922941478614769
1.5,20,47.1808219178082,0.0934616362314234
1.5,20,47.3452054794521,0.0915375389721945
1.5,20,47.5095890410959,0.0912359206411302
1.5,20,47.6739726027397,0.0911299612033908
1.5,20,47.8383561643836,0.086992668040749
1.5,20,48.0027397260274,0.0866088172167329
1.5,20,48.1671232876712,0.0860684347630646
1.5,20,48.3315068493151,0.0862122753138404
1.5,20,48.4958904109589,0.0861444037642641
1.5,20,48.6602739726027,0.0866629711062423
1.5,20,48.8246575342466,0.0870133830479773
1.5,20,48.9890410958904,0.0861325062425628
1.5,20,49.1534246575342,0.0857287597857977
1.5,20,49.3178082191781,0.0840666978745869
1.5,20,49.4821917808219,0.0838159213968457
1.5,20,49.6465753424658,0.0821289901619152
1.5,20,49.8109589041096,0.0806463113255379
1.5,20,49.9753424657534,0.0794505146497785
1.5,50,0.00273972602739726,1.0000179817816
1.5,50,0.167123287671233,0.998353225506702
1.5,50,0.331506849315069,0.997940018089965
1.5,50,0.495890410958904,0.996756888795889
1.5,50,0.66027397260274,0.992578172288659
1.5,50,0.824657534246575,0.985215714894389
1.5,50,0.989041095890411,0.976206791484202
1.5,50,1.15342465753425,0.965792374794235
1.5,50,1.31780821917808,0.952806389369014
1.5,50,1.48219178082192,0.941298450541688
1.5,50,1.64657534246575,0.930630219770462
1.5,50,1.81095890410959,0.921490147695377
1.5,50,1.97534246575342,0.912502747654695
1.5,50,2.13972602739726,0.904154265757485
1.5,50,2.3041095890411,0.896843581498288
1.5,50,2.46849315068493,0.888866006881793
1.5,50,2.63287671232877,0.880186628951474
1.5,50,2.7972602739726,0.869594796403205
1.5,50,2.96164383561644,0.860836457758408
1.5,50,3.12602739726027,0.8504078735519
1.5,50,3.29041095890411,0.839801659891155
1.5,50,3.45479452054795,0.832258191999913
1.5,50,3.61917808219178,0.824092933988138
1.5,50,3.78356164383562,0.816640196858633
1.5,50,3.94794520547945,0.808861998997665
1.5,50,4.11232876712329,0.800328775036561
1.5,50,4.27671232876712,0.790398973321348
1.5,50,4.44109589041096,0.780466188920907
1.5,50,4.60547945205479,0.771083393550186
1.5,50,4.76986301369863,0.763856088703734
1.5,50,4.93424657534247,0.756970685067554
1.5,50,5.0986301369863,0.749866520317286
1.5,50,5.26301369863014,0.742214017959187
1.5,50,5.42739726027397,0.7325856961776
1.5,50,5.59178082191781,0.727354529011046
1.5,50,5.75616438356164,0.719265269526283
1.5,50,5.92054794520548,0.711852935342831
1.5,50,6.08493150684932,0.701803348559343
1.5,50,6.24931506849315,0.692952110251181
1.5,50,6.41369863013699,0.687489448415256
1.5,50,6.57808219178082,0.680167421723441
1.5,50,6.74246575342466,0.672130819699976
1.5,50,6.90684931506849,0.665494012407044
1.5,50,7.07123287671233,0.656620111812198
1.5,50,7.23561643835616,0.650415745737911
1.5,50,7.4,0.645772675408711
1.5,50,7.56438356164384,0.638702416586945
1.5,50,7.72876712328767,0.634281483109633
1.5,50,7.89315068493151,0.628839598234148
1.5,50,8.05753424657534,0.625474290662257
1.5,50,8.22191780821918,0.619832821638873
1.5,50,8.38630136986301,0.614677570430657
1.5,50,8.55068493150685,0.608064314452236
1.5,50,8.71506849315069,0.599321188588386
1.5,50,8.87945205479452,0.593828080341202
1.5,50,9.04383561643836,0.585712778793747
1.5,50,9.20821917808219,0.58180891795019
1.5,50,9.37260273972603,0.575659742541578
1.5,50,9.53698630136986,0.569567918231918
1.5,50,9.7013698630137,0.563795546589942
1.5,50,9.86575342465753,0.556888903790853
1.5,50,10.0301369863014,0.552812494474723
1.5,50,10.1945205479452,0.550514297229672
1.5,50,10.358904109589,0.545105693938976
1.5,50,10.5232876712329,0.540069059426191
1.5,50,10.6876712328767,0.534877519754905
1.5,50,10.8520547945205,0.528838347783596
1.5,50,11.0164383561644,0.525094081283216
1.5,50,11.1808219178082,0.520619846457177
1.5,50,11.3452054794521,0.515458070374494
1.5,50,11.5095890410959,0.511742420176278
1.5,50,11.6739726027397,0.507012399201371
1.5,50,11.8383561643836,0.502714850398677
1.5,50,12.0027397260274,0.496774103856713
1.5,50,12.1671232876712,0.491660115136752
1.5,50,12.3315068493151,0.48764661023951
1.5,50,12.4958904109589,0.482997401063889
1.5,50,12.6602739726027,0.479385451963297
1.5,50,12.8246575342466,0.47240009199319
1.5,50,12.9890410958904,0.467612782599845
1.5,50,13.1534246575342,0.463261614299459
1.5,50,13.3178082191781,0.459271742589415
1.5,50,13.4821917808219,0.453778871533018
1.5,50,13.6465753424658,0.450988134914196
1.5,50,13.8109589041096,0.447705290124949
1.5,50,13.9753424657534,0.442978003998956
1.5,50,14.1397260273973,0.440511724201145
1.5,50,14.3041095890411,0.435132037167646
1.5,50,14.4684931506849,0.432893603506722
1.5,50,14.6328767123288,0.430050880854842
1.5,50,14.7972602739726,0.42938266796819
1.5,50,14.9616438356164,0.425890908387934
1.5,50,15.1260273972603,0.422324115288653
1.5,50,15.2904109589041,0.418212009462198
1.5,50,15.4547945205479,0.414152714182305
1.5,50,15.6191780821918,0.411652189681216
1.5,50,15.7835616438356,0.406892569768446
1.5,50,15.9479452054795,0.404380838626065
1.5,50,16.1123287671233,0.401789846898586
1.5,50,16.2767123287671,0.398026284428869
1.5,50,16.441095890411,0.393413231854064
1.5,50,16.6054794520548,0.389517214300708
1.5,50,16.7698630136986,0.388280523805948
1.5,50,16.9342465753425,0.386186741248824
1.5,50,17.0986301369863,0.382430779542576
1.5,50,17.2630136986301,0.378732422006934
1.5,50,17.427397260274,0.374961977770694
1.5,50,17.5917808219178,0.370783882842578
1.5,50,17.7561643835616,0.368650065720165
1.5,50,17.9205479452055,0.36659334696973
1.5,50,18.0849315068493,0.36379379244656
1.5,50,18.2493150684931,0.361123519169024
1.5,50,18.413698630137,0.355884800594859
1.5,50,18.5780821917808,0.351141381971595
1.5,50,18.7424657534247,0.349136162847808
1.5,50,18.9068493150685,0.347390986333768
1.5,50,19.0712328767123,0.344051425902217
1.5,50,19.2356164383562,0.341462119042449
1.5,50,19.4,0.339432348455777
1.5,50,19.5643835616438,0.338398533271305
1.5,50,19.7287671232877,0.33546715050875
1.5,50,19.8931506849315,0.33321681067775
1.5,50,20.0575342465753,0.330827843165323
1.5,50,20.2219178082192,0.330620687145702
1.5,50,20.386301369863,0.329858292450539
1.5,50,20.5506849315069,0.327119160907279
1.5,50,20.7150684931507,0.324310096803968
1.5,50,20.8794520547945,0.321736354778151
1.5,50,21.0438356164384,0.317488388784571
1.5,50,21.2082191780822,0.314640096881388
1.5,50,21.372602739726,0.312705736030991
1.5,50,21.5369863013699,0.310334400647815
1.5,50,21.7013698630137,0.307544707274733
1.5,50,21.8657534246575,0.305584132109486
1.5,50,22.0301369863014,0.304366603008481
1.5,50,22.1945205479452,0.301277185825111
1.5,50,22.358904109589,0.300805753327019
1.5,50,22.5232876712329,0.299061151140965
1.5,50,22.6876712328767,0.297050608834602
1.5,50,22.8520547945205,0.295618411793461
1.5,50,23.0164383561644,0.292705387662912
1.5,50,23.1808219178082,0.290497073423392
1.5,50,23.3452054794521,0.288799983047928
1.5,50,23.5095890410959,0.288583522867384
1.5,50,23.6739726027397,0.285256144463459
1.5,50,23.8383561643836,0.281638191572124
1.5,50,24.0027397260274,0.279380749519813
1.5,50,24.1671232876712,0.278006581497609
1.5,50,24.3315068493151,0.27458044043151
1.5,50,24.4958904109589,0.272572290048764
1.5,50,24.6602739726027,0.270973005772073
1.5,50,24.8246575342466,0.269191563823116
1.5,50,24.9890410958904,0.267949166583815
1.5,50,25.1534246575342,0.266262449643839
1.5,50,25.3178082191781,0.263120222351318
1.5,50,25.4821917808219,0.262324599625716
1.5,50,25.6465753424658,0.258993153012044
1.5,50,25.8109589041096,0.25610899751936
1.5,50,25.9753424657534,0.254005926473654
1.5,50,26.1397260273973,0.251648140578338
1.5,50,26.3041095890411,0.249951138083251
1.5,50,26.4684931506849,0.249114066533135
1.5,50,26.6328767123288,0.247080167531143
1.5,50,26.7972602739726,0.246349875906258
1.5,50,26.9616438356164,0.24374981027591
1.5,50,27.1260273972603,0.242583137165435
1.5,50,27.2904109589041,0.241528927934991
1.5,50,27.4547945205479,0.241520958036332
1.5,50,27.6191780821918,0.238826877224285
1.5,50,27.7835616438356,0.238640195395617
1.5,50,27.9479452054795,0.238615355209948
1.5,50,28.1123287671233,0.238447110507061
1.5,50,28.2767123287671,0.235888284078623
1.5,50,28.441095890411,0.235867162326087
1.5,50,28.6054794520548,0.233207254757075
1.5,50,28.7698630136986,0.231119612930371
1.5,50,28.9342465753425,0.230143089183537
1.5,50,29.0986301369863,0.228460251871501
1.5,50,29.2630136986301,0.228355520785199
1.5,50,29.427397260274,0.226118042585055
1.5,50,29.5917808219178,0.225140530769622
1.5,50,29.7561643835616,0.223191665386036
1.5,50,29.9205479452055,0.221860588827659
1.5,50,30.0849315068493,0.218473517462829
1.5,50,30.2493150684931,0.218251533502621
1.5,50,30.413698630137,0.21741289085993
1.5,50,30.5780821917808,0.214089042903639
1.5,50,30.7424657534247,0.212390044186021
1.5,50,30.9068493150685,0.211870896289546
1.5,50,31.0712328767123,0.211663187409272
1.5,50,31.2356164383562,0.211564641552058
1.5,50,31.4,0.209550336573464
1.5,50,31.5643835616438,0.206954489726462
1.5,50,31.7287671232877,0.205166101343508
1.5,50,31.8931506849315,0.205037913326444
1.5,50,32.0575342465753,0.203489354456499
1.5,50,32.2219178082192,0.203687210526305
1.5,50,32.386301369863,0.203836790234524
1.5,50,32.5506849315069,0.203483311102136
1.5,50,32.7150684931507,0.202344036424243
1.5,50,32.8794520547945,0.200467226028694
1.5,50,33.0438356164384,0.198027561383686
1.5,50,33.2082191780822,0.196925866954699
1.5,50,33.372602739726,0.195460863980557
1.5,50,33.5369863013699,0.195244357270526
1.5,50,33.7013698630137,0.192748489991434
1.5,50,33.8657534246575,0.190922502691402
1.5,50,34.0301369863014,0.188659004316146
1.5,50,34.1945205479452,0.185742773616601
1.5,50,34.358904109589,0.185717806686766
1.5,50,34.5232876712329,0.184401759993417
1.5,50,34.6876712328767,0.182187807514677
1.5,50,34.8520547945205,0.180449009667468
1.5,50,35.0164383561644,0.178975764558921
1.5,50,35.1808219178082,0.178744415139817
1.5,50,35.3452054794521,0.176994713141718
1.5,50,35.5095890410959,0.175934761654761
1.5,50,35.6739726027397,0.174221456736841
1.5,50,35.8383561643836,0.173111572699602
1.5,50,36.0027397260274,0.172154471161126
1.5,50,36.1671232876712,0.16983474831493
1.5,50,36.3315068493151,0.168633804038365
1.5,50,36.4958904109589,0.168938797874698
1.5,50,36.6602739726027,0.167128528564685
1.5,50,36.8246575342466,0.165440393333465
1.5,50,36.9890410958904,0.164243550735296
1.5,50,37.1534246575342,0.163813435751945
1.5,50,37.3178082191781,0.163749249782134
1.5,50,37.4821917808219,0.163117158329886
1.5,50,37.6465753424658,0.163198378055594
1.5,50,37.8109589041096,0.162206375845163
1.5,50,37.9753424657534,0.161043910889676
1.5,50,38.1397260273973,0.159270492338137
1.5,50,38.3041095890411,0.156871886328547
1.5,50,38.4684931506849,0.156365828865143
1.5,50,38.6328767123288,0.155729267996018
1.5,50,38.7972602739726,0.154294713075732
1.5,50,38.9616438356164,0.152660129659308
1.5,50,39.1260273972603,0.151419877082273
1.5,50,39.2904109589041,0.150431961114261
1.5,50,39.4547945205479,0.148834729950012
1.5,50,39.6191780821918,0.147281758529933
1.5,50,39.7835616438356,0.146436558026186
1.5,50,39.9479452054794,0.145567182497015
1.5,50,40.1123287671233,0.144545178422301
1.5,50,40.2767123287671,0.1429170181424
1.5,50,40.441095890411,0.142043670778965
1.5,50,40.6054794520548,0.139752257618114
1.5,50,40.7698630136986,0.137765992650597
1.5,50,40.9342465753425,0.136403211253487
1.5,50,41.0986301369863,0.135525598665207
1.5,50,41.2630136986301,0.134578173936047
1.5,50,41.427397260274,0.133392078405283
1.5,50,41.5917808219178,0.132222389025744
1.5,50,41.7561643835616,0.132736667883063
1.5,50,41.9205479452055,0.131479755663453
1.5,50,42.0849315068493,0.12917054624968
1.5,50,42.2493150684932,0.127926016024705
1.5,50,42.413698630137,0.127603386476603
1.5,50,42.5780821917808,0.126173648520063
1.5,50,42.7424657534247,0.123733695678947
1.5,50,42.9068493150685,0.123204888162187
1.5,50,43.0712328767123,0.122861315484961
1.5,50,43.2356164383562,0.12182824155895
1.5,50,43.4,0.120552724952883
1.5,50,43.5643835616438,0.119117602563473
1.5,50,43.7287671232877,0.117820229250555
1.5,50,43.8931506849315,0.11720924471689
1.5,50,44.0575342465753,0.116812746082528
1.5,50,44.2219178082192,0.115417790125658
1.5,50,44.386301369863,0.115114754915266
1.5,50,44.5506849315069,0.113751543347975
1.5,50,44.7150684931507,0.112823030860626
1.5,50,44.8794520547945,0.11143417429146
1.5,50,45.0438356164384,0.110309087474475
1.5,50,45.2082191780822,0.109051258668164
1.5,50,45.372602739726,0.10947962181166
1.5,50,45.5369863013699,0.109225352720656
1.5,50,45.7013698630137,0.108063165289558
1.5,50,45.8657534246575,0.108254913425135
1.5,50,46.0301369863014,0.107926001170987
1.5,50,46.1945205479452,0.108378938146915
1.5,50,46.358904109589,0.107719102762306
1.5,50,46.5232876712329,0.107420134910988
1.5,50,46.6876712328767,0.106573931282519
1.5,50,46.8520547945205,0.105327803106972
1.5,50,47.0164383561644,0.105673613923566
1.5,50,47.1808219178082,0.104079773171482
1.5,50,47.3452054794521,0.102450416009261
1.5,50,47.5095890410959,0.101640227233128
1.5,50,47.6739726027397,0.099554001276678
1.5,50,47.8383561643836,0.0986079579773555
1.5,50,48.0027397260274,0.0972195299998719
1.5,50,48.1671232876712,0.0964292002237913
1.5,50,48.3315068493151,0.0950959589991137
1.5,50,48.4958904109589,0.0938113976006442
1.5,50,48.6602739726027,0.0926509593920336
1.5,50,48.8246575342466,0.0922370516700526
1.5,50,48.9890410958904,0.0910829680349532
1.5,50,49.1534246575342,0.0913565119666568
1.5,50,49.3178082191781,0.0902458952955789
1.5,50,49.4821917808219,0.0897677545250267
1.5,50,49.6465753424658,0.089411425346074
1.5,50,49.8109589041096,0.0889216162628574
1.5,50,49.9753424657534,0.0886886737464976
1.5,100,0.00273972602739726,0.999833603829328
1.5,100,0.167123287671233,0.998091716558188
1.5,100,0.331506849315069,0.994865634543095
1.5,100,0.495890410958904,0.991233466626511
1.5,100,0.66027397260274,0.986914536733236
1.5,100,0.824657534246575,0.978204238204293
1.5,100,0.989041095890411,0.97066128738498
1.5,100,1.15342465753425,0.96153518330023
1.5,100,1.31780821917808,0.95183294176765
1.5,100,1.48219178082192,0.939188737604972
1.5,100,1.64657534246575,0.927561978737393
1.5,100,1.81095890410959,0.915691306904044
1.5,100,1.97534246575342,0.905906701692655
1.5,100,2.13972602739726,0.895134686691394
1.5,100,2.3041095890411,0.885245997617701
1.5,100,2.46849315068493,0.875472702723793
1.5,100,2.63287671232877,0.863463306631607
1.5,100,2.7972602739726,0.853618401581574
1.5,100,2.96164383561644,0.843772343858778
1.5,100,3.12602739726027,0.834727168174537
1.5,100,3.29041095890411,0.82478164524206
1.5,100,3.45479452054795,0.816526214013874
1.5,100,3.61917808219178,0.808697777246597
1.5,100,3.78356164383562,0.801184868646818
1.5,100,3.94794520547945,0.791034879364461
1.5,100,4.11232876712329,0.78392701296766
1.5,100,4.27671232876712,0.774877365849381
1.5,100,4.44109589041096,0.767290882749012
1.5,100,4.60547945205479,0.758442528373952
1.5,100,4.76986301369863,0.750237477582754
1.5,100,4.93424657534247,0.741614941996239
1.5,100,5.0986301369863,0.73255211290615
1.5,100,5.26301369863014,0.72263287786115
1.5,100,5.42739726027397,0.714036652215814
1.5,100,5.59178082191781,0.704781782597488
1.5,100,5.75616438356164,0.698286258876113
1.5,100,5.92054794520548,0.692498786455072
1.5,100,6.08493150684932,0.68580425032485
1.5,100,6.24931506849315,0.678300745746936
1.5,100,6.41369863013699,0.668827038831349
1.5,100,6.57808219178082,0.662190119186853
1.5,100,6.74246575342466,0.656853984615031
1.5,100,6.90684931506849,0.650714077785978
1.5,100,7.07123287671233,0.644087843517524
1.5,100,7.23561643835616,0.638271831648248
1.5,100,7.4,0.632678299897859
1.5,100,7.56438356164384,0.625530394506094
1.5,100,7.72876712328767,0.617563811859678
1.5,100,7.89315068493151,0.609649891079429
1.5,100,8.05753424657534,0.602248713283907
1.5,100,8.22191780821918,0.596092322762863
1.5,100,8.38630136986301,0.59211485722913
1.5,100,8.55068493150685,0.58764314630322
1.5,100,8.71506849315069,0.582129327941883
1.5,100,8.87945205479452,0.575595250769233
1.5,100,9.04383561643836,0.571212693469704
1.5,100,9.20821917808219,0.566143165777333
1.5,100,9.37260273972603,0.561226466813791
1.5,100,9.53698630136986,0.5549940653451
1.5,100,9.7013698630137,0.550640758066461
1.5,100,9.86575342465753,0.543620465746708
1.5,100,10.0301369863014,0.538383843308082
1.5,100,10.1945205479452,0.53526607583991
1.5,100,10.358904109589,0.53072867655101
1.5,100,10.5232876712329,0.526460377250772
1.5,100,10.6876712328767,0.520963236669653
1.5,100,10.8520547945205,0.514686463268106
1.5,100,11.0164383561644,0.510499162717062
1.5,100,11.1808219178082,0.506085268083593
1.5,100,11.3452054794521,0.500960349050735
1.5,100,11.5095890410959,0.496358690670153
1.5,100,11.6739726027397,0.490683503952093
1.5,100,11.8383561643836,0.485856736185687
1.5,100,12.0027397260274,0.481749363497924
1.5,100,12.1671232876712,0.478266044032712
1.5,100,12.3315068493151,0.474620122483448
1.5,100,12.4958904109589,0.470775391555927
1.5,100,12.6602739726027,0.467825662031149
1.5,100,12.8246575342466,0.463723715208908
1.5,100,12.9890410958904,0.458799192389111
1.5,100,13.1534246575342,0.455850063690818
1.5,100,13.3178082191781,0.453143503227515
1.5,100,13.4821917808219,0.449164515144024
1.5,100,13.6465753424658,0.446272973747553
1.5,100,13.8109589041096,0.441703373081863
1.5,100,13.9753424657534,0.439991523570167
1.5,100,14.1397260273973,0.437681773594628
1.5,100,14.3041095890411,0.433874930683793
1.5,100,14.4684931506849,0.430635248266504
1.5,100,14.6328767123288,0.427316882354789
1.5,100,14.7972602739726,0.423685079099361
1.5,100,14.9616438356164,0.420606396455675
1.5,100,15.1260273972603,0.417688327049207
1.5,100,15.2904109589041,0.413857051064601
1.5,100,15.4547945205479,0.41229287336302
1.5,100,15.6191780821918,0.41012580920852
1.5,100,15.7835616438356,0.406931277930467
1.5,100,15.9479452054795,0.404671822659296
1.5,100,16.1123287671233,0.401723986283165
1.5,100,16.2767123287671,0.398846113782467
1.5,100,16.441095890411,0.396503990355663
1.5,100,16.6054794520548,0.393346524324988
1.5,100,16.7698630136986,0.390439271462786
1.5,100,16.9342465753425,0.38800333429006
1.5,100,17.0986301369863,0.386646682327518
1.5,100,17.2630136986301,0.384403217275276
1.5,100,17.427397260274,0.381788499903339
1.5,100,17.5917808219178,0.378440551692168
1.5,100,17.7561643835616,0.376465872862794
1.5,100,17.9205479452055,0.373855516360789
1.5,100,18.0849315068493,0.372185646928212
1.5,100,18.2493150684931,0.370211232467764
1.5,100,18.413698630137,0.367506517217407
1.5,100,18.5780821917808,0.364628644171749
1.5,100,18.7424657534247,0.361428636756006
1.5,100,18.9068493150685,0.359187384998115
1.5,100,19.0712328767123,0.356779618628002
1.5,100,19.2356164383562,0.35340024700256
1.5,100,19.4,0.350844520083027
1.5,100,19.5643835616438,0.347686782317452
1.5,100,19.7287671232877,0.345918765652904
1.5,100,19.8931506849315,0.344148358953824
1.5,100,20.0575342465753,0.342384275119854
1.5,100,20.2219178082192,0.33997273461762
1.5,100,20.386301369863,0.338883267243109
1.5,100,20.5506849315069,0.337114867763566
1.5,100,20.7150684931507,0.334431322121485
1.5,100,20.8794520547945,0.332394512303022
1.5,100,21.0438356164384,0.330837913816891
1.5,100,21.2082191780822,0.327711440389135
1.5,100,21.372602739726,0.326385062802965
1.5,100,21.5369863013699,0.324948304423315
1.5,100,21.7013698630137,0.323156479700288
1.5,100,21.8657534246575,0.319321631747076
1.5,100,22.0301369863014,0.317067308306998
1.5,100,22.1945205479452,0.314458582494782
1.5,100,22.358904109589,0.313668872175679
1.5,100,22.5232876712329,0.312995397003933
1.5,100,22.6876712328767,0.310746517625646
1.5,100,22.8520547945205,0.308893461279377
1.5,100,23.0164383561644,0.307593730960584
1.5,100,23.1808219178082,0.30446282577199
1.5,100,23.3452054794521,0.303497258428777
1.5,100,23.5095890410959,0.302522343389975
1.5,100,23.6739726027397,0.29901214962389
1.5,100,23.8383561643836,0.296730184599432
1.5,100,24.0027397260274,0.294778303059851
1.5,100,24.1671232876712,0.294193209745857
1.5,100,24.3315068493151,0.292936673038041
1.5,100,24.4958904109589,0.291991762629163
1.5,100,24.6602739726027,0.289038873813118
1.5,100,24.8246575342466,0.28937499733452
1.5,100,24.9890410958904,0.287396057420766
1.5,100,25.1534246575342,0.285964622465821
1.5,100,25.3178082191781,0.284398154728012
1.5,100,25.4821917808219,0.281907538915614
1.5,100,25.6465753424658,0.279354518271385
1.5,100,25.8109589041096,0.275684756987043
1.5,100,25.9753424657534,0.274075460660539
1.5,100,26.1397260273973,0.271898244074159
1.5,100,26.3041095890411,0.271669832189858
1.5,100,26.4684931506849,0.269473206896578
1.5,100,26.6328767123288,0.268564110554872
1.5,100,26.7972602739726,0.267308323299059
1.5,100,26.9616438356164,0.266596482802359
1.5,100,27.1260273972603,0.265378607071614
1.5,100,27.2904109589041,0.26432611603539
1.5,100,27.4547945205479,0.26216990747464
1.5,100,27.6191780821918,0.259542512748232
1.5,100,27.7835616438356,0.258487392738455
1.5,100,27.9479452054795,0.256433079780655
1.5,100,28.1123287671233,0.255167701128952
1.5,100,28.2767123287671,0.252918685093985
1.5,100,28.441095890411,0.2523561388251
1.5,100,28.6054794520548,0.250698012215536
1.5,100,28.7698630136986,0.248758287156844
1.5,100,28.9342465753425,0.247505156246536
1.5,100,29.0986301369863,0.245890067150655
1.5,100,29.2630136986301,0.244160893577031
1.5,100,29.427397260274,0.24302582819595
1.5,100,29.5917808219178,0.242410104037166
1.5,100,29.7561643835616,0.241004375403952
1.5,100,29.9205479452055,0.239976136091323
1.5,100,30.0849315068493,0.238024777070368
1.5,100,30.2493150684931,0.236869162619034
1.5,100,30.413698630137,0.235828330247083
1.5,100,30.5780821917808,0.235466300620986
1.5,100,30.7424657534247,0.234191918385361
1.5,100,30.9068493150685,0.232497745541707
1.5,100,31.0712328767123,0.2318249617083
1.5,100,31.2356164383562,0.231278466150067
1.5,100,31.4,0.229430519857629
1.5,100,31.5643835616438,0.227915912158463
1.5,100,31.7287671232877,0.22725337261242
1.5,100,31.8931506849315,0.225933401226439
1.5,100,32.0575342465753,0.224897384415941
1.5,100,32.2219178082192,0.222875821925379
1.5,100,32.386301369863,0.222487920263827
1.5,100,32.5506849315069,0.221790865772767
1.5,100,32.7150684931507,0.220910597144251
1.5,100,32.8794520547945,0.219768730649187
1.5,100,33.0438356164384,0.219362128201398
1.5,100,33.2082191780822,0.217662863186131
1.5,100,33.372602739726,0.214711718955029
1.5,100,33.5369863013699,0.214182531544274
1.5,100,33.7013698630137,0.214666376818004
1.5,100,33.8657534246575,0.212984362711356
1.5,100,34.0301369863014,0.212614965262397
1.5,100,34.1945205479452,0.212042909280656
1.5,100,34.358904109589,0.210198280172044
1.5,100,34.5232876712329,0.208300241623651
1.5,100,34.6876712328767,0.206769339310124
1.5,100,34.8520547945205,0.205634257941066
1.5,100,35.0164383561644,0.204967536378566
1.5,100,35.1808219178082,0.20292674255069
1.5,100,35.3452054794521,0.201412791832881
1.5,100,35.5095890410959,0.199369593509782
1.5,100,35.6739726027397,0.19841403948609
1.5,100,35.8383561643836,0.196554706810543
1.5,100,36.0027397260274,0.194439394597971
1.5,100,36.1671232876712,0.193983502344668
1.5,100,36.3315068493151,0.192916338538421
1.5,100,36.4958904109589,0.192644214969174
1.5,100,36.6602739726027,0.192077824618868
1.5,100,36.8246575342466,0.190838287226343
1.5,100,36.9890410958904,0.189555446288003
1.5,100,37.1534246575342,0.188968529364088
1.5,100,37.3178082191781,0.187146940892865
1.5,100,37.4821917808219,0.186595170025329
1.5,100,37.6465753424658,0.184901855752042
1.5,100,37.8109589041096,0.183927690882685
1.5,100,37.9753424657534,0.18305637171966
1.5,100,38.1397260273973,0.183532442839945
1.5,100,38.3041095890411,0.183119479983692
1.5,100,38.4684931506849,0.182801909624287
1.5,100,38.6328767123288,0.182603064546867
1.5,100,38.7972602739726,0.181896227786112
1.5,100,38.9616438356164,0.180459916612727
1.5,100,39.1260273972603,0.179246343370286
1.5,100,39.2904109589041,0.178914343798572
1.5,100,39.4547945205479,0.17759289017834
1.5,100,39.6191780821918,0.176291072265516
1.5,100,39.7835616438356,0.175075158506053
1.5,100,39.9479452054794,0.174856205595275
1.5,100,40.1123287671233,0.174420406207374
1.5,100,40.2767123287671,0.172806929137691
1.5,100,40.441095890411,0.171411383747988
1.5,100,40.6054794520548,0.169996420235921
1.5,100,40.7698630136986,0.16860406093362
1.5,100,40.9342465753425,0.168347903896999
1.5,100,41.0986301369863,0.167998855669259
1.5,100,41.2630136986301,0.166156840649768
1.5,100,41.427397260274,0.165351121980023
1.5,100,41.5917808219178,0.163633204589469
1.5,100,41.7561643835616,0.162709485035349
1.5,100,41.9205479452055,0.162213288987128
1.5,100,42.0849315068493,0.161213410319546
1.5,100,42.2493150684932,0.159385025360512
1.5,100,42.413698630137,0.159411038118178
1.5,100,42.5780821917808,0.158631062148998
1.5,100,42.7424657534247,0.157654580444939
1.5,100,42.9068493150685,0.156911919653554
1.5,100,43.0712328767123,0.155919800197741
1.5,100,43.2356164383562,0.155541775484742
1.5,100,43.4,0.154553260099364
1.5,100,43.5643835616438,0.15392010699608
1.5,100,43.7287671232877,0.153332051988055
1.5,100,43.8931506849315,0.152670014635012
1.5,100,44.0575342465753,0.152161124441011
1.5,100,44.2219178082192,0.151641341652981
1.5,100,44.386301369863,0.151053028906597
1.5,100,44.5506849315069,0.150208816583377
1.5,100,44.7150684931507,0.149859950851933
1.5,100,44.8794520547945,0.148922239231401
1.5,100,45.0438356164384,0.148139640066637
1.5,100,45.2082191780822,0.147534231328115
1.5,100,45.372602739726,0.146972335254629
1.5,100,45.5369863013699,0.146603299611357
1.5,100,45.7013698630137,0.146137579207397
1.5,100,45.8657534246575,0.145119548971799
1.5,100,46.0301369863014,0.144133356749615
1.5,100,46.1945205479452,0.14265351604165
1.5,100,46.358904109589,0.141660796047362
1.5,100,46.5232876712329,0.140776726345775
1.5,100,46.6876712328767,0.13986697868597
1.5,100,46.8520547945205,0.139489427952869
1.5,100,47.0164383561644,0.139605207290615
1.5,100,47.1808219178082,0.1389194709268
1.5,100,47.3452054794521,0.137889513215159
1.5,100,47.5095890410959,0.136601444435663
1.5,100,47.6739726027397,0.136017285657598
1.5,100,47.8383561643836,0.134792658567223
1.5,100,48.0027397260274,0.134335522674293
1.5,100,48.1671232876712,0.133604670331517
1.5,100,48.3315068493151,0.13334921871631
1.5,100,48.4958904109589,0.132856653183869
1.5,100,48.6602739726027,0.1319127526817
1.5,100,48.8246575342466,0.132046626827117
1.5,100,48.9890410958904,0.131582770983045
1.5,100,49.1534246575342,0.131434271626964
1.5,100,49.3178082191781,0.130674153538878
1.5,100,49.4821917808219,0.130069216338044
1.5,100,49.6465753424658,0.128867624778255
1.5,100,49.8109589041096,0.126855860887339
1.5,100,49.9753424657534,0.126521241974506
1.5,200,0.00273972602739726,0.999912663053573
1.5,200,0.167123287671233,0.997667315017935
1.5,200,0.331506849315069,0.994717633286508
1.5,200,0.495890410958904,0.990695144921529
1.5,200,0.66027397260274,0.9842365408181
1.5,200,0.824657534246575,0.976196551494907
1.5,200,0.989041095890411,0.968038715155324
1.5,200,1.15342465753425,0.959587033080778
1.5,200,1.31780821917808,0.950473896583415
1.5,200,1.48219178082192,0.938907664652795
1.5,200,1.64657534246575,0.927125556356124
1.5,200,1.81095890410959,0.916568310689153
1.5,200,1.97534246575342,0.906951374966734
1.5,200,2.13972602739726,0.895809728581465
1.5,200,2.3041095890411,0.884990147926664
1.5,200,2.46849315068493,0.874380572873898
1.5,200,2.63287671232877,0.864462286142195
1.5,200,2.7972602739726,0.852704904456746
1.5,200,2.96164383561644,0.844630706712674
1.5,200,3.12602739726027,0.833577991540055
1.5,200,3.29041095890411,0.823816177034996
1.5,200,3.45479452054795,0.816439326659841
1.5,200,3.61917808219178,0.808380792268273
1.5,200,3.78356164383562,0.798985815229084
1.5,200,3.94794520547945,0.790073325886983
1.5,200,4.11232876712329,0.781095704369334
1.5,200,4.27671232876712,0.772501402515274
1.5,200,4.44109589041096,0.76398280992643
1.5,200,4.60547945205479,0.755963764603897
1.5,200,4.76986301369863,0.74739268563243
1.5,200,4.93424657534247,0.73721349045424
1.5,200,5.0986301369863,0.72898562203351
1.5,200,5.26301369863014,0.722999180838936
1.5,200,5.42739726027397,0.713873995767798
1.5,200,5.59178082191781,0.706507208884083
1.5,200,5.75616438356164,0.698843117765521
1.5,200,5.92054794520548,0.690088774527873
1.5,200,6.08493150684932,0.682636111450525
1.5,200,6.24931506849315,0.675145919873017
1.5,200,6.41369863013699,0.668762396200669
1.5,200,6.57808219178082,0.661557239137276
1.5,200,6.74246575342466,0.65512356350465
1.5,200,6.90684931506849,0.649096372231953
1.5,200,7.07123287671233,0.643189114327632
1.5,200,7.23561643835616,0.63664896332575
1.5,200,7.4,0.630092304914409
1.5,200,7.56438356164384,0.624743992818444
1.5,200,7.72876712328767,0.61961737094195
1.5,200,7.89315068493151,0.613902343543574
1.5,200,8.05753424657534,0.607630740283402
1.5,200,8.22191780821918,0.600721406731873
1.5,200,8.38630136986301,0.595401551605291
1.5,200,8.55068493150685,0.589720332134353
1.5,200,8.71506849315069,0.584367433143367
1.5,200,8.87945205479452,0.57992769641218
1.5,200,9.04383561643836,0.574547160073546
1.5,200,9.20821917808219,0.569662014948319
1.5,200,9.37260273972603,0.563173885438902
1.5,200,9.53698630136986,0.557438756499012
1.5,200,9.7013698630137,0.55387190869869
1.5,200,9.86575342465753,0.548777139786176
1.5,200,10.0301369863014,0.543728372438176
1.5,200,10.1945205479452,0.539755617881348
1.5,200,10.358904109589,0.535158544678492
1.5,200,10.5232876712329,0.530179839360503
1.5,200,10.6876712328767,0.526140997399478
1.5,200,10.8520547945205,0.521340057220812
1.5,200,11.0164383561644,0.517611452035832
1.5,200,11.1808219178082,0.513014075053597
1.5,200,11.3452054794521,0.509055442059431
1.5,200,11.5095890410959,0.505103455497671
1.5,200,11.6739726027397,0.500700017802603
1.5,200,11.8383561643836,0.496864830169022
1.5,200,12.0027397260274,0.493152813175113
1.5,200,12.1671232876712,0.488834041963079
1.5,200,12.3315068493151,0.484991294519633
1.5,200,12.4958904109589,0.482453003053319
1.5,200,12.6602739726027,0.478103757497299
1.5,200,12.8246575342466,0.474079374697003
1.5,200,12.9890410958904,0.469113054393024
1.5,200,13.1534246575342,0.465276537368532
1.5,200,13.3178082191781,0.461873848803971
1.5,200,13.4821917808219,0.458861800903786
1.5,200,13.6465753424658,0.455758676300284
1.5,200,13.8109589041096,0.452883025491546
1.5,200,13.9753424657534,0.448365618664923
1.5,200,14.1397260273973,0.445124311638036
1.5,200,14.3041095890411,0.44197922477669
1.5,200,14.4684931506849,0.438453961876369
1.5,200,14.6328767123288,0.436277348126854
1.5,200,14.7972602739726,0.433636191542645
1.5,200,14.9616438356164,0.430471202774083
1.5,200,15.1260273972603,0.427650234590875
1.5,200,15.2904109589041,0.424482506717143
1.5,200,15.4547945205479,0.42073202648659
1.5,200,15.6191780821918,0.418529697874747
1.5,200,15.7835616438356,0.414668371047808
1.5,200,15.9479452054795,0.409090957038521
1.5,200,16.1123287671233,0.405634653582965
1.5,200,16.2767123287671,0.401550988921913
1.5,200,16.441095890411,0.399164382592143
1.5,200,16.6054794520548,0.39547278481222
1.5,200,16.7698630136986,0.392314235894783
1.5,200,16.9342465753425,0.389922884135182
1.5,200,17.0986301369863,0.387666039003035
1.5,200,17.2630136986301,0.385109221998853
1.5,200,17.427397260274,0.382840855330533
1.5,200,17.5917808219178,0.380144759319057
1.5,200,17.7561643835616,0.37953778525315
1.5,200,17.9205479452055,0.377228183214871
1.5,200,18.0849315068493,0.37455527390566
1.5,200,18.2493150684931,0.371535671206809
1.5,200,18.413698630137,0.369128318308743
1.5,200,18.5780821917808,0.366728028593528
1.5,200,18.7424657534247,0.36396138570087
1.5,200,18.9068493150685,0.361779490460969
1.5,200,19.0712328767123,0.359782064313294
1.5,200,19.2356164383562,0.35869691339198
1.5,200,19.4,0.357197664316397
1.5,200,19.5643835616438,0.35577664259959
1.5,200,19.7287671232877,0.353774291267066
1.5,200,19.8931506849315,0.351033160772321
1.5,200,20.0575342465753,0.348750804976421
1.5,200,20.2219178082192,0.34615020177604
1.5,200,20.386301369863,0.344089106969758
1.5,200,20.5506849315069,0.342282245173184
1.5,200,20.7150684931507,0.340376492608023
1.5,200,20.8794520547945,0.337868847702118
1.5,200,21.0438356164384,0.335467303543022
1.5,200,21.2082191780822,0.33309785508294
1.5,200,21.372602739726,0.33091303907088
1.5,200,21.5369863013699,0.329091113367909
1.5,200,21.7013698630137,0.326839115954541
1.5,200,21.8657534246575,0.325225467200959
1.5,200,22.0301369863014,0.323835325062745
1.5,200,22.1945205479452,0.322530182718549
1.5,200,22.358904109589,0.319774741652367
1.5,200,22.5232876712329,0.31755299696927
1.5,200,22.6876712328767,0.316370785942804
1.5,200,22.8520547945205,0.315635263534108
1.5,200,23.0164383561644,0.314164008335076
1.5,200,23.1808219178082,0.311555694870372
1.5,200,23.3452054794521,0.309730205136074
1.5,200,23.5095890410959,0.308462751753492
1.5,200,23.6739726027397,0.306913234352605
1.5,200,23.8383561643836,0.305893028603635
1.5,200,24.0027397260274,0.30456028332648
1.5,200,24.1671232876712,0.30245508894082
1.5,200,24.3315068493151,0.301091886842437
1.5,200,24.4958904109589,0.299959221570045
1.5,200,24.6602739726027,0.299046452612132
1.5,200,24.8246575342466,0.297294477233785
1.5,200,24.9890410958904,0.295206570357507
1.5,200,25.1534246575342,0.294529584027256
1.5,200,25.3178082191781,0.292322426567154
1.5,200,25.4821917808219,0.290051896242008
1.5,200,25.6465753424658,0.287536929696196
1.5,200,25.8109589041096,0.286505646209367
1.5,200,25.9753424657534,0.285469127830511
1.5,200,26.1397260273973,0.284507364826393
1.5,200,26.3041095890411,0.282905480126099
1.5,200,26.4684931506849,0.281942936169875
1.5,200,26.6328767123288,0.280919234912149
1.5,200,26.7972602739726,0.279642018048819
1.5,200,26.9616438356164,0.278027225210636
1.5,200,27.1260273972603,0.277578845305466
1.5,200,27.2904109589041,0.276628122255902
1.5,200,27.4547945205479,0.274479428485076
1.5,200,27.6191780821918,0.272872896777392
1.5,200,27.7835616438356,0.272407935492073
1.5,200,27.9479452054795,0.270687905383324
1.5,200,28.1123287671233,0.269286698097622
1.5,200,28.2767123287671,0.267814464179136
1.5,200,28.441095890411,0.266720104643862
1.5,200,28.6054794520548,0.266228878194025
1.5,200,28.7698630136986,0.264973602708933
1.5,200,28.9342465753425,0.264052482401786
1.5,200,29.0986301369863,0.263172645222521
1.5,200,29.2630136986301,0.261617734657597
1.5,200,29.427397260274,0.260422632594255
1.5,200,29.5917808219178,0.259534668695227
1.5,200,29.7561643835616,0.259038418548769
1.5,200,29.9205479452055,0.258125426239038
1.5,200,30.0849315068493,0.256998067523834
1.5,200,30.2493150684931,0.255367964461622
1.5,200,30.413698630137,0.254274504679817
1.5,200,30.5780821917808,0.253074844214917
1.5,200,30.7424657534247,0.252232037824019
1.5,200,30.9068493150685,0.25130806619061
1.5,200,31.0712328767123,0.24993189850771
1.5,200,31.2356164383562,0.248628097221239
1.5,200,31.4,0.247874328421185
1.5,200,31.5643835616438,0.246434298239816
1.5,200,31.7287671232877,0.245709441809434
1.5,200,31.8931506849315,0.244889283722737
1.5,200,32.0575342465753,0.244282527702893
1.5,200,32.2219178082192,0.242889991188008
1.5,200,32.386301369863,0.241598530732013
1.5,200,32.5506849315069,0.240763376926647
1.5,200,32.7150684931507,0.240130415865732
1.5,200,32.8794520547945,0.239434022419067
1.5,200,33.0438356164384,0.237887733282658
1.5,200,33.2082191780822,0.237456927703562
1.5,200,33.372602739726,0.235819998023144
1.5,200,33.5369863013699,0.235137262435722
1.5,200,33.7013698630137,0.23359863752138
1.5,200,33.8657534246575,0.23279566374563
1.5,200,34.0301369863014,0.231044794189737
1.5,200,34.1945205479452,0.229932180704213
1.5,200,34.358904109589,0.228818398735157
1.5,200,34.5232876712329,0.227535474908437
1.5,200,34.6876712328767,0.226975659334092
1.5,200,34.8520547945205,0.225327311304365
1.5,200,35.0164383561644,0.224523680648871
1.5,200,35.1808219178082,0.222930058878486
1.5,200,35.3452054794521,0.222698099899331
1.5,200,35.5095890410959,0.221384807063434
1.5,200,35.6739726027397,0.220755596866542
1.5,200,35.8383561643836,0.219521848297369
1.5,200,36.0027397260274,0.218140109975009
1.5,200,36.1671232876712,0.217554180375562
1.5,200,36.3315068493151,0.216395808023856
1.5,200,36.4958904109589,0.215061873006638
1.5,200,36.6602739726027,0.214698704929514
1.5,200,36.8246575342466,0.213819494945436
1.5,200,36.9890410958904,0.212764422964872
1.5,200,37.1534246575342,0.212149041560504
1.5,200,37.3178082191781,0.210583458097258
1.5,200,37.4821917808219,0.209208819468526
1.5,200,37.6465753424658,0.208655498586956
1.5,200,37.8109589041096,0.208060320863013
1.5,200,37.9753424657534,0.207400935611966
1.5,200,38.1397260273973,0.206809876119184
1.5,200,38.3041095890411,0.206274380972819
1.5,200,38.4684931506849,0.204666029413119
1.5,200,38.6328767123288,0.204026183796141
1.5,200,38.7972602739726,0.203464757953962
1.5,200,38.9616438356164,0.202917449776496
1.5,200,39.1260273972603,0.202200146208155
1.5,200,39.2904109589041,0.201638084002696
1.5,200,39.4547945205479,0.200874772280967
1.5,200,39.6191780821918,0.200233307349109
1.5,200,39.7835616438356,0.199405186475846
1.5,200,39.9479452054794,0.198577988745577
1.5,200,40.1123287671233,0.197696664607982
1.5,200,40.2767123287671,0.196637264640897
1.5,200,40.441095890411,0.195487084013709
1.5,200,40.6054794520548,0.194908258673924
1.5,200,40.7698630136986,0.193477879643667
1.5,200,40.9342465753425,0.19316126427018
1.5,200,41.0986301369863,0.192356961887858
1.5,200,41.2630136986301,0.191885658800467
1.5,200,41.427397260274,0.191840471528938
1.5,200,41.5917808219178,0.191150247893986
1.5,200,41.7561643835616,0.190411350850378
1.5,200,41.9205479452055,0.189752352903742
1.5,200,42.0849315068493,0.188848832324588
1.5,200,42.2493150684932,0.188344683432644
1.5,200,42.413698630137,0.187900118064734
1.5,200,42.5780821917808,0.187999951025813
1.5,200,42.7424657534247,0.18784868268024
1.5,200,42.9068493150685,0.187236895984019
1.5,200,43.0712328767123,0.187243368611565
1.5,200,43.2356164383562,0.185971457978886
1.5,200,43.4,0.184982669246947
1.5,200,43.5643835616438,0.184055600843154
1.5,200,43.7287671232877,0.182749438809941
1.5,200,43.8931506849315,0.181845332553327
1.5,200,44.0575342465753,0.181487459144458
1.5,200,44.2219178082192,0.180315288907694
1.5,200,44.386301369863,0.180204784203689
1.5,200,44.5506849315069,0.179250299031422
1.5,200,44.7150684931507,0.178054280069986
1.5,200,44.8794520547945,0.176745166002828
1.5,200,45.0438356164384,0.176215619434661
1.5,200,45.2082191780822,0.174727351306778
1.5,200,45.372602739726,0.174538171799078
1.5,200,45.5369863013699,0.17333492914944
1.5,200,45.7013698630137,0.172945010851595
1.5,200,45.8657534246575,0.172387574122613
1.5,200,46.0301369863014,0.172066184363905
1.5,200,46.1945205479452,0.171464866350833
1.5,200,46.358904109589,0.171356339351023
1.5,200,46.5232876712329,0.170677682575076
1.5,200,46.6876712328767,0.170149888323046
1.5,200,46.8520547945205,0.170052413414807
1.5,200,47.0164383561644,0.168858004822985
1.5,200,47.1808219178082,0.168249215553481
1.5,200,47.3452054794521,0.167589388512079
1.5,200,47.5095890410959,0.166766560896818
1.5,200,47.6739726027397,0.165688821574503
1.5,200,47.8383561643836,0.165097183801024
1.5,200,48.0027397260274,0.164579852841647
1.5,200,48.1671232876712,0.163543913739221
1.5,200,48.3315068493151,0.162657659408137
1.5,200,48.4958904109589,0.161974480632656
1.5,200,48.6602739726027,0.160807780566782
1.5,200,48.8246575342466,0.160042488610775
1.5,200,48.9890410958904,0.159474614439558
1.5,200,49.1534246575342,0.15891739659724
1.5,200,49.3178082191781,0.159075614728138
1.5,200,49.4821917808219,0.158427652211278
1.5,200,49.6465753424658,0.157581051968747
1.5,200,49.8109589041096,0.157454547660719
1.5,200,49.9753424657534,0.156862227776268
2,10,0.00273972602739726,0.999989899612246
2,10,0.167123287671233,1.00405439664764
2,10,0.331506849315069,1.00276250453037
2,10,0.495890410958904,0.994243360567478
2,10,0.66027397260274,0.986743623403574
2,10,0.824657534246575,0.977189646122638
2,10,0.989041095890411,0.969427992321855
2,10,1.15342465753425,0.959633366206004
2,10,1.31780821917808,0.94784643113613
2,10,1.48219178082192,0.938041543817273
2,10,1.64657534246575,0.929430552524496
2,10,1.81095890410959,0.9166690968071
2,10,1.97534246575342,0.905127910404979
2,10,2.13972602739726,0.889639006198203
2,10,2.3041095890411,0.873408076045851
2,10,2.46849315068493,0.867516601573468
2,10,2.63287671232877,0.86354796888136
2,10,2.7972602739726,0.846548807739759
2,10,2.96164383561644,0.833379590079487
2,10,3.12602739726027,0.830935881047095
2,10,3.29041095890411,0.82514260369371
2,10,3.45479452054795,0.820624098737693
2,10,3.61917808219178,0.812050454056611
2,10,3.78356164383562,0.806265227761045
2,10,3.94794520547945,0.794767602267185
2,10,4.11232876712329,0.783661899331428
2,10,4.27671232876712,0.779542282499476
2,10,4.44109589041096,0.772263833944385
2,10,4.60547945205479,0.764692911335381
2,10,4.76986301369863,0.753281107960667
2,10,4.93424657534247,0.745521138150565
2,10,5.0986301369863,0.741001716039887
2,10,5.26301369863014,0.737329105175492
2,10,5.42739726027397,0.731497421964527
2,10,5.59178082191781,0.726456940350357
2,10,5.75616438356164,0.72519996168838
2,10,5.92054794520548,0.714274048800179
2,10,6.08493150684932,0.711622950558707
2,10,6.24931506849315,0.705463729386271
2,10,6.41369863013699,0.700900477134995
2,10,6.57808219178082,0.691358157806306
2,10,6.74246575342466,0.682106612610031
2,10,6.90684931506849,0.677761836928641
2,10,7.07123287671233,0.671793235597113
2,10,7.23561643835616,0.66392041338219
2,10,7.4,0.654861344558801
2,10,7.56438356164384,0.654591496701596
2,10,7.72876712328767,0.652952361064755
2,10,7.89315068493151,0.64766607644789
2,10,8.05753424657534,0.644654861779534
2,10,8.22191780821918,0.63957745286286
2,10,8.38630136986301,0.628610012722434
2,10,8.55068493150685,0.625435904784998
2,10,8.71506849315069,0.620767117279738
2,10,8.87945205479452,0.615037865792272
2,10,9.04383561643836,0.608935957338405
2,10,9.20821917808219,0.605663313384369
2,10,9.37260273972603,0.595298572078843
2,10,9.53698630136986,0.592403002550674
2,10,9.7013698630137,0.589207117706036
2,10,9.86575342465753,0.58312253490579
2,10,10.0301369863014,0.580442887765074
2,10,10.1945205479452,0.576670069693202
2,10,10.358904109589,0.570672068976302
2,10,10.5232876712329,0.563856934735579
2,10,10.6876712328767,0.554423425254942
2,10,10.8520547945205,0.547549047112422
2,10,11.0164383561644,0.545670372528866
2,10,11.1808219178082,0.541662107639628
2,10,11.3452054794521,0.540398845941064
2,10,11.5095890410959,0.537879355643364
2,10,11.6739726027397,0.531519020282826
2,10,11.8383561643836,0.529039450845409
2,10,12.0027397260274,0.524186300928859
2,10,12.1671232876712,0.52158917762545
2,10,12.3315068493151,0.524283934343961
2,10,12.4958904109589,0.519585817794381
2,10,12.6602739726027,0.514874698499975
2,10,12.8246575342466,0.50663927467372
2,10,12.9890410958904,0.504883762433966
2,10,13.1534246575342,0.502649500462952
2,10,13.3178082191781,0.495675969818352
2,10,13.4821917808219,0.488489687629641
2,10,13.6465753424658,0.484994829981176
2,10,13.8109589041096,0.475623780863351
2,10,13.9753424657534,0.471570063481176
2,10,14.1397260273973,0.466781679014202
2,10,14.3041095890411,0.46679981609639
2,10,14.4684931506849,0.462911605236305
2,10,14.6328767123288,0.457500408707114
2,10,14.7972602739726,0.450862295004419
2,10,14.9616438356164,0.446215929832653
2,10,15.1260273972603,0.438672724775517
2,10,15.2904109589041,0.428146868125795
2,10,15.4547945205479,0.428743565939212
2,10,15.6191780821918,0.428144921866966
2,10,15.7835616438356,0.421596855557562
2,10,15.9479452054795,0.421752999708703
2,10,16.1123287671233,0.424742258192946
2,10,16.2767123287671,0.421140477981811
2,10,16.441095890411,0.416901002368925
2,10,16.6054794520548,0.417271534031442
2,10,16.7698630136986,0.416202461289253
2,10,16.9342465753425,0.410127108693853
2,10,17.0986301369863,0.405514050510142
2,10,17.2630136986301,0.403631685412863
2,10,17.427397260274,0.403704172113289
2,10,17.5917808219178,0.402310629701835
2,10,17.7561643835616,0.398620950711261
2,10,17.9205479452055,0.40178782455537
2,10,18.0849315068493,0.399161903420614
2,10,18.2493150684931,0.401008638690177
2,10,18.413698630137,0.396888266505437
2,10,18.5780821917808,0.39781065124193
2,10,18.7424657534247,0.398457004560695
2,10,18.9068493150685,0.39538989078095
2,10,19.0712328767123,0.397130163404126
2,10,19.2356164383562,0.396357927794288
2,10,19.4,0.394934675014182
2,10,19.5643835616438,0.38979342272662
2,10,19.7287671232877,0.38891230055004
2,10,19.8931506849315,0.386072538426938
2,10,20.0575342465753,0.379768345405683
2,10,20.2219178082192,0.375502070321962
2,10,20.386301369863,0.374441787238179
2,10,20.5506849315069,0.368670499411883
2,10,20.7150684931507,0.362238541356941
2,10,20.8794520547945,0.364375347925168
2,10,21.0438356164384,0.362919615070699
2,10,21.2082191780822,0.355871441229343
2,10,21.372602739726,0.357651175473647
2,10,21.5369863013699,0.357773543826626
2,10,21.7013698630137,0.356246631835328
2,10,21.8657534246575,0.356461552385962
2,10,22.0301369863014,0.352961089141359
2,10,22.1945205479452,0.34914089286454
2,10,22.358904109589,0.344394162081529
2,10,22.5232876712329,0.337071838781554
2,10,22.6876712328767,0.336400035757725
2,10,22.8520547945205,0.335490426094614
2,10,23.0164383561644,0.331927595193197
2,10,23.1808219178082,0.330397116207728
2,10,23.3452054794521,0.328555261888161
2,10,23.5095890410959,0.322928196831295
2,10,23.6739726027397,0.322709216838718
2,10,23.8383561643836,0.324482014958195
2,10,24.0027397260274,0.322902452560099
2,10,24.1671232876712,0.322122426253621
2,10,24.3315068493151,0.316361245405513
2,10,24.4958904109589,0.313602103582121
2,10,24.6602739726027,0.3144181682755
2,10,24.8246575342466,0.31322318087834
2,10,24.9890410958904,0.308612666546599
2,10,25.1534246575342,0.305373256253766
2,10,25.3178082191781,0.298714557507353
2,10,25.4821917808219,0.298521078753586
2,10,25.6465753424658,0.2961058179157
2,10,25.8109589041096,0.291323422508454
2,10,25.9753424657534,0.290811504619843
2,10,26.1397260273973,0.286350124379732
2,10,26.3041095890411,0.278687159957404
2,10,26.4684931506849,0.279040937548744
2,10,26.6328767123288,0.274006525489208
2,10,26.7972602739726,0.272678724027127
2,10,26.9616438356164,0.272724644728025
2,10,27.1260273972603,0.268917225076999
2,10,27.2904109589041,0.267844490852074
2,10,27.4547945205479,0.267278139922898
2,10,27.6191780821918,0.265812992938205
2,10,27.7835616438356,0.260788785748146
2,10,27.9479452054795,0.25842807740804
2,10,28.1123287671233,0.258110983756501
2,10,28.2767123287671,0.254970910737564
2,10,28.441095890411,0.248894206327459
2,10,28.6054794520548,0.248781712747694
2,10,28.7698630136986,0.250221133483241
2,10,28.9342465753425,0.247600604912001
2,10,29.0986301369863,0.245225765962636
2,10,29.2630136986301,0.24336945813012
2,10,29.427397260274,0.240968157046727
2,10,29.5917808219178,0.239600265549
2,10,29.7561643835616,0.240499571909358
2,10,29.9205479452055,0.241368313835012
2,10,30.0849315068493,0.240831830808772
2,10,30.2493150684931,0.238219443133584
2,10,30.413698630137,0.234692429685898
2,10,30.5780821917808,0.238071572223414
2,10,30.7424657534247,0.233193961679022
2,10,30.9068493150685,0.232656611967141
2,10,31.0712328767123,0.229546168019262
2,10,31.2356164383562,0.227240699134332
2,10,31.4,0.228997664583135
2,10,31.5643835616438,0.225181208325484
2,10,31.7287671232877,0.226591767874656
2,10,31.8931506849315,0.225517082558148
2,10,32.0575342465753,0.224955131120726
2,10,32.2219178082192,0.224597872301993
2,10,32.386301369863,0.22804893442019
2,10,32.5506849315069,0.227478780143346
2,10,32.7150684931507,0.228185788823009
2,10,32.8794520547945,0.225140487418397
2,10,33.0438356164384,0.223039092703631
2,10,33.2082191780822,0.218831252708607
2,10,33.372602739726,0.216264894616462
2,10,33.5369863013699,0.209702590044044
2,10,33.7013698630137,0.209308731495616
2,10,33.8657534246575,0.210128251945668
2,10,34.0301369863014,0.214734675185431
2,10,34.1945205479452,0.209082135707262
2,10,34.358904109589,0.206572408757195
2,10,34.5232876712329,0.200544921874941
2,10,34.6876712328767,0.202167611511485
2,10,34.8520547945205,0.200055166857895
2,10,35.0164383561644,0.201017920238453
2,10,35.1808219178082,0.199159310034022
2,10,35.3452054794521,0.195088523308716
2,10,35.5095890410959,0.194997496598573
2,10,35.6739726027397,0.191959261870766
2,10,35.8383561643836,0.190462409589126
2,10,36.0027397260274,0.18822891463646
2,10,36.1671232876712,0.185744579815841
2,10,36.3315068493151,0.182963128544866
2,10,36.4958904109589,0.178026539507497
2,10,36.6602739726027,0.177180071861179
2,10,36.8246575342466,0.179185334379629
2,10,36.9890410958904,0.180012655641303
2,10,37.1534246575342,0.177928124500822
2,10,37.3178082191781,0.176967685677586
2,10,37.4821917808219,0.176753029833074
2,10,37.6465753424658,0.176199950139908
2,10,37.8109589041096,0.174555003359039
2,10,37.9753424657534,0.174853338320512
2,10,38.1397260273973,0.17007938043025
2,10,38.3041095890411,0.16664427285371
2,10,38.4684931506849,0.167172074898216
2,10,38.6328767123288,0.169598793216532
2,10,38.7972602739726,0.169362667031753
2,10,38.9616438356164,0.168757082746813
2,10,39.1260273972603,0.166216768134687
2,10,39.2904109589041,0.171187183596131
2,10,39.4547945205479,0.169995110921449
2,10,39.6191780821918,0.168592011097549
2,10,39.7835616438356,0.168871793359544
2,10,39.9479452054794,0.165120661822996
2,10,40.1123287671233,0.163747433810996
2,10,40.2767123287671,0.162686958482078
2,10,40.441095890411,0.162630180103894
2,10,40.6054794520548,0.158156367612764
2,10,40.7698630136986,0.15672226317519
2,10,40.9342465753425,0.153138543495662
2,10,41.0986301369863,0.152053360052417
2,10,41.2630136986301,0.150698969069599
2,10,41.427397260274,0.14810320160778
2,10,41.5917808219178,0.148905535762608
2,10,41.7561643835616,0.14933368204222
2,10,41.9205479452055,0.151569492985502
2,10,42.0849315068493,0.151459373752993
2,10,42.2493150684932,0.156831143560206
2,10,42.413698630137,0.156211781583276
2,10,42.5780821917808,0.154022754809426
2,10,42.7424657534247,0.151147515476438
2,10,42.9068493150685,0.150756113004531
2,10,43.0712328767123,0.147949833049443
2,10,43.2356164383562,0.147392380825189
2,10,43.4,0.145823716945363
2,10,43.5643835616438,0.142227609257092
2,10,43.7287671232877,0.142190711659295
2,10,43.8931506849315,0.13996744333198
2,10,44.0575342465753,0.136892338574035
2,10,44.2219178082192,0.13604616942863
2,10,44.386301369863,0.134701071991295
2,10,44.5506849315069,0.13036112428751
2,10,44.7150684931507,0.129048007066345
2,10,44.8794520547945,0.128860827656235
2,10,45.0438356164384,0.127755500483433
2,10,45.2082191780822,0.125527985878957
2,10,45.372602739726,0.125596763907664
2,10,45.5369863013699,0.12442608234546
2,10,45.7013698630137,0.121136868297514
2,10,45.8657534246575,0.119862485358081
2,10,46.0301369863014,0.116511299365491
2,10,46.1945205479452,0.111673257489168
2,10,46.358904109589,0.110945115842062
2,10,46.5232876712329,0.110586320143632
2,10,46.6876712328767,0.108207176955077
2,10,46.8520547945205,0.109273254446437
2,10,47.0164383561644,0.111552229611374
2,10,47.1808219178082,0.111328188500846
2,10,47.3452054794521,0.112064594830128
2,10,47.5095890410959,0.106305248741016
2,10,47.6739726027397,0.105918928021499
2,10,47.8383561643836,0.106253287976286
2,10,48.0027397260274,0.103211484344889
2,10,48.1671232876712,0.105715080584941
2,10,48.3315068493151,0.10517968775951
2,10,48.4958904109589,0.103647635137073
2,10,48.6602739726027,0.102959292124397
2,10,48.8246575342466,0.102900910422353
2,10,48.9890410958904,0.103611993292494
2,10,49.1534246575342,0.102554409362976
2,10,49.3178082191781,0.102408651956969
2,10,49.4821917808219,0.10240246637338
2,10,49.6465753424658,0.101653945763337
2,10,49.8109589041096,0.0972534621822644
2,10,49.9753424657534,0.0993570440368459
2,20,0.00273972602739726,0.999411713683058
2,20,0.167123287671233,0.995125419587964
2,20,0.331506849315069,0.994592432902804
2,20,0.495890410958904,0.988676597563337
2,20,0.66027397260274,0.986683066770681
2,20,0.824657534246575,0.980514622623032
2,20,0.989041095890411,0.972900809636694
2,20,1.15342465753425,0.964988866748644
2,20,1.31780821917808,0.953851259617566
2,20,1.48219178082192,0.943991478047429
2,20,1.64657534246575,0.932854572286219
2,20,1.81095890410959,0.915157441814472
2,20,1.97534246575342,0.903962520878281
2,20,2.13972602739726,0.894812812883534
2,20,2.3041095890411,0.889328901328834
2,20,2.46849315068493,0.876842072745833
2,20,2.63287671232877,0.873406721836973
2,20,2.7972602739726,0.860942264945072
2,20,2.96164383561644,0.854215969075178
2,20,3.12602739726027,0.84559097085122
2,20,3.29041095890411,0.836933310709511
2,20,3.45479452054795,0.826214720122164
2,20,3.61917808219178,0.819837600149787
2,20,3.78356164383562,0.81002912442223
2,20,3.94794520547945,0.803813689222384
2,20,4.11232876712329,0.796549214767185
2,20,4.27671232876712,0.790690237075024
2,20,4.44109589041096,0.782053097634411
2,20,4.60547945205479,0.778410135860763
2,20,4.76986301369863,0.773028897557839
2,20,4.93424657534247,0.760401997444884
2,20,5.0986301369863,0.755559694005034
2,20,5.26301369863014,0.746262065326373
2,20,5.42739726027397,0.735137371645272
2,20,5.59178082191781,0.727662188268834
2,20,5.75616438356164,0.720704346065852
2,20,5.92054794520548,0.710036421658056
2,20,6.08493150684932,0.700710425487346
2,20,6.24931506849315,0.696705378047573
2,20,6.41369863013699,0.6881751998239
2,20,6.57808219178082,0.680535216451529
2,20,6.74246575342466,0.66943956466529
2,20,6.90684931506849,0.662237559822353
2,20,7.07123287671233,0.656278162233253
2,20,7.23561643835616,0.651871690108
2,20,7.4,0.645254867906619
2,20,7.56438356164384,0.640863704515918
2,20,7.72876712328767,0.636186844443714
2,20,7.89315068493151,0.629126044730793
2,20,8.05753424657534,0.622163060399627
2,20,8.22191780821918,0.618310352393576
2,20,8.38630136986301,0.61192855117393
2,20,8.55068493150685,0.604331771960626
2,20,8.71506849315069,0.599660176496395
2,20,8.87945205479452,0.591844584951522
2,20,9.04383561643836,0.585939976976189
2,20,9.20821917808219,0.584834288836347
2,20,9.37260273972603,0.58055385920141
2,20,9.53698630136986,0.574185546363149
2,20,9.7013698630137,0.5690647457963
2,20,9.86575342465753,0.563434292617639
2,20,10.0301369863014,0.559617090398349
2,20,10.1945205479452,0.551839175290176
2,20,10.358904109589,0.545992685679243
2,20,10.5232876712329,0.540919647957196
2,20,10.6876712328767,0.53472723536171
2,20,10.8520547945205,0.52732512098805
2,20,11.0164383561644,0.523948618955705
2,20,11.1808219178082,0.51938155897044
2,20,11.3452054794521,0.515140821527303
2,20,11.5095890410959,0.509159028385906
2,20,11.6739726027397,0.506581990607286
2,20,11.8383561643836,0.502070005246221
2,20,12.0027397260274,0.500017101250596
2,20,12.1671232876712,0.498025516992597
2,20,12.3315068493151,0.494975666677341
2,20,12.4958904109589,0.488612547906263
2,20,12.6602739726027,0.485700581703906
2,20,12.8246575342466,0.483119380888299
2,20,12.9890410958904,0.480148332807794
2,20,13.1534246575342,0.474121289762192
2,20,13.3178082191781,0.47035866807918
2,20,13.4821917808219,0.469209359395897
2,20,13.6465753424658,0.466514700839553
2,20,13.8109589041096,0.461768306836334
2,20,13.9753424657534,0.457823988127935
2,20,14.1397260273973,0.452723322849715
2,20,14.3041095890411,0.453241293779521
2,20,14.4684931506849,0.452644042815493
2,20,14.6328767123288,0.449506111683734
2,20,14.7972602739726,0.447974936544853
2,20,14.9616438356164,0.442231289521729
2,20,15.1260273972603,0.441292104050782
2,20,15.2904109589041,0.436643078843267
2,20,15.4547945205479,0.436461122123244
2,20,15.6191780821918,0.435512137413499
2,20,15.7835616438356,0.432772435934558
2,20,15.9479452054795,0.42864348267156
2,20,16.1123287671233,0.425934835345261
2,20,16.2767123287671,0.423671720457618
2,20,16.441095890411,0.422334146815527
2,20,16.6054794520548,0.417152911608604
2,20,16.7698630136986,0.412883014268578
2,20,16.9342465753425,0.411597113763807
2,20,17.0986301369863,0.408928432621826
2,20,17.2630136986301,0.407712182166047
2,20,17.427397260274,0.406530678200345
2,20,17.5917808219178,0.404129369270638
2,20,17.7561643835616,0.402616413398169
2,20,17.9205479452055,0.399803090715484
2,20,18.0849315068493,0.394485688160396
2,20,18.2493150684931,0.392664994544778
2,20,18.413698630137,0.38864514016205
2,20,18.5780821917808,0.383658786766307
2,20,18.7424657534247,0.378512789842784
2,20,18.9068493150685,0.377478992446646
2,20,19.0712328767123,0.374659506685524
2,20,19.2356164383562,0.372546752042394
2,20,19.4,0.372038961196375
2,20,19.5643835616438,0.37150157354366
2,20,19.7287671232877,0.366528817348745
2,20,19.8931506849315,0.363031735390913
2,20,20.0575342465753,0.361489991179533
2,20,20.2219178082192,0.359876347414435
2,20,20.386301369863,0.36108843190744
2,20,20.5506849315069,0.35920075599451
2,20,20.7150684931507,0.357934225812366
2,20,20.8794520547945,0.355503312133477
2,20,21.0438356164384,0.354556158679575
2,20,21.2082191780822,0.355094817049475
2,20,21.372602739726,0.351529262295301
2,20,21.5369863013699,0.350526749106996
2,20,21.7013698630137,0.34872539564466
2,20,21.8657534246575,0.346436877045045
2,20,22.0301369863014,0.345226567732033
2,20,22.1945205479452,0.337725580698492
2,20,22.358904109589,0.335627228693843
2,20,22.5232876712329,0.332678097860255
2,20,22.6876712328767,0.332666032208318
2,20,22.8520547945205,0.330877735401863
2,20,23.0164383561644,0.330008272605098
2,20,23.1808219178082,0.328294560158261
2,20,23.3452054794521,0.325114379667891
2,20,23.5095890410959,0.321495710322415
2,20,23.6739726027397,0.318653547915012
2,20,23.8383561643836,0.31829624269361
2,20,24.0027397260274,0.319292387417741
2,20,24.1671232876712,0.321273911759126
2,20,24.3315068493151,0.320398944343335
2,20,24.4958904109589,0.317446101989078
2,20,24.6602739726027,0.312422884440411
2,20,24.8246575342466,0.308695500304811
2,20,24.9890410958904,0.306978539113587
2,20,25.1534246575342,0.308319394375023
2,20,25.3178082191781,0.308487977376467
2,20,25.4821917808219,0.306069427248191
2,20,25.6465753424658,0.306337666766323
2,20,25.8109589041096,0.305458443304381
2,20,25.9753424657534,0.30224792796128
2,20,26.1397260273973,0.299052894037889
2,20,26.3041095890411,0.295665103459767
2,20,26.4684931506849,0.290472272019814
2,20,26.6328767123288,0.290576751762689
2,20,26.7972602739726,0.286512654875846
2,20,26.9616438356164,0.284096779523139
2,20,27.1260273972603,0.281338513786232
2,20,27.2904109589041,0.280185945756393
2,20,27.4547945205479,0.27780908851658
2,20,27.6191780821918,0.276129550033171
2,20,27.7835616438356,0.273031808547124
2,20,27.9479452054795,0.273217587725728
2,20,28.1123287671233,0.273165426905349
2,20,28.2767123287671,0.271671614266708
2,20,28.441095890411,0.267609118580867
2,20,28.6054794520548,0.265127271289209
2,20,28.7698630136986,0.262951407636174
2,20,28.9342465753425,0.261205728927264
2,20,29.0986301369863,0.259421242920644
2,20,29.2630136986301,0.258374076270705
2,20,29.427397260274,0.257633428514603
2,20,29.5917808219178,0.255401632448098
2,20,29.7561643835616,0.2559766510659
2,20,29.9205479452055,0.253421368983444
2,20,30.0849315068493,0.253020827995474
2,20,30.2493150684931,0.251932686423897
2,20,30.413698630137,0.250457811740971
2,20,30.5780821917808,0.249833674578845
2,20,30.7424657534247,0.250028888085661
2,20,30.9068493150685,0.248757407367675
2,20,31.0712328767123,0.245957007016283
2,20,31.2356164383562,0.245384458786755
2,20,31.4,0.243804641339016
2,20,31.5643835616438,0.242056899564104
2,20,31.7287671232877,0.241287466363849
2,20,31.8931506849315,0.2390962110304
2,20,32.0575342465753,0.23852987126616
2,20,32.2219178082192,0.237924933006611
2,20,32.386301369863,0.236307385484261
2,20,32.5506849315069,0.233705084393899
2,20,32.7150684931507,0.231693734809499
2,20,32.8794520547945,0.231335495705133
2,20,33.0438356164384,0.228807865106963
2,20,33.2082191780822,0.226497081978316
2,20,33.372602739726,0.225325722010106
2,20,33.5369863013699,0.221849908735901
2,20,33.7013698630137,0.222351662713835
2,20,33.8657534246575,0.2236870392455
2,20,34.0301369863014,0.223439145182665
2,20,34.1945205479452,0.222004399096312
2,20,34.358904109589,0.21800964605192
2,20,34.5232876712329,0.216898638338542
2,20,34.6876712328767,0.216518065513972
2,20,34.8520547945205,0.215760593749188
2,20,35.0164383561644,0.213104026621902
2,20,35.1808219178082,0.212517746140743
2,20,35.3452054794521,0.211939617066722
2,20,35.5095890410959,0.210353318616974
2,20,35.6739726027397,0.209658705087223
2,20,35.8383561643836,0.209849320610644
2,20,36.0027397260274,0.209690354271447
2,20,36.1671232876712,0.208039147986423
2,20,36.3315068493151,0.20510694580549
2,20,36.4958904109589,0.20420364242199
2,20,36.6602739726027,0.204418891997026
2,20,36.8246575342466,0.204936961129767
2,20,36.9890410958904,0.203317619350996
2,20,37.1534246575342,0.202387380484111
2,20,37.3178082191781,0.202406012148998
2,20,37.4821917808219,0.202170242283709
2,20,37.6465753424658,0.200552553699694
2,20,37.8109589041096,0.198796990370156
2,20,37.9753424657534,0.197373884084895
2,20,38.1397260273973,0.197560892430791
2,20,38.3041095890411,0.19537984701733
2,20,38.4684931506849,0.193650719225461
2,20,38.6328767123288,0.192454111704961
2,20,38.7972602739726,0.191810027341745
2,20,38.9616438356164,0.19049643893559
2,20,39.1260273972603,0.189862582695703
2,20,39.2904109589041,0.189098777926801
2,20,39.4547945205479,0.188240967352401
2,20,39.6191780821918,0.187131250089419
2,20,39.7835616438356,0.185116940158667
2,20,39.9479452054794,0.182586239886819
2,20,40.1123287671233,0.181015813024408
2,20,40.2767123287671,0.182082180683571
2,20,40.441095890411,0.182689170106779
2,20,40.6054794520548,0.181593953329634
2,20,40.7698630136986,0.180429214009213
2,20,40.9342465753425,0.179575934170905
2,20,41.0986301369863,0.177808089428877
2,20,41.2630136986301,0.175176342860402
2,20,41.427397260274,0.174572754269382
2,20,41.5917808219178,0.174649710034358
2,20,41.7561643835616,0.175237891026938
2,20,41.9205479452055,0.174448988023252
2,20,42.0849315068493,0.173991474410923
2,20,42.2493150684932,0.172588369182018
2,20,42.413698630137,0.170866049007072
2,20,42.5780821917808,0.169244093137396
2,20,42.7424657534247,0.166469693679292
2,20,42.9068493150685,0.166300065998065
2,20,43.0712328767123,0.166100653050232
2,20,43.2356164383562,0.165403931060857
2,20,43.4,0.164733804026421
2,20,43.5643835616438,0.162316551810377
2,20,43.7287671232877,0.162125197470822
2,20,43.8931506849315,0.162535585206894
2,20,44.0575342465753,0.161959248035852
2,20,44.2219178082192,0.160232785181945
2,20,44.386301369863,0.158077623674575
2,20,44.5506849315069,0.158772568003552
2,20,44.7150684931507,0.159718969103782
2,20,44.8794520547945,0.15806301353127
2,20,45.0438356164384,0.157647189533894
2,20,45.2082191780822,0.15723757078827
2,20,45.372602739726,0.156566102910651
2,20,45.5369863013699,0.156673038611215
2,20,45.7013698630137,0.156377083120341
2,20,45.8657534246575,0.1545586283318
2,20,46.0301369863014,0.15170659483118
2,20,46.1945205479452,0.149938400458409
2,20,46.358904109589,0.149363185216844
2,20,46.5232876712329,0.148736233420679
2,20,46.6876712328767,0.148491355471117
2,20,46.8520547945205,0.146091751577671
2,20,47.0164383561644,0.144480926385747
2,20,47.1808219178082,0.143286524012001
2,20,47.3452054794521,0.141963479758239
2,20,47.5095890410959,0.138790259494162
2,20,47.6739726027397,0.138305245893784
2,20,47.8383561643836,0.137785565613538
2,20,48.0027397260274,0.13689314875142
2,20,48.1671232876712,0.137359303583914
2,20,48.3315068493151,0.135029282611406
2,20,48.4958904109589,0.134884536102504
2,20,48.6602739726027,0.134203876998172
2,20,48.8246575342466,0.13314837995238
2,20,48.9890410958904,0.131714777599789
2,20,49.1534246575342,0.130458894681583
2,20,49.3178082191781,0.129536692556259
2,20,49.4821917808219,0.128940440448775
2,20,49.6465753424658,0.127823467102597
2,20,49.8109589041096,0.127837371850201
2,20,49.9753424657534,0.127270732884919
2,50,0.00273972602739726,1.00027633516247
2,50,0.167123287671233,1.00014061967764
2,50,0.331506849315069,0.998596291756886
2,50,0.495890410958904,0.991096526241953
2,50,0.66027397260274,0.98209550839805
2,50,0.824657534246575,0.977335291059808
2,50,0.989041095890411,0.969606954656953
2,50,1.15342465753425,0.958564510301849
2,50,1.31780821917808,0.947660790360678
2,50,1.48219178082192,0.934822505569418
2,50,1.64657534246575,0.9213005257847
2,50,1.81095890410959,0.90748211544284
2,50,1.97534246575342,0.897638309181093
2,50,2.13972602739726,0.883037230519644
2,50,2.3041095890411,0.874065666592143
2,50,2.46849315068493,0.864518864433233
2,50,2.63287671232877,0.85690407623487
2,50,2.7972602739726,0.845835068619753
2,50,2.96164383561644,0.836421069834774
2,50,3.12602739726027,0.827677273075873
2,50,3.29041095890411,0.819013658934201
2,50,3.45479452054795,0.807931494950905
2,50,3.61917808219178,0.7972188560989
2,50,3.78356164383562,0.788160381974858
2,50,3.94794520547945,0.781439879508519
2,50,4.11232876712329,0.772792138526676
2,50,4.27671232876712,0.764994100934395
2,50,4.44109589041096,0.757137365406026
2,50,4.60547945205479,0.748619449303483
2,50,4.76986301369863,0.742980465187194
2,50,4.93424657534247,0.732971310427056
2,50,5.0986301369863,0.725448212565866
2,50,5.26301369863014,0.718128939311657
2,50,5.42739726027397,0.7103128255983
2,50,5.59178082191781,0.701397564409184
2,50,5.75616438356164,0.69844770177333
2,50,5.92054794520548,0.693884869908793
2,50,6.08493150684932,0.684382011717052
2,50,6.24931506849315,0.677668655854204
2,50,6.41369863013699,0.67089826875427
2,50,6.57808219178082,0.665302117441685
2,50,6.74246575342466,0.658277287243242
2,50,6.90684931506849,0.651798676050379
2,50,7.07123287671233,0.648660064429896
2,50,7.23561643835616,0.642969578789964
2,50,7.4,0.636679400760736
2,50,7.56438356164384,0.628614793705232
2,50,7.72876712328767,0.622939313101235
2,50,7.89315068493151,0.617049351807479
2,50,8.05753424657534,0.614857656501489
2,50,8.22191780821918,0.609280127441895
2,50,8.38630136986301,0.603346315640529
2,50,8.55068493150685,0.599982578751756
2,50,8.71506849315069,0.594997031152583
2,50,8.87945205479452,0.589907561151803
2,50,9.04383561643836,0.584994181784661
2,50,9.20821917808219,0.583340196856165
2,50,9.37260273972603,0.581014470063269
2,50,9.53698630136986,0.576310592656581
2,50,9.7013698630137,0.573620423065889
2,50,9.86575342465753,0.567571479078672
2,50,10.0301369863014,0.564828158321113
2,50,10.1945205479452,0.563543865595187
2,50,10.358904109589,0.558539449905356
2,50,10.5232876712329,0.55393854651777
2,50,10.6876712328767,0.549822759137823
2,50,10.8520547945205,0.545498929187287
2,50,11.0164383561644,0.540482694467429
2,50,11.1808219178082,0.536086055767743
2,50,11.3452054794521,0.533780214173252
2,50,11.5095890410959,0.530541057116242
2,50,11.6739726027397,0.52879731129976
2,50,11.8383561643836,0.526014753667386
2,50,12.0027397260274,0.522980873048566
2,50,12.1671232876712,0.518567678127037
2,50,12.3315068493151,0.51503180992521
2,50,12.4958904109589,0.511338336505117
2,50,12.6602739726027,0.508798747865342
2,50,12.8246575342466,0.505845956130862
2,50,12.9890410958904,0.503340895199255
2,50,13.1534246575342,0.501661049626024
2,50,13.3178082191781,0.499483576250759
2,50,13.4821917808219,0.49824496151535
2,50,13.6465753424658,0.493213547969142
2,50,13.8109589041096,0.490421684875938
2,50,13.9753424657534,0.488733809318841
2,50,14.1397260273973,0.486534638778179
2,50,14.3041095890411,0.485468325032308
2,50,14.4684931506849,0.483073018852457
2,50,14.6328767123288,0.480762773522011
2,50,14.7972602739726,0.477547132775472
2,50,14.9616438356164,0.474815631090357
2,50,15.1260273972603,0.472162986918183
2,50,15.2904109589041,0.466834409774954
2,50,15.4547945205479,0.465248403471285
2,50,15.6191780821918,0.462715194064038
2,50,15.7835616438356,0.459865087517584
2,50,15.9479452054795,0.456908882676562
2,50,16.1123287671233,0.453971048374095
2,50,16.2767123287671,0.45196733759787
2,50,16.441095890411,0.451946711035735
2,50,16.6054794520548,0.448009925508941
2,50,16.7698630136986,0.44508721745896
2,50,16.9342465753425,0.446215191562547
2,50,17.0986301369863,0.444685501848472
2,50,17.2630136986301,0.442805565408766
2,50,17.427397260274,0.44086593360543
2,50,17.5917808219178,0.439032297808127
2,50,17.7561643835616,0.436804903317202
2,50,17.9205479452055,0.436112304875131
2,50,18.0849315068493,0.434636109838344
2,50,18.2493150684931,0.434325151924251
2,50,18.413698630137,0.43062929981708
2,50,18.5780821917808,0.430498900131275
2,50,18.7424657534247,0.429999035186406
2,50,18.9068493150685,0.429626973603412
2,50,19.0712328767123,0.427846621083856
2,50,19.2356164383562,0.426374402351779
2,50,19.4,0.426387697495231
2,50,19.5643835616438,0.424848178536973
2,50,19.7287671232877,0.423773683074554
2,50,19.8931506849315,0.423802452173082
2,50,20.0575342465753,0.424566901244193
2,50,20.2219178082192,0.422876622889597
2,50,20.386301369863,0.420279077878454
2,50,20.5506849315069,0.420525037760289
2,50,20.7150684931507,0.419464756077067
2,50,20.8794520547945,0.418181435691561
2,50,21.0438356164384,0.416863632417728
2,50,21.2082191780822,0.416617599370446
2,50,21.372602739726,0.414568820695235
2,50,21.5369863013699,0.411799056553002
2,50,21.7013698630137,0.409479109581568
2,50,21.8657534246575,0.40879531059822
2,50,22.0301369863014,0.407798329314462
2,50,22.1945205479452,0.408165696051296
2,50,22.358904109589,0.407146603097869
2,50,22.5232876712329,0.405075927145649
2,50,22.6876712328767,0.401601730213867
2,50,22.8520547945205,0.39997424559957
2,50,23.0164383561644,0.399467524428028
2,50,23.1808219178082,0.397337678951197
2,50,23.3452054794521,0.395615955058058
2,50,23.5095890410959,0.394226493922783
2,50,23.6739726027397,0.391519337469487
2,50,23.8383561643836,0.391491044278499
2,50,24.0027397260274,0.39070086331005
2,50,24.1671232876712,0.388189211516031
2,50,24.3315068493151,0.387518712630317
2,50,24.4958904109589,0.386110010164753
2,50,24.6602739726027,0.385182374142648
2,50,24.8246575342466,0.384100562315287
2,50,24.9890410958904,0.381563322477587
2,50,25.1534246575342,0.381251023816962
2,50,25.3178082191781,0.380775103490033
2,50,25.4821917808219,0.378619215336618
2,50,25.6465753424658,0.375377540908153
2,50,25.8109589041096,0.372388977798797
2,50,25.9753424657534,0.372198800751698
2,50,26.1397260273973,0.371999525912227
2,50,26.3041095890411,0.369204709572358
2,50,26.4684931506849,0.368396649027774
2,50,26.6328767123288,0.368301996280423
2,50,26.7972602739726,0.367868128108566
2,50,26.9616438356164,0.367501836707452
2,50,27.1260273972603,0.366702816605315
2,50,27.2904109589041,0.366781072539159
2,50,27.4547945205479,0.364967089322909
2,50,27.6191780821918,0.365979843597758
2,50,27.7835616438356,0.365009740336189
2,50,27.9479452054795,0.363456820077335
2,50,28.1123287671233,0.363045525606738
2,50,28.2767123287671,0.36169844035193
2,50,28.441095890411,0.361760936140033
2,50,28.6054794520548,0.35967227152033
2,50,28.7698630136986,0.358375564565252
2,50,28.9342465753425,0.35898457553486
2,50,29.0986301369863,0.358334312025471
2,50,29.2630136986301,0.360319782666708
2,50,29.427397260274,0.360256110505923
2,50,29.5917808219178,0.358748927734273
2,50,29.7561643835616,0.356638065497297
2,50,29.9205479452055,0.355927223831061
2,50,30.0849315068493,0.354550539634341
2,50,30.2493150684931,0.355319247825317
2,50,30.413698630137,0.352433292985891
2,50,30.5780821917808,0.352920350325701
2,50,30.7424657534247,0.351074373505182
2,50,30.9068493150685,0.350930571950802
2,50,31.0712328767123,0.349681335924858
2,50,31.2356164383562,0.347206126175647
2,50,31.4,0.345736818317489
2,50,31.5643835616438,0.343249149483525
2,50,31.7287671232877,0.34221398782689
2,50,31.8931506849315,0.339917577024545
2,50,32.0575342465753,0.339096983290899
2,50,32.2219178082192,0.337727779707128
2,50,32.386301369863,0.337710626925628
2,50,32.5506849315069,0.336439068150314
2,50,32.7150684931507,0.334828390709204
2,50,32.8794520547945,0.333379022291009
2,50,33.0438356164384,0.33309070222494
2,50,33.2082191780822,0.333776542874174
2,50,33.372602739726,0.333039856284627
2,50,33.5369863013699,0.332362008872836
2,50,33.7013698630137,0.332884726552532
2,50,33.8657534246575,0.33224694432973
2,50,34.0301369863014,0.331369894126889
2,50,34.1945205479452,0.33132836589628
2,50,34.358904109589,0.330174254841295
2,50,34.5232876712329,0.329414778943649
2,50,34.6876712328767,0.328166931580451
2,50,34.8520547945205,0.326322513122811
2,50,35.0164383561644,0.324986346916864
2,50,35.1808219178082,0.324897268245761
2,50,35.3452054794521,0.323248615991518
2,50,35.5095890410959,0.323395845513748
2,50,35.6739726027397,0.322482122070442
2,50,35.8383561643836,0.321336103964027
2,50,36.0027397260274,0.320506626797992
2,50,36.1671232876712,0.319915443763516
2,50,36.3315068493151,0.317849009502107
2,50,36.4958904109589,0.317558386966695
2,50,36.6602739726027,0.318454103768073
2,50,36.8246575342466,0.317944338687211
2,50,36.9890410958904,0.318160013548598
2,50,37.1534246575342,0.317402444093345
2,50,37.3178082191781,0.317392651409782
2,50,37.4821917808219,0.316167772460354
2,50,37.6465753424658,0.315636503934731
2,50,37.8109589041096,0.314918463303665
2,50,37.9753424657534,0.315047829379544
2,50,38.1397260273973,0.31408463647374
2,50,38.3041095890411,0.311562736715749
2,50,38.4684931506849,0.310147917342757
2,50,38.6328767123288,0.30830540823945
2,50,38.7972602739726,0.306873945965596
2,50,38.9616438356164,0.306971170414707
2,50,39.1260273972603,0.304993729137962
2,50,39.2904109589041,0.303363938312938
2,50,39.4547945205479,0.304416404129914
2,50,39.6191780821918,0.302107228337087
2,50,39.7835616438356,0.301298047180405
2,50,39.9479452054794,0.299447406809372
2,50,40.1123287671233,0.298790977068916
2,50,40.2767123287671,0.29802021350295
2,50,40.441095890411,0.297111559460407
2,50,40.6054794520548,0.29623535729718
2,50,40.7698630136986,0.297687803339477
2,50,40.9342465753425,0.2969999883348
2,50,41.0986301369863,0.29630791510087
2,50,41.2630136986301,0.295775011914966
2,50,41.427397260274,0.295010642696087
2,50,41.5917808219178,0.295202807624841
2,50,41.7561643835616,0.29456114917065
2,50,41.9205479452055,0.293605150507202
2,50,42.0849315068493,0.29278479807805
2,50,42.2493150684932,0.291702782181523
2,50,42.413698630137,0.290700953097637
2,50,42.5780821917808,0.290686222855049
2,50,42.7424657534247,0.289898776292684
2,50,42.9068493150685,0.288892951880071
2,50,43.0712328767123,0.287123863864229
2,50,43.2356164383562,0.287330598553705
2,50,43.4,0.286655054629657
2,50,43.5643835616438,0.28672670282145
2,50,43.7287671232877,0.285543194358004
2,50,43.8931506849315,0.285838287895683
2,50,44.0575342465753,0.28397867462074
2,50,44.2219178082192,0.282942823063808
2,50,44.386301369863,0.28240917467208
2,50,44.5506849315069,0.280084353573325
2,50,44.7150684931507,0.278932629787212
2,50,44.8794520547945,0.277893278039169
2,50,45.0438356164384,0.275609021497617
2,50,45.2082191780822,0.27517070811654
2,50,45.372602739726,0.273925656416871
2,50,45.5369863013699,0.27408582788826
2,50,45.7013698630137,0.275074910612428
2,50,45.8657534246575,0.274085424342044
2,50,46.0301369863014,0.27413086665446
2,50,46.1945205479452,0.275048622834766
2,50,46.358904109589,0.27376973673612
2,50,46.5232876712329,0.27272529341646
2,50,46.6876712328767,0.271725136884446
2,50,46.8520547945205,0.270985804960219
2,50,47.0164383561644,0.271433178520895
2,50,47.1808219178082,0.270662528958449
2,50,47.3452054794521,0.271000803403248
2,50,47.5095890410959,0.271018286745678
2,50,47.6739726027397,0.268730584157488
2,50,47.8383561643836,0.268424175964455
2,50,48.0027397260274,0.267407439345951
2,50,48.1671232876712,0.265056704949956
2,50,48.3315068493151,0.264967090850143
2,50,48.4958904109589,0.265231801410941
2,50,48.6602739726027,0.264940677353476
2,50,48.8246575342466,0.264385050139346
2,50,48.9890410958904,0.263796959565347
2,50,49.1534246575342,0.263666304543633
2,50,49.3178082191781,0.264259810504535
2,50,49.4821917808219,0.261894455025121
2,50,49.6465753424658,0.260160139383467
2,50,49.8109589041096,0.26051073616697
2,50,49.9753424657534,0.259991309781084
2,100,0.00273972602739726,0.999780016043861
2,100,0.167123287671233,0.997496877291721
2,100,0.331506849315069,0.996880676853797
2,100,0.495890410958904,0.991279510582973
2,100,0.66027397260274,0.986827290043192
2,100,0.824657534246575,0.976933929057457
2,100,0.989041095890411,0.966131016313014
2,100,1.15342465753425,0.955911872740241
2,100,1.31780821917808,0.943942323963702
2,100,1.48219178082192,0.930497503959319
2,100,1.64657534246575,0.917048654521784
2,100,1.81095890410959,0.903571752762004
2,100,1.97534246575342,0.893730849855493
2,100,2.13972602739726,0.881585565313082
2,100,2.3041095890411,0.870146184590665
2,100,2.46849315068493,0.857294872540095
2,100,2.63287671232877,0.847379859257775
2,100,2.7972602739726,0.839877026303259
2,100,2.96164383561644,0.829619494410183
2,100,3.12602739726027,0.820075693464125
2,100,3.29041095890411,0.809859369162183
2,100,3.45479452054795,0.801879473474421
2,100,3.61917808219178,0.792965455500006
2,100,3.78356164383562,0.783064656368631
2,100,3.94794520547945,0.775562365396215
2,100,4.11232876712329,0.766590110133745
2,100,4.27671232876712,0.759428680843452
2,100,4.44109589041096,0.750030061451926
2,100,4.60547945205479,0.742599391707209
2,100,4.76986301369863,0.735746390886917
2,100,4.93424657534247,0.728449122542578
2,100,5.0986301369863,0.721450666427222
2,100,5.26301369863014,0.714141302053121
2,100,5.42739726027397,0.706293228494151
2,100,5.59178082191781,0.699123588171445
2,100,5.75616438356164,0.693691558743193
2,100,5.92054794520548,0.685743172947203
2,100,6.08493150684932,0.67990561334465
2,100,6.24931506849315,0.675097633043598
2,100,6.41369863013699,0.670115514168596
2,100,6.57808219178082,0.662459177672273
2,100,6.74246575342466,0.655417518708991
2,100,6.90684931506849,0.649613106426558
2,100,7.07123287671233,0.643420255953177
2,100,7.23561643835616,0.638264241053167
2,100,7.4,0.633646385177184
2,100,7.56438356164384,0.62951481301099
2,100,7.72876712328767,0.623654477911799
2,100,7.89315068493151,0.618164310696667
2,100,8.05753424657534,0.613090759013972
2,100,8.22191780821918,0.60785421128901
2,100,8.38630136986301,0.602897008920216
2,100,8.55068493150685,0.600867395083182
2,100,8.71506849315069,0.59500904316508
2,100,8.87945205479452,0.590162449242158
2,100,9.04383561643836,0.585244423160089
2,100,9.20821917808219,0.580583093462099
2,100,9.37260273972603,0.578479953365617
2,100,9.53698630136986,0.575100288645623
2,100,9.7013698630137,0.571462084266837
2,100,9.86575342465753,0.567310674597224
2,100,10.0301369863014,0.564260510743557
2,100,10.1945205479452,0.559990365678626
2,100,10.358904109589,0.557675236916942
2,100,10.5232876712329,0.55510989412843
2,100,10.6876712328767,0.552206338574096
2,100,10.8520547945205,0.549596691013485
2,100,11.0164383561644,0.547613244775357
2,100,11.1808219178082,0.54633831349878
2,100,11.3452054794521,0.544080746456406
2,100,11.5095890410959,0.541046965667945
2,100,11.6739726027397,0.537498312041239
2,100,11.8383561643836,0.533665602058214
2,100,12.0027397260274,0.529925814494306
2,100,12.1671232876712,0.526507798760273
2,100,12.3315068493151,0.523481305151868
2,100,12.4958904109589,0.521358840867501
2,100,12.6602739726027,0.518251691327783
2,100,12.8246575342466,0.515768474898781
2,100,12.9890410958904,0.512817276596072
2,100,13.1534246575342,0.510450377532277
2,100,13.3178082191781,0.507166507345726
2,100,13.4821917808219,0.505091251652444
2,100,13.6465753424658,0.503810912019702
2,100,13.8109589041096,0.502109546846285
2,100,13.9753424657534,0.499248917406752
2,100,14.1397260273973,0.49623457937911
2,100,14.3041095890411,0.494548757169027
2,100,14.4684931506849,0.49201106749207
2,100,14.6328767123288,0.489832516203315
2,100,14.7972602739726,0.488688657201073
2,100,14.9616438356164,0.486553058151673
2,100,15.1260273972603,0.485278082828517
2,100,15.2904109589041,0.484645422465388
2,100,15.4547945205479,0.48193639874124
2,100,15.6191780821918,0.480745873801568
2,100,15.7835616438356,0.479364131613539
2,100,15.9479452054795,0.47634502142825
2,100,16.1123287671233,0.474027898013016
2,100,16.2767123287671,0.472776564504775
2,100,16.441095890411,0.472099592769022
2,100,16.6054794520548,0.472401699905535
2,100,16.7698630136986,0.470714521021267
2,100,16.9342465753425,0.469628872941793
2,100,17.0986301369863,0.468175184475727
2,100,17.2630136986301,0.466557487253851
2,100,17.427397260274,0.465247410830583
2,100,17.5917808219178,0.463186097941615
2,100,17.7561643835616,0.459694489486607
2,100,17.9205479452055,0.458265830481962
2,100,18.0849315068493,0.45672738123248
2,100,18.2493150684931,0.455907205890107
2,100,18.413698630137,0.455549310285325
2,100,18.5780821917808,0.453739005467252
2,100,18.7424657534247,0.452623477464444
2,100,18.9068493150685,0.45241936080942
2,100,19.0712328767123,0.451943533261997
2,100,19.2356164383562,0.44955636892182
2,100,19.4,0.447956130334163
2,100,19.5643835616438,0.446235636679749
2,100,19.7287671232877,0.445634320480627
2,100,19.8931506849315,0.444527759357031
2,100,20.0575342465753,0.442581596816571
2,100,20.2219178082192,0.442086844386551
2,100,20.386301369863,0.44018449710772
2,100,20.5506849315069,0.439670319399843
2,100,20.7150684931507,0.438343024277206
2,100,20.8794520547945,0.437354821299886
2,100,21.0438356164384,0.43715070748539
2,100,21.2082191780822,0.435720539227407
2,100,21.372602739726,0.435673935121288
2,100,21.5369863013699,0.43534341618144
2,100,21.7013698630137,0.434912985140004
2,100,21.8657534246575,0.43411130919667
2,100,22.0301369863014,0.432242418229895
2,100,22.1945205479452,0.430552289995551
2,100,22.358904109589,0.431186874357907
2,100,22.5232876712329,0.429088382249155
2,100,22.6876712328767,0.426873766727135
2,100,22.8520547945205,0.42599470760725
2,100,23.0164383561644,0.424957063575601
2,100,23.1808219178082,0.425081404002006
2,100,23.3452054794521,0.422968016385055
2,100,23.5095890410959,0.422963740417365
2,100,23.6739726027397,0.421687522122872
2,100,23.8383561643836,0.419667360856184
2,100,24.0027397260274,0.418343546662111
2,100,24.1671232876712,0.41783285287474
2,100,24.3315068493151,0.418146160515151
2,100,24.4958904109589,0.419042885081607
2,100,24.6602739726027,0.41729419313096
2,100,24.8246575342466,0.417486867940183
2,100,24.9890410958904,0.415989680436119
2,100,25.1534246575342,0.414600440058595
2,100,25.3178082191781,0.412781205823418
2,100,25.4821917808219,0.412503478251099
2,100,25.6465753424658,0.412610032535019
2,100,25.8109589041096,0.411415659566554
2,100,25.9753424657534,0.410906259443382
2,100,26.1397260273973,0.410740786391141
2,100,26.3041095890411,0.409239390986604
2,100,26.4684931506849,0.408575653943204
2,100,26.6328767123288,0.408540905737561
2,100,26.7972602739726,0.40876927758282
2,100,26.9616438356164,0.408029337421463
2,100,27.1260273972603,0.408184142376848
2,100,27.2904109589041,0.407920003711911
2,100,27.4547945205479,0.408350885063159
2,100,27.6191780821918,0.408544504495917
2,100,27.7835616438356,0.408314623555772
2,100,27.9479452054795,0.407225261458874
2,100,28.1123287671233,0.407114194144994
2,100,28.2767123287671,0.407572072087034
2,100,28.441095890411,0.407508378482359
2,100,28.6054794520548,0.405184162585297
2,100,28.7698630136986,0.403838609188031
2,100,28.9342465753425,0.402329649711977
2,100,29.0986301369863,0.402599791633042
2,100,29.2630136986301,0.402606522504732
2,100,29.427397260274,0.402215758926622
2,100,29.5917808219178,0.401321136760099
2,100,29.7561643835616,0.399201517680587
2,100,29.9205479452055,0.398272663187992
2,100,30.0849315068493,0.397864919096345
2,100,30.2493150684931,0.397400953417822
2,100,30.413698630137,0.398396404242643
2,100,30.5780821917808,0.397702705902619
2,100,30.7424657534247,0.396902861313728
2,100,30.9068493150685,0.394709581430455
2,100,31.0712328767123,0.393698793174583
2,100,31.2356164383562,0.392556086414464
2,100,31.4,0.391099102533854
2,100,31.5643835616438,0.390335409706283
2,100,31.7287671232877,0.389574119010139
2,100,31.8931506849315,0.389053037010059
2,100,32.0575342465753,0.38746500075519
2,100,32.2219178082192,0.387615784064725
2,100,32.386301369863,0.386961858972735
2,100,32.5506849315069,0.384833474970233
2,100,32.7150684931507,0.384553867462017
2,100,32.8794520547945,0.384838812895908
2,100,33.0438356164384,0.384563011641828
2,100,33.2082191780822,0.383895576688184
2,100,33.372602739726,0.383491627831423
2,100,33.5369863013699,0.383072363620546
2,100,33.7013698630137,0.38346240470022
2,100,33.8657534246575,0.383256180449649
2,100,34.0301369863014,0.382862128773266
2,100,34.1945205479452,0.382361227968157
2,100,34.358904109589,0.381491154781091
2,100,34.5232876712329,0.380561566679799
2,100,34.6876712328767,0.379963814657255
2,100,34.8520547945205,0.380090189125298
2,100,35.0164383561644,0.379903193047982
2,100,35.1808219178082,0.378606174551871
2,100,35.3452054794521,0.377774840232543
2,100,35.5095890410959,0.376725348786933
2,100,35.6739726027397,0.377122684009366
2,100,35.8383561643836,0.377478267822817
2,100,36.0027397260274,0.377820573215707
2,100,36.1671232876712,0.376488477284708
2,100,36.3315068493151,0.375491841427668
2,100,36.4958904109589,0.375716838776198
2,100,36.6602739726027,0.376144597496186
2,100,36.8246575342466,0.375818283813049
2,100,36.9890410958904,0.376079003280015
2,100,37.1534246575342,0.37594892140305
2,100,37.3178082191781,0.375269620280083
2,100,37.4821917808219,0.375617682642107
2,100,37.6465753424658,0.374420611148807
2,100,37.8109589041096,0.373243072879774
2,100,37.9753424657534,0.372729939020298
2,100,38.1397260273973,0.372249912430624
2,100,38.3041095890411,0.372203911565548
2,100,38.4684931506849,0.371691322378872
2,100,38.6328767123288,0.37163232694467
2,100,38.7972602739726,0.370993898061657
2,100,38.9616438356164,0.37077021202438
2,100,39.1260273972603,0.371012300905663
2,100,39.2904109589041,0.370529419779843
2,100,39.4547945205479,0.370500729039979
2,100,39.6191780821918,0.369900495127625
2,100,39.7835616438356,0.370246496370503
2,100,39.9479452054794,0.369921842639134
2,100,40.1123287671233,0.368837178261866
2,100,40.2767123287671,0.367803347838206
2,100,40.441095890411,0.366072780460944
2,100,40.6054794520548,0.365600817744242
2,100,40.7698630136986,0.365668654308569
2,100,40.9342465753425,0.365333916324794
2,100,41.0986301369863,0.365647292903726
2,100,41.2630136986301,0.366024619305494
2,100,41.427397260274,0.365714509948913
2,100,41.5917808219178,0.364951678351319
2,100,41.7561643835616,0.364377229034167
2,100,41.9205479452055,0.36485314330127
2,100,42.0849315068493,0.363256172113042
2,100,42.2493150684932,0.362515362701552
2,100,42.413698630137,0.362187997862294
2,100,42.5780821917808,0.362790139765614
2,100,42.7424657534247,0.363803954961424
2,100,42.9068493150685,0.363695272630153
2,100,43.0712328767123,0.362796712623504
2,100,43.2356164383562,0.362466193792605
2,100,43.4,0.362254662963576
2,100,43.5643835616438,0.361949870457344
2,100,43.7287671232877,0.362312752115026
2,100,43.8931506849315,0.362218085118656
2,100,44.0575342465753,0.359913195855183
2,100,44.2219178082192,0.359356203808661
2,100,44.386301369863,0.357785805210011
2,100,44.5506849315069,0.358091791238494
2,100,44.7150684931507,0.358331914256204
2,100,44.8794520547945,0.358310637587522
2,100,45.0438356164384,0.359420916025549
2,100,45.2082191780822,0.358328340121293
2,100,45.372602739726,0.358220789397219
2,100,45.5369863013699,0.356755287609992
2,100,45.7013698630137,0.357314426869393
2,100,45.8657534246575,0.357925824091789
2,100,46.0301369863014,0.35759577294276
2,100,46.1945205479452,0.357514203537847
2,100,46.358904109589,0.356780902813581
2,100,46.5232876712329,0.356001648466643
2,100,46.6876712328767,0.356192659939733
2,100,46.8520547945205,0.355829901344208
2,100,47.0164383561644,0.355159544268709
2,100,47.1808219178082,0.355251850098111
2,100,47.3452054794521,0.35503143094765
2,100,47.5095890410959,0.353719615666733
2,100,47.6739726027397,0.354249712456617
2,100,47.8383561643836,0.355034960937142
2,100,48.0027397260274,0.355441254235383
2,100,48.1671232876712,0.354380335047226
2,100,48.3315068493151,0.354403066849466
2,100,48.4958904109589,0.354595291701426
2,100,48.6602739726027,0.354776268444698
2,100,48.8246575342466,0.355085399366623
2,100,48.9890410958904,0.355344411613517
2,100,49.1534246575342,0.353485955245208
2,100,49.3178082191781,0.353138728181934
2,100,49.4821917808219,0.353058179715486
2,100,49.6465753424658,0.352358001985845
2,100,49.8109589041096,0.351859066324459
2,100,49.9753424657534,0.351947518798247
2,200,0.00273972602739726,1.00013302919355
2,200,0.167123287671233,0.998817364893318
2,200,0.331506849315069,0.994970914163634
2,200,0.495890410958904,0.989612137662912
2,200,0.66027397260274,0.981950703623879
2,200,0.824657534246575,0.973549482424422
2,200,0.989041095890411,0.963733888600825
2,200,1.15342465753425,0.952060282263486
2,200,1.31780821917808,0.939434265477151
2,200,1.48219178082192,0.928134719861617
2,200,1.64657534246575,0.916644199925729
2,200,1.81095890410959,0.90514277895396
2,200,1.97534246575342,0.894582356937482
2,200,2.13972602739726,0.882559508366795
2,200,2.3041095890411,0.86972518488864
2,200,2.46849315068493,0.857938725810712
2,200,2.63287671232877,0.846788420790307
2,200,2.7972602739726,0.836130650083255
2,200,2.96164383561644,0.82618240657699
2,200,3.12602739726027,0.817108626572507
2,200,3.29041095890411,0.808548650808582
2,200,3.45479452054795,0.79958676942635
2,200,3.61917808219178,0.791447428453296
2,200,3.78356164383562,0.783305165220901
2,200,3.94794520547945,0.775000909615505
2,200,4.11232876712329,0.76704383553962
2,200,4.27671232876712,0.75928172406389
2,200,4.44109589041096,0.751833837576996
2,200,4.60547945205479,0.74448176871796
2,200,4.76986301369863,0.735571278721199
2,200,4.93424657534247,0.728041330537891
2,200,5.0986301369863,0.719650718996282
2,200,5.26301369863014,0.712926721052357
2,200,5.42739726027397,0.707578957662243
2,200,5.59178082191781,0.701827820631349
2,200,5.75616438356164,0.695952578315885
2,200,5.92054794520548,0.690080401397536
2,200,6.08493150684932,0.684012691514356
2,200,6.24931506849315,0.677010630787767
2,200,6.41369863013699,0.672301141337619
2,200,6.57808219178082,0.666716330124062
2,200,6.74246575342466,0.66102904760492
2,200,6.90684931506849,0.654476047362419
2,200,7.07123287671233,0.648726546838189
2,200,7.23561643835616,0.644020477435252
2,200,7.4,0.638356037131175
2,200,7.56438356164384,0.633349137208018
2,200,7.72876712328767,0.629212866363417
2,200,7.89315068493151,0.624133670639371
2,200,8.05753424657534,0.619595136419373
2,200,8.22191780821918,0.6152814689142
2,200,8.38630136986301,0.611442097103985
2,200,8.55068493150685,0.6071695638301
2,200,8.71506849315069,0.603047119737684
2,200,8.87945205479452,0.599607011243899
2,200,9.04383561643836,0.595932250723904
2,200,9.20821917808219,0.591719795319569
2,200,9.37260273972603,0.58862130406196
2,200,9.53698630136986,0.584597842671312
2,200,9.7013698630137,0.58111481190144
2,200,9.86575342465753,0.576856199620719
2,200,10.0301369863014,0.572512271819617
2,200,10.1945205479452,0.568309445417713
2,200,10.358904109589,0.565206572004842
2,200,10.5232876712329,0.561793268275305
2,200,10.6876712328767,0.559315059433064
2,200,10.8520547945205,0.555595241894511
2,200,11.0164383561644,0.553454176252413
2,200,11.1808219178082,0.550445445936512
2,200,11.3452054794521,0.546781286251358
2,200,11.5095890410959,0.543646522884814
2,200,11.6739726027397,0.540685673272906
2,200,11.8383561643836,0.53888302262382
2,200,12.0027397260274,0.536277583785487
2,200,12.1671232876712,0.533869618362173
2,200,12.3315068493151,0.530940768006915
2,200,12.4958904109589,0.529077080057968
2,200,12.6602739726027,0.52722027521875
2,200,12.8246575342466,0.523371449508955
2,200,12.9890410958904,0.520657177743914
2,200,13.1534246575342,0.517723929760626
2,200,13.3178082191781,0.514804232262519
2,200,13.4821917808219,0.511701417966727
2,200,13.6465753424658,0.509468657718462
2,200,13.8109589041096,0.507850757109828
2,200,13.9753424657534,0.505526666984013
2,200,14.1397260273973,0.502234385735621
2,200,14.3041095890411,0.49885182213345
2,200,14.4684931506849,0.497948881155101
2,200,14.6328767123288,0.495753614403708
2,200,14.7972602739726,0.494129767682088
2,200,14.9616438356164,0.492793840577849
2,200,15.1260273972603,0.490861671502024
2,200,15.2904109589041,0.488851210061065
2,200,15.4547945205479,0.486634382187139
2,200,15.6191780821918,0.484848117559614
2,200,15.7835616438356,0.482616363587711
2,200,15.9479452054795,0.481308219076821
2,200,16.1123287671233,0.480003150506148
2,200,16.2767123287671,0.479245629855478
2,200,16.441095890411,0.478715188181189
2,200,16.6054794520548,0.47708534724983
2,200,16.7698630136986,0.475002382901829
2,200,16.9342465753425,0.472816117865173
2,200,17.0986301369863,0.470778249567875
2,200,17.2630136986301,0.468702952433747
2,200,17.427397260274,0.4668150598058
2,200,17.5917808219178,0.465726293092549
2,200,17.7561643835616,0.464152701984696
2,200,17.9205479452055,0.463079875222533
2,200,18.0849315068493,0.46123109544551
2,200,18.2493150684931,0.460097638220939
2,200,18.413698630137,0.459468305755026
2,200,18.5780821917808,0.457709309298038
2,200,18.7424657534247,0.456615805031967
2,200,18.9068493150685,0.454952035681017
2,200,19.0712328767123,0.453357363635404
2,200,19.2356164383562,0.453235346108524
2,200,19.4,0.451998302939568
2,200,19.5643835616438,0.45181174455994
2,200,19.7287671232877,0.449965726744655
2,200,19.8931506849315,0.449088452515476
2,200,20.0575342465753,0.4488370009617
2,200,20.2219178082192,0.448625933247737
2,200,20.386301369863,0.447662501303217
2,200,20.5506849315069,0.44668993782901
2,200,20.7150684931507,0.445759751571913
2,200,20.8794520547945,0.446038788744312
2,200,21.0438356164384,0.445289537749226
2,200,21.2082191780822,0.44381169194914
2,200,21.372602739726,0.443071894612181
2,200,21.5369863013699,0.443044420139791
2,200,21.7013698630137,0.442040372227222
2,200,21.8657534246575,0.441180300100972
2,200,22.0301369863014,0.44004210541978
2,200,22.1945205479452,0.438749163864863
2,200,22.358904109589,0.437612983175724
2,200,22.5232876712329,0.436565076149808
2,200,22.6876712328767,0.435815657880876
2,200,22.8520547945205,0.435295765684582
2,200,23.0164383561644,0.434738076172112
2,200,23.1808219178082,0.434217682685561
2,200,23.3452054794521,0.434456874724637
2,200,23.5095890410959,0.433394141212639
2,200,23.6739726027397,0.432254531229568
2,200,23.8383561643836,0.431041720756218
2,200,24.0027397260274,0.429600961281198
2,200,24.1671232876712,0.428832684470807
2,200,24.3315068493151,0.428250201971817
2,200,24.4958904109589,0.427037252495821
2,200,24.6602739726027,0.426635666436285
2,200,24.8246575342466,0.426538700312977
2,200,24.9890410958904,0.425932155159385
2,200,25.1534246575342,0.425572561592951
2,200,25.3178082191781,0.425086388515657
2,200,25.4821917808219,0.423994061444647
2,200,25.6465753424658,0.42406734810396
2,200,25.8109589041096,0.424307323518844
2,200,25.9753424657534,0.424162633876573
2,200,26.1397260273973,0.424067753012376
2,200,26.3041095890411,0.423685149986391
2,200,26.4684931506849,0.42378924193948
2,200,26.6328767123288,0.423887747027437
2,200,26.7972602739726,0.423389080852948
2,200,26.9616438356164,0.422435611271026
2,200,27.1260273972603,0.422172257739461
2,200,27.2904109589041,0.421750478349376
2,200,27.4547945205479,0.421125443395511
2,200,27.6191780821918,0.41991727145793
2,200,27.7835616438356,0.419918436605722
2,200,27.9479452054795,0.419675814861994
2,200,28.1123287671233,0.419461696205696
2,200,28.2767123287671,0.419196372095712
2,200,28.441095890411,0.419259835689951
2,200,28.6054794520548,0.418849068658196
2,200,28.7698630136986,0.418164765809661
2,200,28.9342465753425,0.417964976119858
2,200,29.0986301369863,0.417859553221653
2,200,29.2630136986301,0.417571214950542
2,200,29.427397260274,0.417261392035108
2,200,29.5917808219178,0.417941848646643
2,200,29.7561643835616,0.416327717999813
2,200,29.9205479452055,0.416094541549745
2,200,30.0849315068493,0.416549018205958
2,200,30.2493150684931,0.41716315458971
2,200,30.413698630137,0.416820417177442
2,200,30.5780821917808,0.416171727579261
2,200,30.7424657534247,0.41627135674782
2,200,30.9068493150685,0.416747327490022
2,200,31.0712328767123,0.41583197345382
2,200,31.2356164383562,0.4146823852713
2,200,31.4,0.414832395174824
2,200,31.5643835616438,0.414660461702338
2,200,31.7287671232877,0.414267103947987
2,200,31.8931506849315,0.414275108839879
2,200,32.0575342465753,0.414774572732105
2,200,32.2219178082192,0.414022451604431
2,200,32.386301369863,0.413719328786197
2,200,32.5506849315069,0.41385605740427
2,200,32.7150684931507,0.413038815822577
2,200,32.8794520547945,0.412862563595694
2,200,33.0438356164384,0.412820316864569
2,200,33.2082191780822,0.412918653371817
2,200,33.372602739726,0.412700832126785
2,200,33.5369863013699,0.411840003956835
2,200,33.7013698630137,0.412465965203568
2,200,33.8657534246575,0.411893487774676
2,200,34.0301369863014,0.411146205261401
2,200,34.1945205479452,0.410998167675169
2,200,34.358904109589,0.410884613031721
2,200,34.5232876712329,0.410882120305674
2,200,34.6876712328767,0.410958037833732
2,200,34.8520547945205,0.411518516062369
2,200,35.0164383561644,0.412369053243644
2,200,35.1808219178082,0.411348981484114
2,200,35.3452054794521,0.410668389139119
2,200,35.5095890410959,0.410828400725636
2,200,35.6739726027397,0.410173504584769
2,200,35.8383561643836,0.410791168715812
2,200,36.0027397260274,0.411448857806731
2,200,36.1671232876712,0.411674555582514
2,200,36.3315068493151,0.411206858050257
2,200,36.4958904109589,0.410618315081139
2,200,36.6602739726027,0.4102381836976
2,200,36.8246575342466,0.410102587694858
2,200,36.9890410958904,0.410311608858664
2,200,37.1534246575342,0.410230251959851
2,200,37.3178082191781,0.410109258827021
2,200,37.4821917808219,0.409486906946426
2,200,37.6465753424658,0.409268297891949
2,200,37.8109589041096,0.409083802017583
2,200,37.9753424657534,0.40944316442985
2,200,38.1397260273973,0.40944894596779
2,200,38.3041095890411,0.409560429945104
2,200,38.4684931506849,0.40980136097219
2,200,38.6328767123288,0.409561537660824
2,200,38.7972602739726,0.409766381788056
2,200,38.9616438356164,0.40913769093672
2,200,39.1260273972603,0.409491589458684
2,200,39.2904109589041,0.408612487423192
2,200,39.4547945205479,0.407479962116892
2,200,39.6191780821918,0.407599496679469
2,200,39.7835616438356,0.407271383226571
2,200,39.9479452054794,0.406357577708471
2,200,40.1123287671233,0.404554044695337
2,200,40.2767123287671,0.404399569481899
2,200,40.441095890411,0.405295898503593
2,200,40.6054794520548,0.405936782525115
2,200,40.7698630136986,0.405981440007188
2,200,40.9342465753425,0.405238589740712
2,200,41.0986301369863,0.40549815607316
2,200,41.2630136986301,0.405366950976871
2,200,41.427397260274,0.405752199127844
2,200,41.5917808219178,0.405239318355643
2,200,41.7561643835616,0.405048918447815
2,200,41.9205479452055,0.405465964682596
2,200,42.0849315068493,0.404994955532495
2,200,42.2493150684932,0.404372250164549
2,200,42.413698630137,0.403258957532097
2,200,42.5780821917808,0.40237904479712
2,200,42.7424657534247,0.402952949259443
2,200,42.9068493150685,0.402255970121797
2,200,43.0712328767123,0.402687239772101
2,200,43.2356164383562,0.401906689003032
2,200,43.4,0.401198345978035
2,200,43.5643835616438,0.400850409219579
2,200,43.7287671232877,0.400012695851568
2,200,43.8931506849315,0.400157612732278
2,200,44.0575342465753,0.400895048295791
2,200,44.2219178082192,0.400076132397906
2,200,44.386301369863,0.399160001598923
2,200,44.5506849315069,0.399032332872617
2,200,44.7150684931507,0.399639187844924
2,200,44.8794520547945,0.398809530319794
2,200,45.0438356164384,0.399096206778286
2,200,45.2082191780822,0.398418756423853
2,200,45.372602739726,0.398754342127629
2,200,45.5369863013699,0.398071617739763
2,200,45.7013698630137,0.397447551630698
2,200,45.8657534246575,0.396948371830169
2,200,46.0301369863014,0.396129161203492
2,200,46.1945205479452,0.396259737441669
2,200,46.358904109589,0.395834343795227
2,200,46.5232876712329,0.395586812067107
2,200,46.6876712328767,0.395857102048723
2,200,46.8520547945205,0.395640770109982
2,200,47.0164383561644,0.395563906462107
2,200,47.1808219178082,0.394922506259409
2,200,47.3452054794521,0.393500864561106
2,200,47.5095890410959,0.394344961795107
2,200,47.6739726027397,0.394424698728263
2,200,47.8383561643836,0.394623794707223
2,200,48.0027397260274,0.394958041102179
2,200,48.1671232876712,0.394358625185233
2,200,48.3315068493151,0.39438241365102
2,200,48.4958904109589,0.393446633837147
2,200,48.6602739726027,0.392592680796683
2,200,48.8246575342466,0.393008066400415
2,200,48.9890410958904,0.393579786403924
2,200,49.1534246575342,0.392889299905992
2,200,49.3178082191781,0.393055593884761
2,200,49.4821917808219,0.392633973379334
2,200,49.6465753424658,0.392714732930648
2,200,49.8109589041096,0.393647861337901
2,200,49.9753424657534,0.392569386458912
3,10,0.00273972602739726,1.0001237222432
3,10,0.167123287671233,1.00405532807076
3,10,0.331506849315069,1.00251479595226
3,10,0.495890410958904,0.995595908485914
3,10,0.66027397260274,0.989307722139121
3,10,0.824657534246575,0.978731629731776
3,10,0.989041095890411,0.967331925179322
3,10,1.15342465753425,0.95132768824896
3,10,1.31780821917808,0.939371616848224
3,10,1.48219178082192,0.925701645682492
3,10,1.64657534246575,0.912988649364448
3,10,1.81095890410959,0.902822941468571
3,10,1.97534246575342,0.884716904273643
3,10,2.13972602739726,0.874362780235798
3,10,2.3041095890411,0.867157993551616
3,10,2.46849315068493,0.856974454046886
3,10,2.63287671232877,0.84841015934844
3,10,2.7972602739726,0.835792520611465
3,10,2.96164383561644,0.819068749822226
3,10,3.12602739726027,0.812520921649564
3,10,3.29041095890411,0.802004282451702
3,10,3.45479452054795,0.793331064356185
3,10,3.61917808219178,0.786626196780657
3,10,3.78356164383562,0.776729073566232
3,10,3.94794520547945,0.770990852292292
3,10,4.11232876712329,0.765648771942398
3,10,4.27671232876712,0.757907519489096
3,10,4.44109589041096,0.750527917998133
3,10,4.60547945205479,0.739919339764546
3,10,4.76986301369863,0.734253584104854
3,10,4.93424657534247,0.729006680756437
3,10,5.0986301369863,0.725733043982456
3,10,5.26301369863014,0.716711008719058
3,10,5.42739726027397,0.715340532878204
3,10,5.59178082191781,0.714176705371661
3,10,5.75616438356164,0.711247602352898
3,10,5.92054794520548,0.709257985931608
3,10,6.08493150684932,0.702612718928138
3,10,6.24931506849315,0.700223793365011
3,10,6.41369863013699,0.698577106696484
3,10,6.57808219178082,0.69335788811885
3,10,6.74246575342466,0.688583600365929
3,10,6.90684931506849,0.68030357094275
3,10,7.07123287671233,0.681551232088899
3,10,7.23561643835616,0.678484136667102
3,10,7.4,0.674326846518992
3,10,7.56438356164384,0.668126288623445
3,10,7.72876712328767,0.66336416504637
3,10,7.89315068493151,0.657485692616018
3,10,8.05753424657534,0.655592644333725
3,10,8.22191780821918,0.652707491784579
3,10,8.38630136986301,0.650475891396111
3,10,8.55068493150685,0.643522075186626
3,10,8.71506849315069,0.637163927916169
3,10,8.87945205479452,0.633112912104861
3,10,9.04383561643836,0.628436486066475
3,10,9.20821917808219,0.621710753725294
3,10,9.37260273972603,0.617433019886628
3,10,9.53698630136986,0.614072801635112
3,10,9.7013698630137,0.615589898336413
3,10,9.86575342465753,0.611888116199778
3,10,10.0301369863014,0.608565038466851
3,10,10.1945205479452,0.60163054937517
3,10,10.358904109589,0.598452262738157
3,10,10.5232876712329,0.595264111560901
3,10,10.6876712328767,0.590781984207853
3,10,10.8520547945205,0.590747771529863
3,10,11.0164383561644,0.588667910421292
3,10,11.1808219178082,0.582944592334865
3,10,11.3452054794521,0.575495704189241
3,10,11.5095890410959,0.57190015575492
3,10,11.6739726027397,0.569187157027193
3,10,11.8383561643836,0.563112305853863
3,10,12.0027397260274,0.555772455516939
3,10,12.1671232876712,0.552456552873134
3,10,12.3315068493151,0.54690258283233
3,10,12.4958904109589,0.543624591442383
3,10,12.6602739726027,0.542953291380643
3,10,12.8246575342466,0.539013705483408
3,10,12.9890410958904,0.535059874628791
3,10,13.1534246575342,0.531021348345507
3,10,13.3178082191781,0.527356769072898
3,10,13.4821917808219,0.521926665953683
3,10,13.6465753424658,0.518555024804268
3,10,13.8109589041096,0.514620621413681
3,10,13.9753424657534,0.513948109068373
3,10,14.1397260273973,0.510563131317985
3,10,14.3041095890411,0.51032191076756
3,10,14.4684931506849,0.509740184434061
3,10,14.6328767123288,0.50535155542449
3,10,14.7972602739726,0.501150195772945
3,10,14.9616438356164,0.497333584130649
3,10,15.1260273972603,0.490059268608418
3,10,15.2904109589041,0.493303126427923
3,10,15.4547945205479,0.486835197273102
3,10,15.6191780821918,0.487011465078375
3,10,15.7835616438356,0.484270779035334
3,10,15.9479452054795,0.480083277699006
3,10,16.1123287671233,0.479301089599349
3,10,16.2767123287671,0.476649221003486
3,10,16.441095890411,0.471598496951956
3,10,16.6054794520548,0.469158974376322
3,10,16.7698630136986,0.461274024317846
3,10,16.9342465753425,0.46189194253078
3,10,17.0986301369863,0.459967695803772
3,10,17.2630136986301,0.460538306642119
3,10,17.427397260274,0.457330070981761
3,10,17.5917808219178,0.46193151875216
3,10,17.7561643835616,0.46209629380771
3,10,17.9205479452055,0.458628656059974
3,10,18.0849315068493,0.454316301053338
3,10,18.2493150684931,0.450164449522088
3,10,18.413698630137,0.443347062917416
3,10,18.5780821917808,0.438570507253128
3,10,18.7424657534247,0.438910379189631
3,10,18.9068493150685,0.437717527770799
3,10,19.0712328767123,0.435178002796451
3,10,19.2356164383562,0.428160755059771
3,10,19.4,0.422483274142192
3,10,19.5643835616438,0.421547488166687
3,10,19.7287671232877,0.419403364114431
3,10,19.8931506849315,0.412930990441806
3,10,20.0575342465753,0.41476719194036
3,10,20.2219178082192,0.411474811661233
3,10,20.386301369863,0.411894181280766
3,10,20.5506849315069,0.409795171693683
3,10,20.7150684931507,0.405225008139064
3,10,20.8794520547945,0.40240713794713
3,10,21.0438356164384,0.400242102095998
3,10,21.2082191780822,0.4020522142166
3,10,21.372602739726,0.397441704392991
3,10,21.5369863013699,0.392080942517495
3,10,21.7013698630137,0.389389140968346
3,10,21.8657534246575,0.385328454214271
3,10,22.0301369863014,0.380641097614618
3,10,22.1945205479452,0.378663131454685
3,10,22.358904109589,0.376822094135075
3,10,22.5232876712329,0.372656345305964
3,10,22.6876712328767,0.369743046244659
3,10,22.8520547945205,0.363915897295565
3,10,23.0164383561644,0.362939230918024
3,10,23.1808219178082,0.362887962658629
3,10,23.3452054794521,0.358902655654222
3,10,23.5095890410959,0.356550452984304
3,10,23.6739726027397,0.356431360648253
3,10,23.8383561643836,0.350005899363846
3,10,24.0027397260274,0.345012757165468
3,10,24.1671232876712,0.34843691498746
3,10,24.3315068493151,0.345038685750588
3,10,24.4958904109589,0.343287544023713
3,10,24.6602739726027,0.343844438381811
3,10,24.8246575342466,0.343069481116597
3,10,24.9890410958904,0.340525314535093
3,10,25.1534246575342,0.338456910925207
3,10,25.3178082191781,0.332069935515115
3,10,25.4821917808219,0.334495109726981
3,10,25.6465753424658,0.330459624692018
3,10,25.8109589041096,0.328717134567895
3,10,25.9753424657534,0.328171295632687
3,10,26.1397260273973,0.324162062420167
3,10,26.3041095890411,0.323696738420477
3,10,26.4684931506849,0.321206526757644
3,10,26.6328767123288,0.321131814252796
3,10,26.7972602739726,0.320184253893865
3,10,26.9616438356164,0.32077005952404
3,10,27.1260273972603,0.321078114651039
3,10,27.2904109589041,0.318128954150786
3,10,27.4547945205479,0.314802755529601
3,10,27.6191780821918,0.315839645195382
3,10,27.7835616438356,0.31236205143321
3,10,27.9479452054795,0.308285944143284
3,10,28.1123287671233,0.306903210321145
3,10,28.2767123287671,0.308570409399362
3,10,28.441095890411,0.307462317611231
3,10,28.6054794520548,0.302937686704626
3,10,28.7698630136986,0.301329595756547
3,10,28.9342465753425,0.302122024344753
3,10,29.0986301369863,0.302906567444285
3,10,29.2630136986301,0.301654129754729
3,10,29.427397260274,0.299825402602846
3,10,29.5917808219178,0.297113466357576
3,10,29.7561643835616,0.292718613480655
3,10,29.9205479452055,0.287515751432942
3,10,30.0849315068493,0.287336665833915
3,10,30.2493150684931,0.284857148996523
3,10,30.413698630137,0.282614444311982
3,10,30.5780821917808,0.281131787377375
3,10,30.7424657534247,0.281637512083659
3,10,30.9068493150685,0.280848893136569
3,10,31.0712328767123,0.28347329152871
3,10,31.2356164383562,0.279865790746289
3,10,31.4,0.276578257191984
3,10,31.5643835616438,0.275443628152915
3,10,31.7287671232877,0.274430847499127
3,10,31.8931506849315,0.274830482228044
3,10,32.0575342465753,0.273761864064661
3,10,32.2219178082192,0.272995342408419
3,10,32.386301369863,0.270368176048272
3,10,32.5506849315069,0.267593752322226
3,10,32.7150684931507,0.267963968989691
3,10,32.8794520547945,0.265426852665186
3,10,33.0438356164384,0.266366498920327
3,10,33.2082191780822,0.265719779786285
3,10,33.372602739726,0.264605635325337
3,10,33.5369863013699,0.264964412852578
3,10,33.7013698630137,0.265445047887251
3,10,33.8657534246575,0.263596638878256
3,10,34.0301369863014,0.261547403340921
3,10,34.1945205479452,0.25542677524695
3,10,34.358904109589,0.254741059829482
3,10,34.5232876712329,0.255272857079375
3,10,34.6876712328767,0.253925339905633
3,10,34.8520547945205,0.252945582716352
3,10,35.0164383561644,0.249546323395553
3,10,35.1808219178082,0.248064685561593
3,10,35.3452054794521,0.243617936769225
3,10,35.5095890410959,0.24406427197451
3,10,35.6739726027397,0.239311788575547
3,10,35.8383561643836,0.237335159381851
3,10,36.0027397260274,0.237272538958744
3,10,36.1671232876712,0.235376117021376
3,10,36.3315068493151,0.235382367966604
3,10,36.4958904109589,0.236834237505799
3,10,36.6602739726027,0.234449564596032
3,10,36.8246575342466,0.233249343427081
3,10,36.9890410958904,0.231767714308344
3,10,37.1534246575342,0.23054643112485
3,10,37.3178082191781,0.228161967358159
3,10,37.4821917808219,0.22675338656638
3,10,37.6465753424658,0.226837070571351
3,10,37.8109589041096,0.224024212042145
3,10,37.9753424657534,0.22345674018327
3,10,38.1397260273973,0.218590887820977
3,10,38.3041095890411,0.219032307267876
3,10,38.4684931506849,0.218008909084583
3,10,38.6328767123288,0.217357015643427
3,10,38.7972602739726,0.214974000416158
3,10,38.9616438356164,0.21438173407272
3,10,39.1260273972603,0.211979910307236
3,10,39.2904109589041,0.211452557175145
3,10,39.4547945205479,0.211627254776722
3,10,39.6191780821918,0.211912982021472
3,10,39.7835616438356,0.211110006993469
3,10,39.9479452054794,0.208946017560043
3,10,40.1123287671233,0.207117778264601
3,10,40.2767123287671,0.203243053995702
3,10,40.441095890411,0.200046592227075
3,10,40.6054794520548,0.19890424458801
3,10,40.7698630136986,0.197046976347523
3,10,40.9342465753425,0.19560447873706
3,10,41.0986301369863,0.194639658687999
3,10,41.2630136986301,0.192537728069089
3,10,41.427397260274,0.192760911565925
3,10,41.5917808219178,0.19066126923554
3,10,41.7561643835616,0.189300599838528
3,10,41.9205479452055,0.188403888225742
3,10,42.0849315068493,0.188260698249007
3,10,42.2493150684932,0.184855374305019
3,10,42.413698630137,0.183791430668346
3,10,42.5780821917808,0.184483154421745
3,10,42.7424657534247,0.185131333967808
3,10,42.9068493150685,0.1854438307461
3,10,43.0712328767123,0.184293717759474
3,10,43.2356164383562,0.183983547616503
3,10,43.4,0.182593372161562
3,10,43.5643835616438,0.181255811144788
3,10,43.7287671232877,0.177193661954002
3,10,43.8931506849315,0.17413698860201
3,10,44.0575342465753,0.175746363137625
3,10,44.2219178082192,0.174793738814032
3,10,44.386301369863,0.173735816763622
3,10,44.5506849315069,0.172839919201682
3,10,44.7150684931507,0.171209135201436
3,10,44.8794520547945,0.168851928679556
3,10,45.0438356164384,0.168180309832851
3,10,45.2082191780822,0.168214070480475
3,10,45.372602739726,0.167589905694672
3,10,45.5369863013699,0.167216321785599
3,10,45.7013698630137,0.16508849070844
3,10,45.8657534246575,0.164896143684721
3,10,46.0301369863014,0.163321626834114
3,10,46.1945205479452,0.164917525227195
3,10,46.358904109589,0.164278292435937
3,10,46.5232876712329,0.162716409813348
3,10,46.6876712328767,0.161124321368411
3,10,46.8520547945205,0.159124197482813
3,10,47.0164383561644,0.160205975054775
3,10,47.1808219178082,0.162395346657007
3,10,47.3452054794521,0.16434120503126
3,10,47.5095890410959,0.163425004377157
3,10,47.6739726027397,0.163628061330537
3,10,47.8383561643836,0.163151436006545
3,10,48.0027397260274,0.159748155036799
3,10,48.1671232876712,0.156733757616991
3,10,48.3315068493151,0.156141349211789
3,10,48.4958904109589,0.155813537348947
3,10,48.6602739726027,0.155139617352079
3,10,48.8246575342466,0.154791828185223
3,10,48.9890410958904,0.156306301943389
3,10,49.1534246575342,0.154984445848284
3,10,49.3178082191781,0.155069722260828
3,10,49.4821917808219,0.156964873516689
3,10,49.6465753424658,0.15583910887862
3,10,49.8109589041096,0.151474623137862
3,10,49.9753424657534,0.149668716313484
3,20,0.00273972602739726,0.999972975588407
3,20,0.167123287671233,0.999040157834003
3,20,0.331506849315069,0.99680605140055
3,20,0.495890410958904,0.992704182074039
3,20,0.66027397260274,0.981336640694459
3,20,0.824657534246575,0.970817780418873
3,20,0.989041095890411,0.960280429135596
3,20,1.15342465753425,0.944284634667075
3,20,1.31780821917808,0.930141762821979
3,20,1.48219178082192,0.917041962761902
3,20,1.64657534246575,0.901652325017951
3,20,1.81095890410959,0.890563694619908
3,20,1.97534246575342,0.875671344326511
3,20,2.13972602739726,0.862371473870969
3,20,2.3041095890411,0.853540687741075
3,20,2.46849315068493,0.842533445617165
3,20,2.63287671232877,0.831316012970419
3,20,2.7972602739726,0.823720716595349
3,20,2.96164383561644,0.814190531995124
3,20,3.12602739726027,0.811081301888553
3,20,3.29041095890411,0.800189794054926
3,20,3.45479452054795,0.794704834376484
3,20,3.61917808219178,0.786232612004697
3,20,3.78356164383562,0.779555360276141
3,20,3.94794520547945,0.772212273025543
3,20,4.11232876712329,0.763646717122978
3,20,4.27671232876712,0.755624266993336
3,20,4.44109589041096,0.750621306695245
3,20,4.60547945205479,0.740925064276165
3,20,4.76986301369863,0.732175188795249
3,20,4.93424657534247,0.723769003716999
3,20,5.0986301369863,0.719398845430542
3,20,5.26301369863014,0.714168507714513
3,20,5.42739726027397,0.71143160541891
3,20,5.59178082191781,0.706736984768993
3,20,5.75616438356164,0.700965301073943
3,20,5.92054794520548,0.699060361205681
3,20,6.08493150684932,0.692418064509384
3,20,6.24931506849315,0.688054036947052
3,20,6.41369863013699,0.681363351211841
3,20,6.57808219178082,0.677626453767824
3,20,6.74246575342466,0.67249284713162
3,20,6.90684931506849,0.669760588831683
3,20,7.07123287671233,0.666704491349099
3,20,7.23561643835616,0.661341510809994
3,20,7.4,0.658667588649653
3,20,7.56438356164384,0.656135054338907
3,20,7.72876712328767,0.652980350227869
3,20,7.89315068493151,0.650562985056023
3,20,8.05753424657534,0.644532988088573
3,20,8.22191780821918,0.642437947172973
3,20,8.38630136986301,0.634343903280343
3,20,8.55068493150685,0.630646287781319
3,20,8.71506849315069,0.625098352085017
3,20,8.87945205479452,0.621707009484597
3,20,9.04383561643836,0.619511472167441
3,20,9.20821917808219,0.617769831233572
3,20,9.37260273972603,0.616077108568014
3,20,9.53698630136986,0.611346727318448
3,20,9.7013698630137,0.606012654459551
3,20,9.86575342465753,0.600444217042058
3,20,10.0301369863014,0.597413240050144
3,20,10.1945205479452,0.595110061619399
3,20,10.358904109589,0.592627646569375
3,20,10.5232876712329,0.59048401543516
3,20,10.6876712328767,0.590847534621715
3,20,10.8520547945205,0.589428448925888
3,20,11.0164383561644,0.588168896780089
3,20,11.1808219178082,0.585251623081684
3,20,11.3452054794521,0.582712890258848
3,20,11.5095890410959,0.580634470244618
3,20,11.6739726027397,0.5775786897544
3,20,11.8383561643836,0.571726521258291
3,20,12.0027397260274,0.566263232419572
3,20,12.1671232876712,0.563920717034266
3,20,12.3315068493151,0.561956781267614
3,20,12.4958904109589,0.559767840359996
3,20,12.6602739726027,0.555727191370814
3,20,12.8246575342466,0.555392784369448
3,20,12.9890410958904,0.555065815266606
3,20,13.1534246575342,0.554073434859156
3,20,13.3178082191781,0.552215227908228
3,20,13.4821917808219,0.548937798546365
3,20,13.6465753424658,0.548718732591909
3,20,13.8109589041096,0.549412086731609
3,20,13.9753424657534,0.546788243921326
3,20,14.1397260273973,0.546164654220593
3,20,14.3041095890411,0.542535595166029
3,20,14.4684931506849,0.540391732189207
3,20,14.6328767123288,0.536119830762533
3,20,14.7972602739726,0.531148809913307
3,20,14.9616438356164,0.529076777644479
3,20,15.1260273972603,0.525314003762042
3,20,15.2904109589041,0.521093861311658
3,20,15.4547945205479,0.521834401437217
3,20,15.6191780821918,0.518385348026799
3,20,15.7835616438356,0.519742538400506
3,20,15.9479452054795,0.517893037707098
3,20,16.1123287671233,0.51990292528311
3,20,16.2767123287671,0.520615700820353
3,20,16.441095890411,0.519704856253016
3,20,16.6054794520548,0.517839102023849
3,20,16.7698630136986,0.51499084777295
3,20,16.9342465753425,0.511738826093537
3,20,17.0986301369863,0.508342807292702
3,20,17.2630136986301,0.50445680441817
3,20,17.427397260274,0.501789349411415
3,20,17.5917808219178,0.501368148089696
3,20,17.7561643835616,0.501591714427415
3,20,17.9205479452055,0.500598763331688
3,20,18.0849315068493,0.498391408520856
3,20,18.2493150684931,0.497804400231007
3,20,18.413698630137,0.495322567767656
3,20,18.5780821917808,0.494480580892099
3,20,18.7424657534247,0.49197771300138
3,20,18.9068493150685,0.489288937696217
3,20,19.0712328767123,0.484682374518648
3,20,19.2356164383562,0.485857533115357
3,20,19.4,0.486803665626282
3,20,19.5643835616438,0.485727042776177
3,20,19.7287671232877,0.483853743545654
3,20,19.8931506849315,0.483594637545396
3,20,20.0575342465753,0.486559328252475
3,20,20.2219178082192,0.487599656157711
3,20,20.386301369863,0.485207217930987
3,20,20.5506849315069,0.484301910785032
3,20,20.7150684931507,0.482307316858554
3,20,20.8794520547945,0.478607337148719
3,20,21.0438356164384,0.476519069223814
3,20,21.2082191780822,0.476588786666479
3,20,21.372602739726,0.476288455420905
3,20,21.5369863013699,0.473223566657676
3,20,21.7013698630137,0.474850216956918
3,20,21.8657534246575,0.473115225786826
3,20,22.0301369863014,0.47470216097238
3,20,22.1945205479452,0.474483683578733
3,20,22.358904109589,0.473303493211124
3,20,22.5232876712329,0.470962497194837
3,20,22.6876712328767,0.469272196788782
3,20,22.8520547945205,0.468254662205802
3,20,23.0164383561644,0.468053963615966
3,20,23.1808219178082,0.464926294894675
3,20,23.3452054794521,0.464176065067052
3,20,23.5095890410959,0.464990495333646
3,20,23.6739726027397,0.46130675523774
3,20,23.8383561643836,0.457791222026531
3,20,24.0027397260274,0.455824371526275
3,20,24.1671232876712,0.457053062044329
3,20,24.3315068493151,0.453906293419653
3,20,24.4958904109589,0.453080904883819
3,20,24.6602739726027,0.451928968856558
3,20,24.8246575342466,0.451037742572809
3,20,24.9890410958904,0.452406757685778
3,20,25.1534246575342,0.451971108264403
3,20,25.3178082191781,0.450237032404739
3,20,25.4821917808219,0.451844288084127
3,20,25.6465753424658,0.447396475166469
3,20,25.8109589041096,0.447213446537616
3,20,25.9753424657534,0.447255063861061
3,20,26.1397260273973,0.44534104282337
3,20,26.3041095890411,0.444504543725967
3,20,26.4684931506849,0.442753046081494
3,20,26.6328767123288,0.44292808744913
3,20,26.7972602739726,0.441457053921712
3,20,26.9616438356164,0.439489894994431
3,20,27.1260273972603,0.438063701211408
3,20,27.2904109589041,0.437328900522226
3,20,27.4547945205479,0.434472359751515
3,20,27.6191780821918,0.433539295360548
3,20,27.7835616438356,0.434631338263629
3,20,27.9479452054795,0.434093578323686
3,20,28.1123287671233,0.433868931451547
3,20,28.2767123287671,0.431504278528165
3,20,28.441095890411,0.42994474290128
3,20,28.6054794520548,0.428450916115292
3,20,28.7698630136986,0.429622268305094
3,20,28.9342465753425,0.430595306882645
3,20,29.0986301369863,0.429094896533431
3,20,29.2630136986301,0.425509912447318
3,20,29.427397260274,0.424190241108371
3,20,29.5917808219178,0.422741375254549
3,20,29.7561643835616,0.421776035507224
3,20,29.9205479452055,0.420733117143889
3,20,30.0849315068493,0.41935659740001
3,20,30.2493150684931,0.418727203605993
3,20,30.413698630137,0.416305337751679
3,20,30.5780821917808,0.415322916724265
3,20,30.7424657534247,0.414164458473508
3,20,30.9068493150685,0.414162158428667
3,20,31.0712328767123,0.412839829177061
3,20,31.2356164383562,0.412713699936999
3,20,31.4,0.411130119830281
3,20,31.5643835616438,0.410970951897127
3,20,31.7287671232877,0.413833518151209
3,20,31.8931506849315,0.411752018582373
3,20,32.0575342465753,0.411558477208237
3,20,32.2219178082192,0.41223074816517
3,20,32.386301369863,0.411130906106229
3,20,32.5506849315069,0.410627005303607
3,20,32.7150684931507,0.411737306798583
3,20,32.8794520547945,0.414195261137282
3,20,33.0438356164384,0.412654305600263
3,20,33.2082191780822,0.413215120139148
3,20,33.372602739726,0.409914729935789
3,20,33.5369863013699,0.410848603077998
3,20,33.7013698630137,0.408197472964907
3,20,33.8657534246575,0.407344131635199
3,20,34.0301369863014,0.40747356789255
3,20,34.1945205479452,0.405440211872281
3,20,34.358904109589,0.405597521583966
3,20,34.5232876712329,0.405799393564157
3,20,34.6876712328767,0.402932250870724
3,20,34.8520547945205,0.400973594644259
3,20,35.0164383561644,0.401554314571992
3,20,35.1808219178082,0.398610070364284
3,20,35.3452054794521,0.397846407119801
3,20,35.5095890410959,0.39779624676252
3,20,35.6739726027397,0.397236205344442
3,20,35.8383561643836,0.396639224104134
3,20,36.0027397260274,0.395431885798044
3,20,36.1671232876712,0.394848778615697
3,20,36.3315068493151,0.395489589650284
3,20,36.4958904109589,0.393320624354861
3,20,36.6602739726027,0.392289100617322
3,20,36.8246575342466,0.389862772240702
3,20,36.9890410958904,0.386443016514637
3,20,37.1534246575342,0.385324539836421
3,20,37.3178082191781,0.383741607504833
3,20,37.4821917808219,0.384324886775272
3,20,37.6465753424658,0.384862189481126
3,20,37.8109589041096,0.384223636509981
3,20,37.9753424657534,0.381824251504959
3,20,38.1397260273973,0.379271137339144
3,20,38.3041095890411,0.379543312250283
3,20,38.4684931506849,0.375971684087813
3,20,38.6328767123288,0.372908895547394
3,20,38.7972602739726,0.372671671185433
3,20,38.9616438356164,0.372663091052529
3,20,39.1260273972603,0.372728042013355
3,20,39.2904109589041,0.372419354486598
3,20,39.4547945205479,0.374917379031842
3,20,39.6191780821918,0.373953217073169
3,20,39.7835616438356,0.373896007658823
3,20,39.9479452054794,0.371588594007539
3,20,40.1123287671233,0.371161941540692
3,20,40.2767123287671,0.368647386764372
3,20,40.441095890411,0.366612279457555
3,20,40.6054794520548,0.364841219685123
3,20,40.7698630136986,0.362418268396158
3,20,40.9342465753425,0.362198818374241
3,20,41.0986301369863,0.35984657035519
3,20,41.2630136986301,0.360297081480544
3,20,41.427397260274,0.359700568513283
3,20,41.5917808219178,0.359839457928073
3,20,41.7561643835616,0.357807992521717
3,20,41.9205479452055,0.360117955122288
3,20,42.0849315068493,0.357840809360091
3,20,42.2493150684932,0.357702235612673
3,20,42.413698630137,0.358340359918736
3,20,42.5780821917808,0.357942391892686
3,20,42.7424657534247,0.356152413047326
3,20,42.9068493150685,0.353522024540856
3,20,43.0712328767123,0.351775018255049
3,20,43.2356164383562,0.352993529158112
3,20,43.4,0.353447805305959
3,20,43.5643835616438,0.352690608284978
3,20,43.7287671232877,0.35211040984559
3,20,43.8931506849315,0.350290848353367
3,20,44.0575342465753,0.350067631457135
3,20,44.2219178082192,0.347290813310241
3,20,44.386301369863,0.344109251486511
3,20,44.5506849315069,0.342204857226843
3,20,44.7150684931507,0.341233291912374
3,20,44.8794520547945,0.340793228981052
3,20,45.0438356164384,0.340651175631966
3,20,45.2082191780822,0.338963300611139
3,20,45.372602739726,0.338972772625434
3,20,45.5369863013699,0.336720771281289
3,20,45.7013698630137,0.334325721092707
3,20,45.8657534246575,0.333083939667975
3,20,46.0301369863014,0.331196995312171
3,20,46.1945205479452,0.33100069380108
3,20,46.358904109589,0.328598332144647
3,20,46.5232876712329,0.328208233397773
3,20,46.6876712328767,0.327303662697389
3,20,46.8520547945205,0.329664238350767
3,20,47.0164383561644,0.329225553468934
3,20,47.1808219178082,0.329620648367927
3,20,47.3452054794521,0.32849726894209
3,20,47.5095890410959,0.32826337206362
3,20,47.6739726027397,0.327376332555474
3,20,47.8383561643836,0.32619601079631
3,20,48.0027397260274,0.326236981842417
3,20,48.1671232876712,0.327724585383692
3,20,48.3315068493151,0.326705287091409
3,20,48.4958904109589,0.327888827622932
3,20,48.6602739726027,0.32330824433784
3,20,48.8246575342466,0.322585859136727
3,20,48.9890410958904,0.3213274685828
3,20,49.1534246575342,0.320724609723951
3,20,49.3178082191781,0.321974685711902
3,20,49.4821917808219,0.321772276666296
3,20,49.6465753424658,0.322375581201369
3,20,49.8109589041096,0.320706398139596
3,20,49.9753424657534,0.319637059929388
3,50,0.00273972602739726,1.00008711655702
3,50,0.167123287671233,0.997274033806033
3,50,0.331506849315069,0.992548477436711
3,50,0.495890410958904,0.983717803419328
3,50,0.66027397260274,0.974884642877413
3,50,0.824657534246575,0.964697659420238
3,50,0.989041095890411,0.953814465369638
3,50,1.15342465753425,0.942098604874544
3,50,1.31780821917808,0.92749811642197
3,50,1.48219178082192,0.913846338916724
3,50,1.64657534246575,0.900906894293873
3,50,1.81095890410959,0.890930103117769
3,50,1.97534246575342,0.876495230797386
3,50,2.13972602739726,0.865902221578577
3,50,2.3041095890411,0.854258268693694
3,50,2.46849315068493,0.846380215626437
3,50,2.63287671232877,0.835921907972891
3,50,2.7972602739726,0.825916809844619
3,50,2.96164383561644,0.815264238057357
3,50,3.12602739726027,0.807723669779856
3,50,3.29041095890411,0.799427418849526
3,50,3.45479452054795,0.790599009762561
3,50,3.61917808219178,0.780977926655989
3,50,3.78356164383562,0.7736851843609
3,50,3.94794520547945,0.766054969082738
3,50,4.11232876712329,0.759904673009426
3,50,4.27671232876712,0.752645958318694
3,50,4.44109589041096,0.747261036772848
3,50,4.60547945205479,0.739997450041293
3,50,4.76986301369863,0.732013643330239
3,50,4.93424657534247,0.726579148164773
3,50,5.0986301369863,0.722687474657912
3,50,5.26301369863014,0.717191250885605
3,50,5.42739726027397,0.711336787302822
3,50,5.59178082191781,0.707668605777279
3,50,5.75616438356164,0.703559354497668
3,50,5.92054794520548,0.697633638753154
3,50,6.08493150684932,0.695381107791819
3,50,6.24931506849315,0.692540308635088
3,50,6.41369863013699,0.688943813432399
3,50,6.57808219178082,0.686521255798435
3,50,6.74246575342466,0.681690175552118
3,50,6.90684931506849,0.679370870300976
3,50,7.07123287671233,0.67572874535764
3,50,7.23561643835616,0.671663990854245
3,50,7.4,0.66865271711998
3,50,7.56438356164384,0.665453640454194
3,50,7.72876712328767,0.662533030533839
3,50,7.89315068493151,0.658933916384619
3,50,8.05753424657534,0.656550415219603
3,50,8.22191780821918,0.652873795666912
3,50,8.38630136986301,0.649078644073241
3,50,8.55068493150685,0.645809958317587
3,50,8.71506849315069,0.64421234947451
3,50,8.87945205479452,0.640753698006903
3,50,9.04383561643836,0.637802729355625
3,50,9.20821917808219,0.634638988987468
3,50,9.37260273972603,0.630039296496554
3,50,9.53698630136986,0.626432590571412
3,50,9.7013698630137,0.624916848091697
3,50,9.86575342465753,0.621549649611663
3,50,10.0301369863014,0.618783173129436
3,50,10.1945205479452,0.615202627319011
3,50,10.358904109589,0.613985579692937
3,50,10.5232876712329,0.612632493969519
3,50,10.6876712328767,0.611620647594276
3,50,10.8520547945205,0.60820878586585
3,50,11.0164383561644,0.605830163118949
3,50,11.1808219178082,0.603183000785726
3,50,11.3452054794521,0.600325297367352
3,50,11.5095890410959,0.597356537670168
3,50,11.6739726027397,0.595921781187346
3,50,11.8383561643836,0.594033888498591
3,50,12.0027397260274,0.593725044163585
3,50,12.1671232876712,0.59217130712576
3,50,12.3315068493151,0.590262323828016
3,50,12.4958904109589,0.587306180366845
3,50,12.6602739726027,0.585089152076915
3,50,12.8246575342466,0.584749569026344
3,50,12.9890410958904,0.582338843667975
3,50,13.1534246575342,0.579610352128114
3,50,13.3178082191781,0.575673921023053
3,50,13.4821917808219,0.575278397818571
3,50,13.6465753424658,0.573073582944883
3,50,13.8109589041096,0.571765804860017
3,50,13.9753424657534,0.572704847384022
3,50,14.1397260273973,0.571447162558532
3,50,14.3041095890411,0.57161641724269
3,50,14.4684931506849,0.571941931072435
3,50,14.6328767123288,0.572100467468107
3,50,14.7972602739726,0.570828229995141
3,50,14.9616438356164,0.570351490655583
3,50,15.1260273972603,0.571009251877984
3,50,15.2904109589041,0.569196217458869
3,50,15.4547945205479,0.566443001199414
3,50,15.6191780821918,0.566965518099692
3,50,15.7835616438356,0.565044046763749
3,50,15.9479452054795,0.564413078958851
3,50,16.1123287671233,0.563426169676279
3,50,16.2767123287671,0.560440128084648
3,50,16.441095890411,0.559583637104742
3,50,16.6054794520548,0.559507733528568
3,50,16.7698630136986,0.55920876900412
3,50,16.9342465753425,0.560457634853412
3,50,17.0986301369863,0.560222051527535
3,50,17.2630136986301,0.559258889025809
3,50,17.427397260274,0.559990127208112
3,50,17.5917808219178,0.559068316722058
3,50,17.7561643835616,0.559164947108864
3,50,17.9205479452055,0.558242284458892
3,50,18.0849315068493,0.558132893909835
3,50,18.2493150684931,0.555921277309052
3,50,18.413698630137,0.555676623732519
3,50,18.5780821917808,0.554736789669728
3,50,18.7424657534247,0.554175231213798
3,50,18.9068493150685,0.551288661241581
3,50,19.0712328767123,0.553301676161786
3,50,19.2356164383562,0.553343603433734
3,50,19.4,0.552236866811658
3,50,19.5643835616438,0.551402088786422
3,50,19.7287671232877,0.550256433995706
3,50,19.8931506849315,0.550650225580201
3,50,20.0575342465753,0.552982399581465
3,50,20.2219178082192,0.552861274061236
3,50,20.386301369863,0.552745890178367
3,50,20.5506849315069,0.551096038874815
3,50,20.7150684931507,0.549177135994367
3,50,20.8794520547945,0.549332829727354
3,50,21.0438356164384,0.549097436813073
3,50,21.2082191780822,0.549809627018143
3,50,21.372602739726,0.549747669702501
3,50,21.5369863013699,0.549124498189076
3,50,21.7013698630137,0.549329847365418
3,50,21.8657534246575,0.548183044186278
3,50,22.0301369863014,0.548005383386008
3,50,22.1945205479452,0.55043870998397
3,50,22.358904109589,0.549698579478274
3,50,22.5232876712329,0.549973960096512
3,50,22.6876712328767,0.549345382115269
3,50,22.8520547945205,0.549749897602611
3,50,23.0164383561644,0.548260341861587
3,50,23.1808219178082,0.547826858626814
3,50,23.3452054794521,0.547013555853011
3,50,23.5095890410959,0.546731951515459
3,50,23.6739726027397,0.547957848016621
3,50,23.8383561643836,0.548416974630825
3,50,24.0027397260274,0.54844916621843
3,50,24.1671232876712,0.549045907873704
3,50,24.3315068493151,0.548798351361096
3,50,24.4958904109589,0.54949871271303
3,50,24.6602739726027,0.551573682445217
3,50,24.8246575342466,0.551825913545864
3,50,24.9890410958904,0.550889328011794
3,50,25.1534246575342,0.551908944226787
3,50,25.3178082191781,0.5507733942179
3,50,25.4821917808219,0.550587976847814
3,50,25.6465753424658,0.550453231149694
3,50,25.8109589041096,0.550632990793221
3,50,25.9753424657534,0.551008832860442
3,50,26.1397260273973,0.55142193900346
3,50,26.3041095890411,0.55119231219335
3,50,26.4684931506849,0.553177180724478
3,50,26.6328767123288,0.555461622573648
3,50,26.7972602739726,0.556874824079777
3,50,26.9616438356164,0.556937819032838
3,50,27.1260273972603,0.55563065956637
3,50,27.2904109589041,0.555098882196528
3,50,27.4547945205479,0.555368572498071
3,50,27.6191780821918,0.555194888152818
3,50,27.7835616438356,0.555208541646678
3,50,27.9479452054795,0.555337475985697
3,50,28.1123287671233,0.555906337209216
3,50,28.2767123287671,0.553083002190982
3,50,28.441095890411,0.553029123498279
3,50,28.6054794520548,0.554367120736246
3,50,28.7698630136986,0.553406562704738
3,50,28.9342465753425,0.553389435598256
3,50,29.0986301369863,0.552154713178018
3,50,29.2630136986301,0.552833913856976
3,50,29.427397260274,0.551167030475229
3,50,29.5917808219178,0.551804203224902
3,50,29.7561643835616,0.552706441943487
3,50,29.9205479452055,0.552256594740483
3,50,30.0849315068493,0.551097704379212
3,50,30.2493150684931,0.5509721286067
3,50,30.413698630137,0.55018438161382
3,50,30.5780821917808,0.548424195725774
3,50,30.7424657534247,0.549256463449838
3,50,30.9068493150685,0.548582513522239
3,50,31.0712328767123,0.54692595020752
3,50,31.2356164383562,0.548272537440049
3,50,31.4,0.548229229311425
3,50,31.5643835616438,0.548653734384913
3,50,31.7287671232877,0.549762817385341
3,50,31.8931506849315,0.550683826968064
3,50,32.0575342465753,0.551562647712836
3,50,32.2219178082192,0.552006010557695
3,50,32.386301369863,0.552154920013718
3,50,32.5506849315069,0.552362538587247
3,50,32.7150684931507,0.551818509363873
3,50,32.8794520547945,0.551929295026732
3,50,33.0438356164384,0.552727429008755
3,50,33.2082191780822,0.551761628722658
3,50,33.372602739726,0.550401191746884
3,50,33.5369863013699,0.549151074454705
3,50,33.7013698630137,0.549001077824653
3,50,33.8657534246575,0.551557266760581
3,50,34.0301369863014,0.551308224787013
3,50,34.1945205479452,0.54976105529681
3,50,34.358904109589,0.550453354066749
3,50,34.5232876712329,0.548217352492232
3,50,34.6876712328767,0.548372850279929
3,50,34.8520547945205,0.547953090071848
3,50,35.0164383561644,0.547129769648815
3,50,35.1808219178082,0.547578140281888
3,50,35.3452054794521,0.545513268935355
3,50,35.5095890410959,0.545011658643791
3,50,35.6739726027397,0.545729449061096
3,50,35.8383561643836,0.545576360563925
3,50,36.0027397260274,0.54618666695572
3,50,36.1671232876712,0.545162043293242
3,50,36.3315068493151,0.545066424812442
3,50,36.4958904109589,0.543968714542067
3,50,36.6602739726027,0.545357265820505
3,50,36.8246575342466,0.545432786148019
3,50,36.9890410958904,0.545771550898651
3,50,37.1534246575342,0.54560302577411
3,50,37.3178082191781,0.546926139734873
3,50,37.4821917808219,0.546299682969225
3,50,37.6465753424658,0.545680381195283
3,50,37.8109589041096,0.5455108496535
3,50,37.9753424657534,0.54614767381168
3,50,38.1397260273973,0.544530734006444
3,50,38.3041095890411,0.545375183989388
3,50,38.4684931506849,0.545172839993101
3,50,38.6328767123288,0.544923136139582
3,50,38.7972602739726,0.544642954122871
3,50,38.9616438356164,0.543305764050647
3,50,39.1260273972603,0.542751363041986
3,50,39.2904109589041,0.544685580795628
3,50,39.4547945205479,0.544377917176202
3,50,39.6191780821918,0.544537105543798
3,50,39.7835616438356,0.545318951443028
3,50,39.9479452054794,0.54479169962762
3,50,40.1123287671233,0.545453637695663
3,50,40.2767123287671,0.545480924188596
3,50,40.441095890411,0.545499963224374
3,50,40.6054794520548,0.54659273441388
3,50,40.7698630136986,0.547747499166726
3,50,40.9342465753425,0.547221375321648
3,50,41.0986301369863,0.547365383530215
3,50,41.2630136986301,0.547423179158758
3,50,41.427397260274,0.546112178525842
3,50,41.5917808219178,0.546037737626567
3,50,41.7561643835616,0.543634377315338
3,50,41.9205479452055,0.543835885250973
3,50,42.0849315068493,0.54244672200428
3,50,42.2493150684932,0.543553695371832
3,50,42.413698630137,0.543202222266819
3,50,42.5780821917808,0.543044990502217
3,50,42.7424657534247,0.542158059426704
3,50,42.9068493150685,0.541642971849381
3,50,43.0712328767123,0.542555173047299
3,50,43.2356164383562,0.544168217240483
3,50,43.4,0.545382036160657
3,50,43.5643835616438,0.544175194500615
3,50,43.7287671232877,0.543034371016606
3,50,43.8931506849315,0.543990695833011
3,50,44.0575342465753,0.543000138375026
3,50,44.2219178082192,0.542174842948195
3,50,44.386301369863,0.542002085264538
3,50,44.5506849315069,0.541572239448992
3,50,44.7150684931507,0.541073161897831
3,50,44.8794520547945,0.539118946214026
3,50,45.0438356164384,0.539993797167617
3,50,45.2082191780822,0.538790183628779
3,50,45.372602739726,0.537620994697728
3,50,45.5369863013699,0.537613002199073
3,50,45.7013698630137,0.539011523664209
3,50,45.8657534246575,0.538201732101933
3,50,46.0301369863014,0.537911581362727
3,50,46.1945205479452,0.536971558156461
3,50,46.358904109589,0.537612770011069
3,50,46.5232876712329,0.538326223129454
3,50,46.6876712328767,0.538738169935767
3,50,46.8520547945205,0.538602038959391
3,50,47.0164383561644,0.536784272716071
3,50,47.1808219178082,0.53569450519363
3,50,47.3452054794521,0.534899170079899
3,50,47.5095890410959,0.533258648429089
3,50,47.6739726027397,0.53444069777853
3,50,47.8383561643836,0.535109151561318
3,50,48.0027397260274,0.536862984118408
3,50,48.1671232876712,0.537052439459031
3,50,48.3315068493151,0.537858382078899
3,50,48.4958904109589,0.537329963043558
3,50,48.6602739726027,0.537167048074805
3,50,48.8246575342466,0.537580777892964
3,50,48.9890410958904,0.537653505290608
3,50,49.1534246575342,0.53847893978555
3,50,49.3178082191781,0.538833614247588
3,50,49.4821917808219,0.540309721374439
3,50,49.6465753424658,0.541297961482095
3,50,49.8109589041096,0.541833447883292
3,50,49.9753424657534,0.541739983548788
3,100,0.00273972602739726,0.999851113039288
3,100,0.167123287671233,0.997521877492329
3,100,0.331506849315069,0.99330773975353
3,100,0.495890410958904,0.984308390806656
3,100,0.66027397260274,0.976970564469013
3,100,0.824657534246575,0.965900021105437
3,100,0.989041095890411,0.95457000819631
3,100,1.15342465753425,0.939977055587995
3,100,1.31780821917808,0.927693408998882
3,100,1.48219178082192,0.91486091120318
3,100,1.64657534246575,0.90196599280432
3,100,1.81095890410959,0.888531832667446
3,100,1.97534246575342,0.875618195045532
3,100,2.13972602739726,0.864202158155554
3,100,2.3041095890411,0.852776952629602
3,100,2.46849315068493,0.84191931544453
3,100,2.63287671232877,0.830578101393407
3,100,2.7972602739726,0.821118606121467
3,100,2.96164383561644,0.812462865694341
3,100,3.12602739726027,0.803977005666973
3,100,3.29041095890411,0.794903061188747
3,100,3.45479452054795,0.788136880888007
3,100,3.61917808219178,0.779502095402039
3,100,3.78356164383562,0.77221388185249
3,100,3.94794520547945,0.766990516296994
3,100,4.11232876712329,0.759265117594133
3,100,4.27671232876712,0.75284865590995
3,100,4.44109589041096,0.745426300883903
3,100,4.60547945205479,0.738847515188849
3,100,4.76986301369863,0.732624353707942
3,100,4.93424657534247,0.727231508925919
3,100,5.0986301369863,0.721799551936883
3,100,5.26301369863014,0.716602277254897
3,100,5.42739726027397,0.712439957109647
3,100,5.59178082191781,0.707022751716581
3,100,5.75616438356164,0.702962747620254
3,100,5.92054794520548,0.698792804063338
3,100,6.08493150684932,0.693976713050029
3,100,6.24931506849315,0.689068293272806
3,100,6.41369863013699,0.685107810483072
3,100,6.57808219178082,0.68176690010637
3,100,6.74246575342466,0.677642939622548
3,100,6.90684931506849,0.674567943226251
3,100,7.07123287671233,0.668660804737507
3,100,7.23561643835616,0.663837593349662
3,100,7.4,0.661417036731385
3,100,7.56438356164384,0.656789304557122
3,100,7.72876712328767,0.654736614604058
3,100,7.89315068493151,0.651831136004579
3,100,8.05753424657534,0.648390248264572
3,100,8.22191780821918,0.644568716059606
3,100,8.38630136986301,0.640942413751472
3,100,8.55068493150685,0.638219741893039
3,100,8.71506849315069,0.634657614155495
3,100,8.87945205479452,0.633271344943209
3,100,9.04383561643836,0.631514541745987
3,100,9.20821917808219,0.628094681323948
3,100,9.37260273972603,0.627021678775872
3,100,9.53698630136986,0.625217445355905
3,100,9.7013698630137,0.623438731369602
3,100,9.86575342465753,0.620463424704048
3,100,10.0301369863014,0.617522668950135
3,100,10.1945205479452,0.615567012807386
3,100,10.358904109589,0.612177684429837
3,100,10.5232876712329,0.61135896576441
3,100,10.6876712328767,0.610483621721692
3,100,10.8520547945205,0.60794338898919
3,100,11.0164383561644,0.606849528353322
3,100,11.1808219178082,0.605845656559768
3,100,11.3452054794521,0.604609590464096
3,100,11.5095890410959,0.603972118209593
3,100,11.6739726027397,0.601034001889379
3,100,11.8383561643836,0.599621328400663
3,100,12.0027397260274,0.599539611619793
3,100,12.1671232876712,0.598472563897586
3,100,12.3315068493151,0.596751672431846
3,100,12.4958904109589,0.595749258669491
3,100,12.6602739726027,0.594184734666855
3,100,12.8246575342466,0.594497903280373
3,100,12.9890410958904,0.592428479315112
3,100,13.1534246575342,0.59135256718859
3,100,13.3178082191781,0.591833066342192
3,100,13.4821917808219,0.590912939495931
3,100,13.6465753424658,0.590076670596691
3,100,13.8109589041096,0.588625623546679
3,100,13.9753424657534,0.587026489253853
3,100,14.1397260273973,0.587929064754531
3,100,14.3041095890411,0.587183073084661
3,100,14.4684931506849,0.585560238010976
3,100,14.6328767123288,0.585164080022565
3,100,14.7972602739726,0.58579496473023
3,100,14.9616438356164,0.583905011823796
3,100,15.1260273972603,0.583628957559412
3,100,15.2904109589041,0.582745225997614
3,100,15.4547945205479,0.582132050558891
3,100,15.6191780821918,0.582705264039954
3,100,15.7835616438356,0.582586258323121
3,100,15.9479452054795,0.582135873119957
3,100,16.1123287671233,0.581514486604858
3,100,16.2767123287671,0.580932231668007
3,100,16.441095890411,0.580342562174853
3,100,16.6054794520548,0.579728121227618
3,100,16.7698630136986,0.580093256963465
3,100,16.9342465753425,0.579565022984744
3,100,17.0986301369863,0.579398314436004
3,100,17.2630136986301,0.578713997658455
3,100,17.427397260274,0.577850483341228
3,100,17.5917808219178,0.576779564320255
3,100,17.7561643835616,0.578345710887387
3,100,17.9205479452055,0.57871524411286
3,100,18.0849315068493,0.578404511974036
3,100,18.2493150684931,0.577605645672127
3,100,18.413698630137,0.577413932047545
3,100,18.5780821917808,0.576272699426415
3,100,18.7424657534247,0.576177963507528
3,100,18.9068493150685,0.576949188524674
3,100,19.0712328767123,0.575591506811875
3,100,19.2356164383562,0.576475440622268
3,100,19.4,0.576288542848341
3,100,19.5643835616438,0.576791850151211
3,100,19.7287671232877,0.575040244814081
3,100,19.8931506849315,0.574181393568483
3,100,20.0575342465753,0.574414653612281
3,100,20.2219178082192,0.574304163078266
3,100,20.386301369863,0.574200229053719
3,100,20.5506849315069,0.574273755483046
3,100,20.7150684931507,0.574820099397623
3,100,20.8794520547945,0.575669583691345
3,100,21.0438356164384,0.575563616420013
3,100,21.2082191780822,0.573808752280623
3,100,21.372602739726,0.574293007267964
3,100,21.5369863013699,0.571962276743651
3,100,21.7013698630137,0.57095706410684
3,100,21.8657534246575,0.570895130332965
3,100,22.0301369863014,0.570970436507747
3,100,22.1945205479452,0.569888526983762
3,100,22.358904109589,0.569981677907584
3,100,22.5232876712329,0.569602213195268
3,100,22.6876712328767,0.569724167314459
3,100,22.8520547945205,0.570343850560974
3,100,23.0164383561644,0.569775013882111
3,100,23.1808219178082,0.569524063195924
3,100,23.3452054794521,0.568126973198696
3,100,23.5095890410959,0.56723669918134
3,100,23.6739726027397,0.568213838498774
3,100,23.8383561643836,0.568190274138164
3,100,24.0027397260274,0.568436965288513
3,100,24.1671232876712,0.567624613366819
3,100,24.3315068493151,0.568599577704548
3,100,24.4958904109589,0.567575838639954
3,100,24.6602739726027,0.566864769391567
3,100,24.8246575342466,0.567072826404486
3,100,24.9890410958904,0.568592624698495
3,100,25.1534246575342,0.568516740777757
3,100,25.3178082191781,0.568333858657262
3,100,25.4821917808219,0.568615559305284
3,100,25.6465753424658,0.569735273724083
3,100,25.8109589041096,0.570323987894069
3,100,25.9753424657534,0.570913705828483
3,100,26.1397260273973,0.572648431469501
3,100,26.3041095890411,0.572280202425376
3,100,26.4684931506849,0.571905830578219
3,100,26.6328767123288,0.57296248998763
3,100,26.7972602739726,0.57214439434538
3,100,26.9616438356164,0.573136973937613
3,100,27.1260273972603,0.572972749665203
3,100,27.2904109589041,0.571987483106896
3,100,27.4547945205479,0.572129154301838
3,100,27.6191780821918,0.572866983412993
3,100,27.7835616438356,0.572355991733273
3,100,27.9479452054795,0.572910697471294
3,100,28.1123287671233,0.573007875222214
3,100,28.2767123287671,0.574591090856583
3,100,28.441095890411,0.573784642318928
3,100,28.6054794520548,0.572774337440446
3,100,28.7698630136986,0.57358205806054
3,100,28.9342465753425,0.574008038536395
3,100,29.0986301369863,0.574312481236226
3,100,29.2630136986301,0.573657962064194
3,100,29.427397260274,0.572341973191249
3,100,29.5917808219178,0.572089324977095
3,100,29.7561643835616,0.573280749570507
3,100,29.9205479452055,0.573881876859734
3,100,30.0849315068493,0.573293478426221
3,100,30.2493150684931,0.572838848355056
3,100,30.413698630137,0.572602083707202
3,100,30.5780821917808,0.572237289674081
3,100,30.7424657534247,0.571558815591418
3,100,30.9068493150685,0.570821564769922
3,100,31.0712328767123,0.571397473974466
3,100,31.2356164383562,0.570877483497779
3,100,31.4,0.570754030321243
3,100,31.5643835616438,0.57150689724918
3,100,31.7287671232877,0.571547138743813
3,100,31.8931506849315,0.571180321412109
3,100,32.0575342465753,0.569555265604417
3,100,32.2219178082192,0.570986016782817
3,100,32.386301369863,0.570129468395584
3,100,32.5506849315069,0.571947836731522
3,100,32.7150684931507,0.570202668738861
3,100,32.8794520547945,0.57070513772229
3,100,33.0438356164384,0.5714339701744
3,100,33.2082191780822,0.572036077339812
3,100,33.372602739726,0.572945147619816
3,100,33.5369863013699,0.5711056932327
3,100,33.7013698630137,0.571378158899185
3,100,33.8657534246575,0.571384675805941
3,100,34.0301369863014,0.57142871250123
3,100,34.1945205479452,0.571052195919463
3,100,34.358904109589,0.570284630968338
3,100,34.5232876712329,0.56994594977639
3,100,34.6876712328767,0.569563154124322
3,100,34.8520547945205,0.569129942637
3,100,35.0164383561644,0.569502526808242
3,100,35.1808219178082,0.570213611200568
3,100,35.3452054794521,0.569775300414321
3,100,35.5095890410959,0.570541128264522
3,100,35.6739726027397,0.570142473989035
3,100,35.8383561643836,0.571583576971432
3,100,36.0027397260274,0.571814110342003
3,100,36.1671232876712,0.571534081004196
3,100,36.3315068493151,0.571439600405838
3,100,36.4958904109589,0.571538752871153
3,100,36.6602739726027,0.569688003425118
3,100,36.8246575342466,0.56897893172809
3,100,36.9890410958904,0.568678395091331
3,100,37.1534246575342,0.567172470675889
3,100,37.3178082191781,0.56586906604111
3,100,37.4821917808219,0.56540652991051
3,100,37.6465753424658,0.564409564433356
3,100,37.8109589041096,0.564608639431394
3,100,37.9753424657534,0.565107580066543
3,100,38.1397260273973,0.565920660364648
3,100,38.3041095890411,0.56611303047207
3,100,38.4684931506849,0.564870724149176
3,100,38.6328767123288,0.564533808862849
3,100,38.7972602739726,0.564692272731819
3,100,38.9616438356164,0.566569848490967
3,100,39.1260273972603,0.56752414966
3,100,39.2904109589041,0.567463127117082
3,100,39.4547945205479,0.567149800356007
3,100,39.6191780821918,0.567926127360981
3,100,39.7835616438356,0.568877877433185
3,100,39.9479452054794,0.567449604688747
3,100,40.1123287671233,0.566961920596189
3,100,40.2767123287671,0.567583377877989
3,100,40.441095890411,0.566921142414301
3,100,40.6054794520548,0.56642116393813
3,100,40.7698630136986,0.566372034240518
3,100,40.9342465753425,0.566694575102018
3,100,41.0986301369863,0.566373188517222
3,100,41.2630136986301,0.566314289070537
3,100,41.427397260274,0.567047041882458
3,100,41.5917808219178,0.567029039004313
3,100,41.7561643835616,0.5664830609612
3,100,41.9205479452055,0.566096792445937
3,100,42.0849315068493,0.565822288158529
3,100,42.2493150684932,0.566184035068876
3,100,42.413698630137,0.56622897470598
3,100,42.5780821917808,0.566993716798242
3,100,42.7424657534247,0.566770741287442
3,100,42.9068493150685,0.566431165654388
3,100,43.0712328767123,0.56666300986406
3,100,43.2356164383562,0.566434147716273
3,100,43.4,0.56528461493154
3,100,43.5643835616438,0.56529065557588
3,100,43.7287671232877,0.566727346071908
3,100,43.8931506849315,0.56661676654784
3,100,44.0575342465753,0.566943187556906
3,100,44.2219178082192,0.569204391977009
3,100,44.386301369863,0.570601661748029
3,100,44.5506849315069,0.57172918863293
3,100,44.7150684931507,0.571084512803791
3,100,44.8794520547945,0.571018576849333
3,100,45.0438356164384,0.571898986670623
3,100,45.2082191780822,0.571975423910728
3,100,45.372602739726,0.572089240035646
3,100,45.5369863013699,0.571956276567229
3,100,45.7013698630137,0.571489487870481
3,100,45.8657534246575,0.57197134661849
3,100,46.0301369863014,0.573141514038887
3,100,46.1945205479452,0.573054841825153
3,100,46.358904109589,0.57372730222137
3,100,46.5232876712329,0.573147366052078
3,100,46.6876712328767,0.573032457751492
3,100,46.8520547945205,0.573895916793159
3,100,47.0164383561644,0.574761115009213
3,100,47.1808219178082,0.5753527420949
3,100,47.3452054794521,0.574308765237579
3,100,47.5095890410959,0.575470907998858
3,100,47.6739726027397,0.575472550105442
3,100,47.8383561643836,0.576147080696157
3,100,48.0027397260274,0.577059043698194
3,100,48.1671232876712,0.579577645449542
3,100,48.3315068493151,0.579825301931864
3,100,48.4958904109589,0.57919814772072
3,100,48.6602739726027,0.578558627710445
3,100,48.8246575342466,0.578006015164617
3,100,48.9890410958904,0.57792930441745
3,100,49.1534246575342,0.577875327301267
3,100,49.3178082191781,0.578624561326675
3,100,49.4821917808219,0.578967618665408
3,100,49.6465753424658,0.578847452673524
3,100,49.8109589041096,0.578750575527929
3,100,49.9753424657534,0.578417245317628
3,200,0.00273972602739726,0.999914003588246
3,200,0.167123287671233,0.997961657723325
3,200,0.331506849315069,0.993442283132518
3,200,0.495890410958904,0.986769477881188
3,200,0.66027397260274,0.977306716430698
3,200,0.824657534246575,0.967014467307048
3,200,0.989041095890411,0.956301915744635
3,200,1.15342465753425,0.943370024106465
3,200,1.31780821917808,0.927957579043369
3,200,1.48219178082192,0.914898168005595
3,200,1.64657534246575,0.900716272822547
3,200,1.81095890410959,0.887555403496509
3,200,1.97534246575342,0.875258137540616
3,200,2.13972602739726,0.863167876390812
3,200,2.3041095890411,0.852690712109878
3,200,2.46849315068493,0.841685858474629
3,200,2.63287671232877,0.831914493861993
3,200,2.7972602739726,0.821222978587544
3,200,2.96164383561644,0.812106648410994
3,200,3.12602739726027,0.803673801320084
3,200,3.29041095890411,0.795913817390994
3,200,3.45479452054795,0.787512035509741
3,200,3.61917808219178,0.780321496267023
3,200,3.78356164383562,0.773611911568455
3,200,3.94794520547945,0.766180175947218
3,200,4.11232876712329,0.759755662182455
3,200,4.27671232876712,0.752731500418047
3,200,4.44109589041096,0.746478573501569
3,200,4.60547945205479,0.740419969695412
3,200,4.76986301369863,0.733410414394842
3,200,4.93424657534247,0.727757426981911
3,200,5.0986301369863,0.723004366379468
3,200,5.26301369863014,0.716813511919256
3,200,5.42739726027397,0.71193765364043
3,200,5.59178082191781,0.706317223484404
3,200,5.75616438356164,0.701309828248329
3,200,5.92054794520548,0.696587565572903
3,200,6.08493150684932,0.691812055032444
3,200,6.24931506849315,0.687478538251994
3,200,6.41369863013699,0.683644178225308
3,200,6.57808219178082,0.67883646694517
3,200,6.74246575342466,0.674629183237741
3,200,6.90684931506849,0.670614020298238
3,200,7.07123287671233,0.667681853936753
3,200,7.23561643835616,0.663222852097047
3,200,7.4,0.66007078335944
3,200,7.56438356164384,0.656402381359681
3,200,7.72876712328767,0.652344503366997
3,200,7.89315068493151,0.649551734669227
3,200,8.05753424657534,0.646983264090409
3,200,8.22191780821918,0.644551754291266
3,200,8.38630136986301,0.642799059931509
3,200,8.55068493150685,0.639632644088337
3,200,8.71506849315069,0.636921917325197
3,200,8.87945205479452,0.63529579265682
3,200,9.04383561643836,0.633149379780122
3,200,9.20821917808219,0.631303050982099
3,200,9.37260273972603,0.62951272759085
3,200,9.53698630136986,0.626881008315582
3,200,9.7013698630137,0.625099011095001
3,200,9.86575342465753,0.624143153152688
3,200,10.0301369863014,0.622721560892817
3,200,10.1945205479452,0.620818339831145
3,200,10.358904109589,0.618666369331464
3,200,10.5232876712329,0.617484925504219
3,200,10.6876712328767,0.615544643983734
3,200,10.8520547945205,0.613555019773994
3,200,11.0164383561644,0.611983510052358
3,200,11.1808219178082,0.610015958530304
3,200,11.3452054794521,0.608138761528291
3,200,11.5095890410959,0.607384006216997
3,200,11.6739726027397,0.606244214285686
3,200,11.8383561643836,0.605502784153863
3,200,12.0027397260274,0.60369236601893
3,200,12.1671232876712,0.603987889821142
3,200,12.3315068493151,0.603435722925958
3,200,12.4958904109589,0.602661486722636
3,200,12.6602739726027,0.602261263422625
3,200,12.8246575342466,0.601703434427872
3,200,12.9890410958904,0.600669173788487
3,200,13.1534246575342,0.599959212203582
3,200,13.3178082191781,0.598830830348597
3,200,13.4821917808219,0.597654599021164
3,200,13.6465753424658,0.596056964022339
3,200,13.8109589041096,0.594040931557999
3,200,13.9753424657534,0.5935189633286
3,200,14.1397260273973,0.592637109947962
3,200,14.3041095890411,0.591778254468918
3,200,14.4684931506849,0.591419675415349
3,200,14.6328767123288,0.590719667556233
3,200,14.7972602739726,0.589663544440905
3,200,14.9616438356164,0.589592203483629
3,200,15.1260273972603,0.588829097143525
3,200,15.2904109589041,0.587921099159627
3,200,15.4547945205479,0.586488421487082
3,200,15.6191780821918,0.586246714156388
3,200,15.7835616438356,0.587089112706331
3,200,15.9479452054795,0.587592982768489
3,200,16.1123287671233,0.587452411524762
3,200,16.2767123287671,0.5863756200314
3,200,16.441095890411,0.586731539235096
3,200,16.6054794520548,0.586712686360715
3,200,16.7698630136986,0.586569080408697
3,200,16.9342465753425,0.586800532718555
3,200,17.0986301369863,0.586979298915248
3,200,17.2630136986301,0.586348424978427
3,200,17.427397260274,0.585912043453449
3,200,17.5917808219178,0.585377559885733
3,200,17.7561643835616,0.584935296171228
3,200,17.9205479452055,0.585165882698186
3,200,18.0849315068493,0.5848806422524
3,200,18.2493150684931,0.585068306042234
3,200,18.413698630137,0.585852001187263
3,200,18.5780821917808,0.584321187836446
3,200,18.7424657534247,0.583924486917631
3,200,18.9068493150685,0.584379910769477
3,200,19.0712328767123,0.584679086277854
3,200,19.2356164383562,0.584340016892712
3,200,19.4,0.583255409360372
3,200,19.5643835616438,0.582887681436971
3,200,19.7287671232877,0.582592892250594
3,200,19.8931506849315,0.582458708755155
3,200,20.0575342465753,0.582509099211771
3,200,20.2219178082192,0.582267559639017
3,200,20.386301369863,0.582488468670053
3,200,20.5506849315069,0.582783417650657
3,200,20.7150684931507,0.582626944398695
3,200,20.8794520547945,0.581353307911502
3,200,21.0438356164384,0.581562307194925
3,200,21.2082191780822,0.58097635360394
3,200,21.372602739726,0.579728870462478
3,200,21.5369863013699,0.578944953979459
3,200,21.7013698630137,0.57865053234086
3,200,21.8657534246575,0.579923333312016
3,200,22.0301369863014,0.579779741861954
3,200,22.1945205479452,0.579829091308601
3,200,22.358904109589,0.579049529747859
3,200,22.5232876712329,0.57890339214506
3,200,22.6876712328767,0.579568312812143
3,200,22.8520547945205,0.58007014360771
3,200,23.0164383561644,0.580663758413458
3,200,23.1808219178082,0.580917380430757
3,200,23.3452054794521,0.581281245913343
3,200,23.5095890410959,0.580638348815683
3,200,23.6739726027397,0.580087400499811
3,200,23.8383561643836,0.580815913573432
3,200,24.0027397260274,0.581192033980737
3,200,24.1671232876712,0.580952354380314
3,200,24.3315068493151,0.580903808118949
3,200,24.4958904109589,0.580822861065591
3,200,24.6602739726027,0.580828620204894
3,200,24.8246575342466,0.581272388320082
3,200,24.9890410958904,0.581513015239162
3,200,25.1534246575342,0.581935862567172
3,200,25.3178082191781,0.581361967039754
3,200,25.4821917808219,0.581765534334745
3,200,25.6465753424658,0.581800388943348
3,200,25.8109589041096,0.581749682312863
3,200,25.9753424657534,0.5810191344639
3,200,26.1397260273973,0.581071654454648
3,200,26.3041095890411,0.580663265625826
3,200,26.4684931506849,0.580136857235937
3,200,26.6328767123288,0.580477726899159
3,200,26.7972602739726,0.580540080154897
3,200,26.9616438356164,0.580210966903593
3,200,27.1260273972603,0.580215464516931
3,200,27.2904109589041,0.579773893223445
3,200,27.4547945205479,0.580206755687716
3,200,27.6191780821918,0.581415092445714
3,200,27.7835616438356,0.580910508996964
3,200,27.9479452054795,0.580734495112271
3,200,28.1123287671233,0.58137238620984
3,200,28.2767123287671,0.580217327543129
3,200,28.441095890411,0.580326333383497
3,200,28.6054794520548,0.579700934376198
3,200,28.7698630136986,0.579427177712943
3,200,28.9342465753425,0.579644601267023
3,200,29.0986301369863,0.5791435172269
3,200,29.2630136986301,0.578861978492613
3,200,29.427397260274,0.579486703411777
3,200,29.5917808219178,0.579753960217477
3,200,29.7561643835616,0.5789779719572
3,200,29.9205479452055,0.579713101250375
3,200,30.0849315068493,0.578902352838213
3,200,30.2493150684931,0.579109797184721
3,200,30.413698630137,0.578394947212979
3,200,30.5780821917808,0.578355550461984
3,200,30.7424657534247,0.578955519733853
3,200,30.9068493150685,0.580430392797921
3,200,31.0712328767123,0.580094288150602
3,200,31.2356164383562,0.580683014598241
3,200,31.4,0.580384333767941
3,200,31.5643835616438,0.579850153881064
3,200,31.7287671232877,0.580228897881235
3,200,31.8931506849315,0.580181335801804
3,200,32.0575342465753,0.580396585656548
3,200,32.2219178082192,0.580208621429397
3,200,32.386301369863,0.580211627664906
3,200,32.5506849315069,0.580226456869704
3,200,32.7150684931507,0.580009384979386
3,200,32.8794520547945,0.580222179626634
3,200,33.0438356164384,0.579960521026762
3,200,33.2082191780822,0.580929265056538
3,200,33.372602739726,0.580463479140909
3,200,33.5369863013699,0.580541256805834
3,200,33.7013698630137,0.579962446557437
3,200,33.8657534246575,0.58063540746988
3,200,34.0301369863014,0.58151653999437
3,200,34.1945205479452,0.580290961924256
3,200,34.358904109589,0.58037332839
3,200,34.5232876712329,0.579333894786917
3,200,34.6876712328767,0.578355638823802
3,200,34.8520547945205,0.578340172091665
3,200,35.0164383561644,0.578363348374244
3,200,35.1808219178082,0.57907514470739
3,200,35.3452054794521,0.57965511205005
3,200,35.5095890410959,0.579475345930413
3,200,35.6739726027397,0.578935577121593
3,200,35.8383561643836,0.578715797886509
3,200,36.0027397260274,0.578913311013232
3,200,36.1671232876712,0.578877730943301
3,200,36.3315068493151,0.579145695649942
3,200,36.4958904109589,0.578986155259411
3,200,36.6602739726027,0.577484355868921
3,200,36.8246575342466,0.577444505438537
3,200,36.9890410958904,0.577858422546463
3,200,37.1534246575342,0.576458096047785
3,200,37.3178082191781,0.576857722185993
3,200,37.4821917808219,0.57598024405143
3,200,37.6465753424658,0.576863201108996
3,200,37.8109589041096,0.57672532109677
3,200,37.9753424657534,0.57664059767577
3,200,38.1397260273973,0.576318081385165
3,200,38.3041095890411,0.576229044529716
3,200,38.4684931506849,0.576357348841969
3,200,38.6328767123288,0.57686597551706
3,200,38.7972602739726,0.577163536825064
3,200,38.9616438356164,0.577485871720182
3,200,39.1260273972603,0.577561786620007
3,200,39.2904109589041,0.577272657004051
3,200,39.4547945205479,0.57814104757192
3,200,39.6191780821918,0.578550468868964
3,200,39.7835616438356,0.578405632537625
3,200,39.9479452054794,0.577461893020151
3,200,40.1123287671233,0.577526273652234
3,200,40.2767123287671,0.577911556821092
3,200,40.441095890411,0.578395146868139
3,200,40.6054794520548,0.578660834411246
3,200,40.7698630136986,0.578722386915233
3,200,40.9342465753425,0.578993741057539
3,200,41.0986301369863,0.578834554902222
3,200,41.2630136986301,0.578371685139632
3,200,41.427397260274,0.578598142252572
3,200,41.5917808219178,0.577660495756353
3,200,41.7561643835616,0.578568683094043
3,200,41.9205479452055,0.57855481439284
3,200,42.0849315068493,0.578036796001976
3,200,42.2493150684932,0.57799781398382
3,200,42.413698630137,0.577591833859675
3,200,42.5780821917808,0.578710163373515
3,200,42.7424657534247,0.579092978995129
3,200,42.9068493150685,0.578247564892265
3,200,43.0712328767123,0.57755408610089
3,200,43.2356164383562,0.577578433151609
3,200,43.4,0.578467620971882
3,200,43.5643835616438,0.578541952737124
3,200,43.7287671232877,0.578775407854997
3,200,43.8931506849315,0.578350132465157
3,200,44.0575342465753,0.57874559885184
3,200,44.2219178082192,0.578750900199509
3,200,44.386301369863,0.578141931310641
3,200,44.5506849315069,0.578515404972005
3,200,44.7150684931507,0.578633381493321
3,200,44.8794520547945,0.579419318071573
3,200,45.0438356164384,0.579846325936537
3,200,45.2082191780822,0.580689764071226
3,200,45.372602739726,0.580715650501026
3,200,45.5369863013699,0.580324465404606
3,200,45.7013698630137,0.580876034569121
3,200,45.8657534246575,0.580659218713504
3,200,46.0301369863014,0.58015282621222
3,200,46.1945205479452,0.579832927538798
3,200,46.358904109589,0.579161322669254
3,200,46.5232876712329,0.57926941319259
3,200,46.6876712328767,0.57918399747994
3,200,46.8520547945205,0.579728537416198
3,200,47.0164383561644,0.580322255197568
3,200,47.1808219178082,0.580420390023708
3,200,47.3452054794521,0.579848653709167
3,200,47.5095890410959,0.57941268990359
3,200,47.6739726027397,0.580389848967878
3,200,47.8383561643836,0.580267060553418
3,200,48.0027397260274,0.580725852100483
3,200,48.1671232876712,0.581393777575403
3,200,48.3315068493151,0.580801276173207
3,200,48.4958904109589,0.58045743883491
3,200,48.6602739726027,0.581489102166882
3,200,48.8246575342466,0.581909398662008
3,200,48.9890410958904,0.582782947305898
3,200,49.1534246575342,0.58253007671024
3,200,49.3178082191781,0.582839928283258
3,200,49.4821917808219,0.582897728652344
3,200,49.6465753424658,0.583339676503748
3,200,49.8109589041096,0.583148810204623
3,200,49.9753424657534,0.582841034044013
5,10,0.00273972602739726,1.00008018957573
5,10,0.167123287671233,0.994228916458912
5,10,0.331506849315069,0.991776871748781
5,10,0.495890410958904,0.978243372983053
5,10,0.66027397260274,0.965357122843581
5,10,0.824657534246575,0.95821815167951
5,10,0.989041095890411,0.951484368807607
5,10,1.15342465753425,0.938018907302227
5,10,1.31780821917808,0.922363702249555
5,10,1.48219178082192,0.907609950074342
5,10,1.64657534246575,0.890953236228918
5,10,1.81095890410959,0.875342242308529
5,10,1.97534246575342,0.869055844461218
5,10,2.13972602739726,0.856352445872733
5,10,2.3041095890411,0.846878692114303
5,10,2.46849315068493,0.837517446202679
5,10,2.63287671232877,0.826132652274217
5,10,2.7972602739726,0.821924195132969
5,10,2.96164383561644,0.809805493119015
5,10,3.12602739726027,0.798682915736725
5,10,3.29041095890411,0.793166313805953
5,10,3.45479452054795,0.791139283907437
5,10,3.61917808219178,0.782116496208458
5,10,3.78356164383562,0.775649099352694
5,10,3.94794520547945,0.771961643591644
5,10,4.11232876712329,0.764067283905176
5,10,4.27671232876712,0.758103408817597
5,10,4.44109589041096,0.752491313705484
5,10,4.60547945205479,0.750611157374845
5,10,4.76986301369863,0.747894459201264
5,10,4.93424657534247,0.744006886033748
5,10,5.0986301369863,0.739068269164186
5,10,5.26301369863014,0.730438362419513
5,10,5.42739726027397,0.72732846969632
5,10,5.59178082191781,0.727543205093391
5,10,5.75616438356164,0.724982599621303
5,10,5.92054794520548,0.722200337825866
5,10,6.08493150684932,0.716838298914985
5,10,6.24931506849315,0.71676069996983
5,10,6.41369863013699,0.712435726034343
5,10,6.57808219178082,0.709368553063244
5,10,6.74246575342466,0.70332306266863
5,10,6.90684931506849,0.701756668341491
5,10,7.07123287671233,0.695587204732029
5,10,7.23561643835616,0.686911264544093
5,10,7.4,0.6840343828045
5,10,7.56438356164384,0.680395446239507
5,10,7.72876712328767,0.68039352247239
5,10,7.89315068493151,0.677705838227748
5,10,8.05753424657534,0.674307812942063
5,10,8.22191780821918,0.67358343838296
5,10,8.38630136986301,0.670363391345222
5,10,8.55068493150685,0.668603985027752
5,10,8.71506849315069,0.670249318469086
5,10,8.87945205479452,0.669328730720834
5,10,9.04383561643836,0.669829525601679
5,10,9.20821917808219,0.666886271277226
5,10,9.37260273972603,0.662085885617166
5,10,9.53698630136986,0.660190544517219
5,10,9.7013698630137,0.657343582686376
5,10,9.86575342465753,0.658751112017052
5,10,10.0301369863014,0.653333895318929
5,10,10.1945205479452,0.649078322334266
5,10,10.358904109589,0.645733930271962
5,10,10.5232876712329,0.640249234362347
5,10,10.6876712328767,0.63732815516956
5,10,10.8520547945205,0.638361612755396
5,10,11.0164383561644,0.634935615396495
5,10,11.1808219178082,0.635908156491896
5,10,11.3452054794521,0.632361855701745
5,10,11.5095890410959,0.631386310257545
5,10,11.6739726027397,0.625087007216514
5,10,11.8383561643836,0.624753964418613
5,10,12.0027397260274,0.618538491337197
5,10,12.1671232876712,0.621545777015624
5,10,12.3315068493151,0.618701004398306
5,10,12.4958904109589,0.613620264737402
5,10,12.6602739726027,0.614096934044402
5,10,12.8246575342466,0.60710844549037
5,10,12.9890410958904,0.604496753600578
5,10,13.1534246575342,0.601505783820779
5,10,13.3178082191781,0.597394700140414
5,10,13.4821917808219,0.594572095797177
5,10,13.6465753424658,0.592737688336261
5,10,13.8109589041096,0.592633939558652
5,10,13.9753424657534,0.59107470882724
5,10,14.1397260273973,0.588524147363382
5,10,14.3041095890411,0.588701946260977
5,10,14.4684931506849,0.58832296281771
5,10,14.6328767123288,0.585742763528862
5,10,14.7972602739726,0.583103605577446
5,10,14.9616438356164,0.582109712951735
5,10,15.1260273972603,0.576469319490004
5,10,15.2904109589041,0.575605620200414
5,10,15.4547945205479,0.574391255539268
5,10,15.6191780821918,0.572790693304623
5,10,15.7835616438356,0.570718627386938
5,10,15.9479452054795,0.571759678703639
5,10,16.1123287671233,0.566750659819423
5,10,16.2767123287671,0.564592566311547
5,10,16.441095890411,0.562244535546842
5,10,16.6054794520548,0.561181210571056
5,10,16.7698630136986,0.554848083185979
5,10,16.9342465753425,0.554757316018582
5,10,17.0986301369863,0.556818884706844
5,10,17.2630136986301,0.555066421053924
5,10,17.427397260274,0.556235803447461
5,10,17.5917808219178,0.55339680354619
5,10,17.7561643835616,0.553619576724362
5,10,17.9205479452055,0.555483516279884
5,10,18.0849315068493,0.552702773273566
5,10,18.2493150684931,0.551293530914238
5,10,18.413698630137,0.547224618161269
5,10,18.5780821917808,0.545031475475235
5,10,18.7424657534247,0.543845013457373
5,10,18.9068493150685,0.545642178383808
5,10,19.0712328767123,0.54299535328928
5,10,19.2356164383562,0.543395946913501
5,10,19.4,0.535565154255152
5,10,19.5643835616438,0.530973653607903
5,10,19.7287671232877,0.528277743943565
5,10,19.8931506849315,0.527228619448927
5,10,20.0575342465753,0.52468218570096
5,10,20.2219178082192,0.524625402215253
5,10,20.386301369863,0.523360368030332
5,10,20.5506849315069,0.5227484882385
5,10,20.7150684931507,0.523117709838728
5,10,20.8794520547945,0.52338215610068
5,10,21.0438356164384,0.523232712889414
5,10,21.2082191780822,0.521138092904951
5,10,21.372602739726,0.523827882124498
5,10,21.5369863013699,0.520766585282196
5,10,21.7013698630137,0.517047441231715
5,10,21.8657534246575,0.513282510226895
5,10,22.0301369863014,0.514567561924714
5,10,22.1945205479452,0.512960502881002
5,10,22.358904109589,0.509426109749182
5,10,22.5232876712329,0.502050758177887
5,10,22.6876712328767,0.50028599321916
5,10,22.8520547945205,0.499529007027198
5,10,23.0164383561644,0.497795370963721
5,10,23.1808219178082,0.498195335547998
5,10,23.3452054794521,0.499451211867363
5,10,23.5095890410959,0.499015603591096
5,10,23.6739726027397,0.493410121563561
5,10,23.8383561643836,0.492486913872704
5,10,24.0027397260274,0.489299280057832
5,10,24.1671232876712,0.488346998723678
5,10,24.3315068493151,0.490520910659091
5,10,24.4958904109589,0.487533099222452
5,10,24.6602739726027,0.48849975441455
5,10,24.8246575342466,0.48878066468819
5,10,24.9890410958904,0.486427111152591
5,10,25.1534246575342,0.480936596251507
5,10,25.3178082191781,0.481778180036311
5,10,25.4821917808219,0.481823641707403
5,10,25.6465753424658,0.479463036565706
5,10,25.8109589041096,0.479986131803626
5,10,25.9753424657534,0.478447527492387
5,10,26.1397260273973,0.477066430470016
5,10,26.3041095890411,0.478197157387014
5,10,26.4684931506849,0.476640218280638
5,10,26.6328767123288,0.474817343380954
5,10,26.7972602739726,0.474657694098465
5,10,26.9616438356164,0.473897775773594
5,10,27.1260273972603,0.473888338200642
5,10,27.2904109589041,0.470085184641468
5,10,27.4547945205479,0.47091387615958
5,10,27.6191780821918,0.466127894670395
5,10,27.7835616438356,0.462821066013495
5,10,27.9479452054795,0.464452679511634
5,10,28.1123287671233,0.462640786648931
5,10,28.2767123287671,0.462597637043773
5,10,28.441095890411,0.462461587016663
5,10,28.6054794520548,0.458581920059125
5,10,28.7698630136986,0.457779234606093
5,10,28.9342465753425,0.454065340423513
5,10,29.0986301369863,0.451732811524816
5,10,29.2630136986301,0.45082253192704
5,10,29.427397260274,0.446566112448332
5,10,29.5917808219178,0.445180707785755
5,10,29.7561643835616,0.442066729331128
5,10,29.9205479452055,0.439092606964455
5,10,30.0849315068493,0.440794183727059
5,10,30.2493150684931,0.443831149658088
5,10,30.413698630137,0.444832724452742
5,10,30.5780821917808,0.447563564940698
5,10,30.7424657534247,0.448774268886267
5,10,30.9068493150685,0.450472583893819
5,10,31.0712328767123,0.451789337255127
5,10,31.2356164383562,0.450844851291218
5,10,31.4,0.445117997884547
5,10,31.5643835616438,0.442983334872582
5,10,31.7287671232877,0.440125236567551
5,10,31.8931506849315,0.436177830218977
5,10,32.0575342465753,0.433045719971521
5,10,32.2219178082192,0.429611220071852
5,10,32.386301369863,0.425092614014971
5,10,32.5506849315069,0.423885175078643
5,10,32.7150684931507,0.423302378436446
5,10,32.8794520547945,0.421559761795649
5,10,33.0438356164384,0.41761510344778
5,10,33.2082191780822,0.416777900949868
5,10,33.372602739726,0.418035766616584
5,10,33.5369863013699,0.41925716422409
5,10,33.7013698630137,0.41483515611794
5,10,33.8657534246575,0.411797701619433
5,10,34.0301369863014,0.411561615140906
5,10,34.1945205479452,0.411336584729458
5,10,34.358904109589,0.410635775276577
5,10,34.5232876712329,0.410950098312993
5,10,34.6876712328767,0.40829841686178
5,10,34.8520547945205,0.408003440443998
5,10,35.0164383561644,0.406605016411637
5,10,35.1808219178082,0.406412803929348
5,10,35.3452054794521,0.406807579150527
5,10,35.5095890410959,0.405169476121596
5,10,35.6739726027397,0.404543666073151
5,10,35.8383561643836,0.405947391663082
5,10,36.0027397260274,0.404355230350781
5,10,36.1671232876712,0.400211410529482
5,10,36.3315068493151,0.399460470123375
5,10,36.4958904109589,0.396329681719488
5,10,36.6602739726027,0.396071076835808
5,10,36.8246575342466,0.393033301854306
5,10,36.9890410958904,0.388381012061402
5,10,37.1534246575342,0.386819517162224
5,10,37.3178082191781,0.388847132411493
5,10,37.4821917808219,0.388196132961517
5,10,37.6465753424658,0.385045320986086
5,10,37.8109589041096,0.384496269686469
5,10,37.9753424657534,0.383690939209809
5,10,38.1397260273973,0.384105359366147
5,10,38.3041095890411,0.379809214432337
5,10,38.4684931506849,0.378029584952791
5,10,38.6328767123288,0.377543788843569
5,10,38.7972602739726,0.378155712665815
5,10,38.9616438356164,0.375459418699204
5,10,39.1260273972603,0.3788700833965
5,10,39.2904109589041,0.378517630889973
5,10,39.4547945205479,0.37463959077534
5,10,39.6191780821918,0.36915023867702
5,10,39.7835616438356,0.367581921817013
5,10,39.9479452054794,0.367081076554335
5,10,40.1123287671233,0.366381249391839
5,10,40.2767123287671,0.364269704135448
5,10,40.441095890411,0.362213700752164
5,10,40.6054794520548,0.360100476780567
5,10,40.7698630136986,0.358860367977794
5,10,40.9342465753425,0.359679080291095
5,10,41.0986301369863,0.35937154091898
5,10,41.2630136986301,0.357190751739399
5,10,41.427397260274,0.357254079780522
5,10,41.5917808219178,0.356326787122238
5,10,41.7561643835616,0.353308989714078
5,10,41.9205479452055,0.353922736911746
5,10,42.0849315068493,0.351839220095367
5,10,42.2493150684932,0.349590192555021
5,10,42.413698630137,0.351991633807243
5,10,42.5780821917808,0.353431600371212
5,10,42.7424657534247,0.353946682528361
5,10,42.9068493150685,0.353350989500539
5,10,43.0712328767123,0.354289892248878
5,10,43.2356164383562,0.352122199443726
5,10,43.4,0.354622139439368
5,10,43.5643835616438,0.351473272142994
5,10,43.7287671232877,0.351962244464057
5,10,43.8931506849315,0.350556168470451
5,10,44.0575342465753,0.344205875915341
5,10,44.2219178082192,0.341570890903019
5,10,44.386301369863,0.340101171977618
5,10,44.5506849315069,0.33975049641051
5,10,44.7150684931507,0.339402181543659
5,10,44.8794520547945,0.33698584651278
5,10,45.0438356164384,0.336519290114152
5,10,45.2082191780822,0.332554721039771
5,10,45.372602739726,0.335436691357979
5,10,45.5369863013699,0.332082125115764
5,10,45.7013698630137,0.32838188372045
5,10,45.8657534246575,0.328793909022417
5,10,46.0301369863014,0.326481260726391
5,10,46.1945205479452,0.326357271733032
5,10,46.358904109589,0.326166958381258
5,10,46.5232876712329,0.327473003564831
5,10,46.6876712328767,0.325672281084192
5,10,46.8520547945205,0.323391938440816
5,10,47.0164383561644,0.32068520316854
5,10,47.1808219178082,0.322331672370803
5,10,47.3452054794521,0.322086993409292
5,10,47.5095890410959,0.32037342191123
5,10,47.6739726027397,0.319755404959468
5,10,47.8383561643836,0.322099769639313
5,10,48.0027397260274,0.320939425445852
5,10,48.1671232876712,0.31842820349694
5,10,48.3315068493151,0.31896392269706
5,10,48.4958904109589,0.316654366900856
5,10,48.6602739726027,0.314838247158405
5,10,48.8246575342466,0.312142974886021
5,10,48.9890410958904,0.310722838798159
5,10,49.1534246575342,0.310641627591478
5,10,49.3178082191781,0.308456114758168
5,10,49.4821917808219,0.306505022380249
5,10,49.6465753424658,0.307300144264952
5,10,49.8109589041096,0.305367558531472
5,10,49.9753424657534,0.307204683125339
5,20,0.00273972602739726,0.999628268348658
5,20,0.167123287671233,0.995022836868607
5,20,0.331506849315069,0.987231779558901
5,20,0.495890410958904,0.973384473166409
5,20,0.66027397260274,0.96140189392996
5,20,0.824657534246575,0.947204682052894
5,20,0.989041095890411,0.934318338696225
5,20,1.15342465753425,0.918990792742773
5,20,1.31780821917808,0.904199302054841
5,20,1.48219178082192,0.895191940595109
5,20,1.64657534246575,0.881934529580772
5,20,1.81095890410959,0.870935380132441
5,20,1.97534246575342,0.863343267447929
5,20,2.13972602739726,0.85542899204614
5,20,2.3041095890411,0.841022160502469
5,20,2.46849315068493,0.833846409589544
5,20,2.63287671232877,0.825823125595164
5,20,2.7972602739726,0.816897238873986
5,20,2.96164383561644,0.808726774127511
5,20,3.12602739726027,0.80277523348925
5,20,3.29041095890411,0.795384782697128
5,20,3.45479452054795,0.788895787910912
5,20,3.61917808219178,0.781012195263422
5,20,3.78356164383562,0.77702231296436
5,20,3.94794520547945,0.768987042703938
5,20,4.11232876712329,0.762878395327849
5,20,4.27671232876712,0.759599645456357
5,20,4.44109589041096,0.756004151891003
5,20,4.60547945205479,0.750848117607485
5,20,4.76986301369863,0.745553131514966
5,20,4.93424657534247,0.740056812792577
5,20,5.0986301369863,0.736843924017925
5,20,5.26301369863014,0.736102280234165
5,20,5.42739726027397,0.732694069856958
5,20,5.59178082191781,0.728058992212029
5,20,5.75616438356164,0.723645634263985
5,20,5.92054794520548,0.721434285971486
5,20,6.08493150684932,0.719054686830044
5,20,6.24931506849315,0.71781043474965
5,20,6.41369863013699,0.713832598846481
5,20,6.57808219178082,0.712627369945812
5,20,6.74246575342466,0.712147880917952
5,20,6.90684931506849,0.708646936310417
5,20,7.07123287671233,0.708239244005107
5,20,7.23561643835616,0.704851307101104
5,20,7.4,0.701958704389602
5,20,7.56438356164384,0.69662477892867
5,20,7.72876712328767,0.691783252079965
5,20,7.89315068493151,0.691860601582545
5,20,8.05753424657534,0.688007688681211
5,20,8.22191780821918,0.685347818134536
5,20,8.38630136986301,0.681729389791501
5,20,8.55068493150685,0.677719987030812
5,20,8.71506849315069,0.674376377085606
5,20,8.87945205479452,0.6731793338087
5,20,9.04383561643836,0.669806300739275
5,20,9.20821917808219,0.672032760958494
5,20,9.37260273972603,0.668386586972534
5,20,9.53698630136986,0.669949480139631
5,20,9.7013698630137,0.668745052345173
5,20,9.86575342465753,0.666157434327933
5,20,10.0301369863014,0.668271111097656
5,20,10.1945205479452,0.668953962343557
5,20,10.358904109589,0.667122191055408
5,20,10.5232876712329,0.664672308984558
5,20,10.6876712328767,0.662408093515201
5,20,10.8520547945205,0.663228899979234
5,20,11.0164383561644,0.659912525147122
5,20,11.1808219178082,0.659418286116529
5,20,11.3452054794521,0.658460626411101
5,20,11.5095890410959,0.654107174125902
5,20,11.6739726027397,0.650725129986043
5,20,11.8383561643836,0.650049487239885
5,20,12.0027397260274,0.650124871178877
5,20,12.1671232876712,0.649551149652264
5,20,12.3315068493151,0.647641933315806
5,20,12.4958904109589,0.646442955735183
5,20,12.6602739726027,0.645058876800443
5,20,12.8246575342466,0.64302125937287
5,20,12.9890410958904,0.643704292760319
5,20,13.1534246575342,0.646271312858233
5,20,13.3178082191781,0.644259566320163
5,20,13.4821917808219,0.641959595668359
5,20,13.6465753424658,0.644131645064709
5,20,13.8109589041096,0.647036633631375
5,20,13.9753424657534,0.642166579964452
5,20,14.1397260273973,0.642916088328812
5,20,14.3041095890411,0.642404252148685
5,20,14.4684931506849,0.643211758593975
5,20,14.6328767123288,0.644119259552342
5,20,14.7972602739726,0.641911801509659
5,20,14.9616438356164,0.640311519655056
5,20,15.1260273972603,0.640241366691318
5,20,15.2904109589041,0.63891448381192
5,20,15.4547945205479,0.636115959291112
5,20,15.6191780821918,0.635326017945374
5,20,15.7835616438356,0.638237686774139
5,20,15.9479452054795,0.634212031379104
5,20,16.1123287671233,0.634161442527344
5,20,16.2767123287671,0.631567079191946
5,20,16.441095890411,0.631076920454724
5,20,16.6054794520548,0.628691096543669
5,20,16.7698630136986,0.628218713787753
5,20,16.9342465753425,0.625866800754505
5,20,17.0986301369863,0.6268034009175
5,20,17.2630136986301,0.626211462956593
5,20,17.427397260274,0.629193472304367
5,20,17.5917808219178,0.627821500160328
5,20,17.7561643835616,0.627415142507736
5,20,17.9205479452055,0.629970934637495
5,20,18.0849315068493,0.631418140476118
5,20,18.2493150684931,0.631051980661167
5,20,18.413698630137,0.630768022173545
5,20,18.5780821917808,0.632718703334324
5,20,18.7424657534247,0.633984008409796
5,20,18.9068493150685,0.633688483950066
5,20,19.0712328767123,0.632400098612671
5,20,19.2356164383562,0.633749283242569
5,20,19.4,0.628931760439203
5,20,19.5643835616438,0.631395526334167
5,20,19.7287671232877,0.631013885316603
5,20,19.8931506849315,0.628146125507785
5,20,20.0575342465753,0.626010929615229
5,20,20.2219178082192,0.624308504614724
5,20,20.386301369863,0.624529281250092
5,20,20.5506849315069,0.6267911374417
5,20,20.7150684931507,0.630727748008115
5,20,20.8794520547945,0.62983280482556
5,20,21.0438356164384,0.630808937769245
5,20,21.2082191780822,0.628396656955669
5,20,21.372602739726,0.62826918156724
5,20,21.5369863013699,0.626240918351395
5,20,21.7013698630137,0.628050350981482
5,20,21.8657534246575,0.626826671098233
5,20,22.0301369863014,0.624174219066021
5,20,22.1945205479452,0.623504821587499
5,20,22.358904109589,0.623528335943334
5,20,22.5232876712329,0.625941189426341
5,20,22.6876712328767,0.62238634973643
5,20,22.8520547945205,0.620822989320933
5,20,23.0164383561644,0.621459987439792
5,20,23.1808219178082,0.619321097972641
5,20,23.3452054794521,0.621072861986697
5,20,23.5095890410959,0.62233534576605
5,20,23.6739726027397,0.622094166752083
5,20,23.8383561643836,0.623820163819073
5,20,24.0027397260274,0.626400546268124
5,20,24.1671232876712,0.625335673115454
5,20,24.3315068493151,0.628163335802924
5,20,24.4958904109589,0.625714089092243
5,20,24.6602739726027,0.62378997375949
5,20,24.8246575342466,0.626646233286892
5,20,24.9890410958904,0.625274183473192
5,20,25.1534246575342,0.624707317760492
5,20,25.3178082191781,0.624575388068157
5,20,25.4821917808219,0.623522492190094
5,20,25.6465753424658,0.625039176847549
5,20,25.8109589041096,0.624350254876582
5,20,25.9753424657534,0.62633154778216
5,20,26.1397260273973,0.627285724116162
5,20,26.3041095890411,0.626247296972822
5,20,26.4684931506849,0.624962128089691
5,20,26.6328767123288,0.626587091094225
5,20,26.7972602739726,0.627831532835665
5,20,26.9616438356164,0.626420798371135
5,20,27.1260273972603,0.623600635762109
5,20,27.2904109589041,0.624848532626428
5,20,27.4547945205479,0.625077004661124
5,20,27.6191780821918,0.625805645160124
5,20,27.7835616438356,0.625247023215194
5,20,27.9479452054795,0.62669015520506
5,20,28.1123287671233,0.625492435761305
5,20,28.2767123287671,0.624283428004748
5,20,28.441095890411,0.626570088922857
5,20,28.6054794520548,0.627407188926324
5,20,28.7698630136986,0.625678537925415
5,20,28.9342465753425,0.623633646919027
5,20,29.0986301369863,0.620084467273792
5,20,29.2630136986301,0.622548974074302
5,20,29.427397260274,0.622323436126197
5,20,29.5917808219178,0.62134391129976
5,20,29.7561643835616,0.621092611771115
5,20,29.9205479452055,0.617183331335987
5,20,30.0849315068493,0.616507789313484
5,20,30.2493150684931,0.618334691545635
5,20,30.413698630137,0.616735705358918
5,20,30.5780821917808,0.617140941549048
5,20,30.7424657534247,0.616744314216685
5,20,30.9068493150685,0.617871285845898
5,20,31.0712328767123,0.618678920762385
5,20,31.2356164383562,0.613441995639575
5,20,31.4,0.611547663805033
5,20,31.5643835616438,0.608608311322336
5,20,31.7287671232877,0.610630525062045
5,20,31.8931506849315,0.610630957376864
5,20,32.0575342465753,0.611099131615558
5,20,32.2219178082192,0.609142616709878
5,20,32.386301369863,0.609729093932133
5,20,32.5506849315069,0.608197012911058
5,20,32.7150684931507,0.610516547470767
5,20,32.8794520547945,0.609732854782791
5,20,33.0438356164384,0.607517477180851
5,20,33.2082191780822,0.605735243210621
5,20,33.372602739726,0.605852228392828
5,20,33.5369863013699,0.60501371936412
5,20,33.7013698630137,0.606348857945455
5,20,33.8657534246575,0.609422524129246
5,20,34.0301369863014,0.606555504937556
5,20,34.1945205479452,0.606228544635148
5,20,34.358904109589,0.605609976969408
5,20,34.5232876712329,0.605751043526639
5,20,34.6876712328767,0.603585953928492
5,20,34.8520547945205,0.6029789826487
5,20,35.0164383561644,0.60349874360047
5,20,35.1808219178082,0.604531684887788
5,20,35.3452054794521,0.604263435594249
5,20,35.5095890410959,0.604010632204392
5,20,35.6739726027397,0.60355056448114
5,20,35.8383561643836,0.601893685357691
5,20,36.0027397260274,0.601507712531689
5,20,36.1671232876712,0.598386585111278
5,20,36.3315068493151,0.599838865095703
5,20,36.4958904109589,0.600177543724221
5,20,36.6602739726027,0.598013588044355
5,20,36.8246575342466,0.601052003624622
5,20,36.9890410958904,0.600829398596036
5,20,37.1534246575342,0.598887636824622
5,20,37.3178082191781,0.600336624764263
5,20,37.4821917808219,0.600718564160395
5,20,37.6465753424658,0.598102509414883
5,20,37.8109589041096,0.596649933158288
5,20,37.9753424657534,0.593776669671712
5,20,38.1397260273973,0.592845540161032
5,20,38.3041095890411,0.59417248036643
5,20,38.4684931506849,0.592267053062521
5,20,38.6328767123288,0.590663765626276
5,20,38.7972602739726,0.590604520916884
5,20,38.9616438356164,0.589851527398382
5,20,39.1260273972603,0.589835627482738
5,20,39.2904109589041,0.591570938318375
5,20,39.4547945205479,0.594661960194545
5,20,39.6191780821918,0.595133202477848
5,20,39.7835616438356,0.592642689951286
5,20,39.9479452054794,0.5926533797963
5,20,40.1123287671233,0.591344992187242
5,20,40.2767123287671,0.590062139029314
5,20,40.441095890411,0.589719489190754
5,20,40.6054794520548,0.588973976367352
5,20,40.7698630136986,0.591562370870676
5,20,40.9342465753425,0.590980240219715
5,20,41.0986301369863,0.593773333677903
5,20,41.2630136986301,0.59354479217594
5,20,41.427397260274,0.593647474740056
5,20,41.5917808219178,0.591573178279477
5,20,41.7561643835616,0.592237582562823
5,20,41.9205479452055,0.592080140429194
5,20,42.0849315068493,0.587454743868429
5,20,42.2493150684932,0.585912645652681
5,20,42.413698630137,0.587163471871404
5,20,42.5780821917808,0.585412733339711
5,20,42.7424657534247,0.586791564198855
5,20,42.9068493150685,0.581052879036272
5,20,43.0712328767123,0.58059396257766
5,20,43.2356164383562,0.579665807011579
5,20,43.4,0.580372208462554
5,20,43.5643835616438,0.583353260437725
5,20,43.7287671232877,0.581055385105508
5,20,43.8931506849315,0.579236373698683
5,20,44.0575342465753,0.580570996982516
5,20,44.2219178082192,0.579592207454198
5,20,44.386301369863,0.578366257431172
5,20,44.5506849315069,0.579535157768213
5,20,44.7150684931507,0.579098209066858
5,20,44.8794520547945,0.579091360643032
5,20,45.0438356164384,0.579593911759465
5,20,45.2082191780822,0.577599410423113
5,20,45.372602739726,0.577369987704289
5,20,45.5369863013699,0.575721406107716
5,20,45.7013698630137,0.57695453123739
5,20,45.8657534246575,0.576637672942069
5,20,46.0301369863014,0.57635514097268
5,20,46.1945205479452,0.576473940663799
5,20,46.358904109589,0.576199506456553
5,20,46.5232876712329,0.576138256652867
5,20,46.6876712328767,0.580868085794893
5,20,46.8520547945205,0.583591000124768
5,20,47.0164383561644,0.585263024902006
5,20,47.1808219178082,0.584668586997751
5,20,47.3452054794521,0.58377926266346
5,20,47.5095890410959,0.584332120819558
5,20,47.6739726027397,0.581361881033526
5,20,47.8383561643836,0.578848575400579
5,20,48.0027397260274,0.582906984913128
5,20,48.1671232876712,0.580867435388264
5,20,48.3315068493151,0.581250437642083
5,20,48.4958904109589,0.583047525188077
5,20,48.6602739726027,0.585629443612308
5,20,48.8246575342466,0.581690077871772
5,20,48.9890410958904,0.582842743384003
5,20,49.1534246575342,0.583420981889788
5,20,49.3178082191781,0.582848448159998
5,20,49.4821917808219,0.577422194478202
5,20,49.6465753424658,0.577208707574507
5,20,49.8109589041096,0.577270135245813
5,20,49.9753424657534,0.577831600778253
5,50,0.00273972602739726,1.00002603228673
5,50,0.167123287671233,0.999828454190708
5,50,0.331506849315069,0.993353027316819
5,50,0.495890410958904,0.982813829863155
5,50,0.66027397260274,0.969716677101375
5,50,0.824657534246575,0.954850036225481
5,50,0.989041095890411,0.941412326959228
5,50,1.15342465753425,0.925394723986524
5,50,1.31780821917808,0.911948416507704
5,50,1.48219178082192,0.894698304498927
5,50,1.64657534246575,0.883653566111336
5,50,1.81095890410959,0.871683152025026
5,50,1.97534246575342,0.860197778562303
5,50,2.13972602739726,0.850826501746608
5,50,2.3041095890411,0.83923818277743
5,50,2.46849315068493,0.831448479886693
5,50,2.63287671232877,0.821965323261185
5,50,2.7972602739726,0.815409039076684
5,50,2.96164383561644,0.810529288719027
5,50,3.12602739726027,0.803363471146969
5,50,3.29041095890411,0.79568863184402
5,50,3.45479452054795,0.789534680373632
5,50,3.61917808219178,0.782112891474149
5,50,3.78356164383562,0.777995860392766
5,50,3.94794520547945,0.775652389496496
5,50,4.11232876712329,0.769340673016302
5,50,4.27671232876712,0.763358913294206
5,50,4.44109589041096,0.759511959058681
5,50,4.60547945205479,0.754178391400791
5,50,4.76986301369863,0.748730985928266
5,50,4.93424657534247,0.744395439028665
5,50,5.0986301369863,0.742417247465566
5,50,5.26301369863014,0.739282843305805
5,50,5.42739726027397,0.736876525619663
5,50,5.59178082191781,0.733944785789704
5,50,5.75616438356164,0.73177544017539
5,50,5.92054794520548,0.728887524498596
5,50,6.08493150684932,0.724743537020074
5,50,6.24931506849315,0.723555357034492
5,50,6.41369863013699,0.721412250367146
5,50,6.57808219178082,0.719843376229002
5,50,6.74246575342466,0.71396672983754
5,50,6.90684931506849,0.712317741125296
5,50,7.07123287671233,0.709157210802234
5,50,7.23561643835616,0.704805652925093
5,50,7.4,0.703425511109542
5,50,7.56438356164384,0.702718736037089
5,50,7.72876712328767,0.701926418097404
5,50,7.89315068493151,0.699127950668692
5,50,8.05753424657534,0.69710618657361
5,50,8.22191780821918,0.69609815772649
5,50,8.38630136986301,0.695174991223863
5,50,8.55068493150685,0.692883531309441
5,50,8.71506849315069,0.689859957819302
5,50,8.87945205479452,0.68853990653849
5,50,9.04383561643836,0.68814830946365
5,50,9.20821917808219,0.686393313055577
5,50,9.37260273972603,0.685310731161112
5,50,9.53698630136986,0.685533438787623
5,50,9.7013698630137,0.687447387847133
5,50,9.86575342465753,0.68595159798008
5,50,10.0301369863014,0.685594532858269
5,50,10.1945205479452,0.68322963390388
5,50,10.358904109589,0.68193105930362
5,50,10.5232876712329,0.68140837051298
5,50,10.6876712328767,0.68067068120683
5,50,10.8520547945205,0.679619611407008
5,50,11.0164383561644,0.681220167536648
5,50,11.1808219178082,0.679305597289389
5,50,11.3452054794521,0.679150571745492
5,50,11.5095890410959,0.678682729770747
5,50,11.6739726027397,0.675793818220164
5,50,11.8383561643836,0.675940242657226
5,50,12.0027397260274,0.678136170707605
5,50,12.1671232876712,0.675210624183593
5,50,12.3315068493151,0.675445811232896
5,50,12.4958904109589,0.675879255425415
5,50,12.6602739726027,0.675264289114173
5,50,12.8246575342466,0.673536368164523
5,50,12.9890410958904,0.674103727600033
5,50,13.1534246575342,0.673223700966182
5,50,13.3178082191781,0.673845319574442
5,50,13.4821917808219,0.673518328307712
5,50,13.6465753424658,0.6735932411884
5,50,13.8109589041096,0.674571630734847
5,50,13.9753424657534,0.6735192496206
5,50,14.1397260273973,0.671309950149601
5,50,14.3041095890411,0.670493283629289
5,50,14.4684931506849,0.669195209904308
5,50,14.6328767123288,0.668849759537457
5,50,14.7972602739726,0.667752179141632
5,50,14.9616438356164,0.669479745959557
5,50,15.1260273972603,0.671312680156122
5,50,15.2904109589041,0.670285604299574
5,50,15.4547945205479,0.66878780256852
5,50,15.6191780821918,0.669068467493992
5,50,15.7835616438356,0.668082239986006
5,50,15.9479452054795,0.668236622453026
5,50,16.1123287671233,0.666412524300703
5,50,16.2767123287671,0.666026600917503
5,50,16.441095890411,0.665641318084346
5,50,16.6054794520548,0.664855217716986
5,50,16.7698630136986,0.666454722410885
5,50,16.9342465753425,0.666422830165156
5,50,17.0986301369863,0.667473743666869
5,50,17.2630136986301,0.666861281568438
5,50,17.427397260274,0.668178657631783
5,50,17.5917808219178,0.667222800795212
5,50,17.7561643835616,0.668135429295134
5,50,17.9205479452055,0.668154965984588
5,50,18.0849315068493,0.668360376247176
5,50,18.2493150684931,0.668532224691702
5,50,18.413698630137,0.667812606545165
5,50,18.5780821917808,0.6682693249131
5,50,18.7424657534247,0.668483142802588
5,50,18.9068493150685,0.667523124525766
5,50,19.0712328767123,0.666273050297468
5,50,19.2356164383562,0.665667012877957
5,50,19.4,0.665677161665105
5,50,19.5643835616438,0.665374702966275
5,50,19.7287671232877,0.665294520195105
5,50,19.8931506849315,0.664428917341803
5,50,20.0575342465753,0.664044045063839
5,50,20.2219178082192,0.664860786862627
5,50,20.386301369863,0.666900631074358
5,50,20.5506849315069,0.666840497045697
5,50,20.7150684931507,0.66533372447309
5,50,20.8794520547945,0.666223144516176
5,50,21.0438356164384,0.667379317238978
5,50,21.2082191780822,0.668029904650726
5,50,21.372602739726,0.666498950578295
5,50,21.5369863013699,0.668125056059316
5,50,21.7013698630137,0.669451013139171
5,50,21.8657534246575,0.668589289235225
5,50,22.0301369863014,0.667813496857721
5,50,22.1945205479452,0.666154174297662
5,50,22.358904109589,0.666181440428779
5,50,22.5232876712329,0.666293464240367
5,50,22.6876712328767,0.664390056752885
5,50,22.8520547945205,0.665296959631212
5,50,23.0164383561644,0.665737248844267
5,50,23.1808219178082,0.663809799755358
5,50,23.3452054794521,0.664938571674844
5,50,23.5095890410959,0.666147791101508
5,50,23.6739726027397,0.664925139587704
5,50,23.8383561643836,0.664296748747974
5,50,24.0027397260274,0.665114132375848
5,50,24.1671232876712,0.665134567622703
5,50,24.3315068493151,0.668372036612565
5,50,24.4958904109589,0.670012233552958
5,50,24.6602739726027,0.669069769254286
5,50,24.8246575342466,0.669895669842134
5,50,24.9890410958904,0.671431083975211
5,50,25.1534246575342,0.671232979403575
5,50,25.3178082191781,0.670535929508852
5,50,25.4821917808219,0.67163499504851
5,50,25.6465753424658,0.67320011910158
5,50,25.8109589041096,0.67201917134191
5,50,25.9753424657534,0.672002811642561
5,50,26.1397260273973,0.671430374637947
5,50,26.3041095890411,0.671933327932853
5,50,26.4684931506849,0.672227428662688
5,50,26.6328767123288,0.672091489631861
5,50,26.7972602739726,0.671384281280984
5,50,26.9616438356164,0.672892702889459
5,50,27.1260273972603,0.673975397051888
5,50,27.2904109589041,0.672353355051715
5,50,27.4547945205479,0.671130914278176
5,50,27.6191780821918,0.669791193865522
5,50,27.7835616438356,0.668696190820781
5,50,27.9479452054795,0.667553853353606
5,50,28.1123287671233,0.66815033761998
5,50,28.2767123287671,0.669203304492897
5,50,28.441095890411,0.671442604035879
5,50,28.6054794520548,0.669343971863631
5,50,28.7698630136986,0.669195099827402
5,50,28.9342465753425,0.668783277904478
5,50,29.0986301369863,0.669807358366818
5,50,29.2630136986301,0.670834151064201
5,50,29.427397260274,0.670462876350716
5,50,29.5917808219178,0.670932271973489
5,50,29.7561643835616,0.671333238834051
5,50,29.9205479452055,0.669233497768759
5,50,30.0849315068493,0.670775219444401
5,50,30.2493150684931,0.669889176256195
5,50,30.413698630137,0.671712638082678
5,50,30.5780821917808,0.671419819653722
5,50,30.7424657534247,0.672140067126578
5,50,30.9068493150685,0.670564712348425
5,50,31.0712328767123,0.671211506665256
5,50,31.2356164383562,0.6701835922225
5,50,31.4,0.671226228488928
5,50,31.5643835616438,0.670588599622493
5,50,31.7287671232877,0.66893570139946
5,50,31.8931506849315,0.669133532366407
5,50,32.0575342465753,0.669238276223991
5,50,32.2219178082192,0.669008425040551
5,50,32.386301369863,0.667354401111253
5,50,32.5506849315069,0.668159048595686
5,50,32.7150684931507,0.666709315416073
5,50,32.8794520547945,0.667511593045779
5,50,33.0438356164384,0.667234209966712
5,50,33.2082191780822,0.665107201176766
5,50,33.372602739726,0.665991702256126
5,50,33.5369863013699,0.666778929606373
5,50,33.7013698630137,0.665587361841085
5,50,33.8657534246575,0.666137790178823
5,50,34.0301369863014,0.667610258806774
5,50,34.1945205479452,0.665260281729668
5,50,34.358904109589,0.664921769422432
5,50,34.5232876712329,0.66570887339106
5,50,34.6876712328767,0.666061183754506
5,50,34.8520547945205,0.664461157419707
5,50,35.0164383561644,0.662721337239726
5,50,35.1808219178082,0.663504985705792
5,50,35.3452054794521,0.663776695349244
5,50,35.5095890410959,0.664077013822213
5,50,35.6739726027397,0.664938104535662
5,50,35.8383561643836,0.664143424050715
5,50,36.0027397260274,0.665617101425974
5,50,36.1671232876712,0.666153193479935
5,50,36.3315068493151,0.663610605895338
5,50,36.4958904109589,0.664965000243698
5,50,36.6602739726027,0.666871030436724
5,50,36.8246575342466,0.667584645584586
5,50,36.9890410958904,0.669178792574548
5,50,37.1534246575342,0.668750439924363
5,50,37.3178082191781,0.667232803437565
5,50,37.4821917808219,0.668362436482988
5,50,37.6465753424658,0.668237352010584
5,50,37.8109589041096,0.667945623802915
5,50,37.9753424657534,0.668834346133464
5,50,38.1397260273973,0.669765692721832
5,50,38.3041095890411,0.669730785752778
5,50,38.4684931506849,0.670889073861003
5,50,38.6328767123288,0.670037853240377
5,50,38.7972602739726,0.67261704898871
5,50,38.9616438356164,0.671878461448756
5,50,39.1260273972603,0.673267745918036
5,50,39.2904109589041,0.672871086683846
5,50,39.4547945205479,0.671519385332056
5,50,39.6191780821918,0.672297710978023
5,50,39.7835616438356,0.672199270663445
5,50,39.9479452054794,0.673572909013601
5,50,40.1123287671233,0.673730884544103
5,50,40.2767123287671,0.671974832358858
5,50,40.441095890411,0.672607492506308
5,50,40.6054794520548,0.670634624741941
5,50,40.7698630136986,0.669734565720166
5,50,40.9342465753425,0.667947082393206
5,50,41.0986301369863,0.667238300145839
5,50,41.2630136986301,0.665989874201131
5,50,41.427397260274,0.666251862338193
5,50,41.5917808219178,0.66431965110897
5,50,41.7561643835616,0.664509965456599
5,50,41.9205479452055,0.665945657100495
5,50,42.0849315068493,0.666985728830187
5,50,42.2493150684932,0.668713068315975
5,50,42.413698630137,0.668561839739636
5,50,42.5780821917808,0.668462268595685
5,50,42.7424657534247,0.668584123380348
5,50,42.9068493150685,0.66781441954424
5,50,43.0712328767123,0.666996429096565
5,50,43.2356164383562,0.666891936909054
5,50,43.4,0.66713995327519
5,50,43.5643835616438,0.666257459065816
5,50,43.7287671232877,0.669057228894295
5,50,43.8931506849315,0.670055442478831
5,50,44.0575342465753,0.668255812592364
5,50,44.2219178082192,0.670701949291776
5,50,44.386301369863,0.67072508600621
5,50,44.5506849315069,0.670747713580786
5,50,44.7150684931507,0.670201190187916
5,50,44.8794520547945,0.671220373471601
5,50,45.0438356164384,0.671963486910527
5,50,45.2082191780822,0.672033050505375
5,50,45.372602739726,0.672436772051773
5,50,45.5369863013699,0.672855054104397
5,50,45.7013698630137,0.67384179118285
5,50,45.8657534246575,0.673612158987676
5,50,46.0301369863014,0.673733617794697
5,50,46.1945205479452,0.674559434033629
5,50,46.358904109589,0.673997880556242
5,50,46.5232876712329,0.674405270602571
5,50,46.6876712328767,0.675249446358007
5,50,46.8520547945205,0.674417802904177
5,50,47.0164383561644,0.674257418336372
5,50,47.1808219178082,0.676365324549098
5,50,47.3452054794521,0.674787126820054
5,50,47.5095890410959,0.674029495766451
5,50,47.6739726027397,0.672686297207899
5,50,47.8383561643836,0.673745018460802
5,50,48.0027397260274,0.672625889690753
5,50,48.1671232876712,0.673561373677943
5,50,48.3315068493151,0.671857045143571
5,50,48.4958904109589,0.672849861522697
5,50,48.6602739726027,0.673274005969797
5,50,48.8246575342466,0.673466785863261
5,50,48.9890410958904,0.675356674744246
5,50,49.1534246575342,0.675325981350222
5,50,49.3178082191781,0.673902787054932
5,50,49.4821917808219,0.672603173318976
5,50,49.6465753424658,0.672301161801295
5,50,49.8109589041096,0.672437896745639
5,50,49.9753424657534,0.671188351066396
5,100,0.00273972602739726,1.00003200528757
5,100,0.167123287671233,0.996750999923437
5,100,0.331506849315069,0.988275691170747
5,100,0.495890410958904,0.977969149035746
5,100,0.66027397260274,0.966230191442399
5,100,0.824657534246575,0.952094378868657
5,100,0.989041095890411,0.939539924527796
5,100,1.15342465753425,0.925759997638237
5,100,1.31780821917808,0.910297557409255
5,100,1.48219178082192,0.896366387944779
5,100,1.64657534246575,0.883218899180732
5,100,1.81095890410959,0.870639379454751
5,100,1.97534246575342,0.859343620113848
5,100,2.13972602739726,0.848905108391709
5,100,2.3041095890411,0.840999468722889
5,100,2.46849315068493,0.831213654241446
5,100,2.63287671232877,0.823650210160635
5,100,2.7972602739726,0.815895944561564
5,100,2.96164383561644,0.809852578263979
5,100,3.12602739726027,0.80339632432227
5,100,3.29041095890411,0.796912517573938
5,100,3.45479452054795,0.790077842832002
5,100,3.61917808219178,0.783993215744023
5,100,3.78356164383562,0.777949522839697
5,100,3.94794520547945,0.773036132706387
5,100,4.11232876712329,0.769582833345108
5,100,4.27671232876712,0.764372518847098
5,100,4.44109589041096,0.760270702489419
5,100,4.60547945205479,0.756150324207509
5,100,4.76986301369863,0.751854334547292
5,100,4.93424657534247,0.747596507175018
5,100,5.0986301369863,0.744546791072879
5,100,5.26301369863014,0.740206507310902
5,100,5.42739726027397,0.737098924703045
5,100,5.59178082191781,0.733947741474858
5,100,5.75616438356164,0.731214399044745
5,100,5.92054794520548,0.728044327452339
5,100,6.08493150684932,0.725354244793818
5,100,6.24931506849315,0.72159329747668
5,100,6.41369863013699,0.718803752528271
5,100,6.57808219178082,0.717796853890862
5,100,6.74246575342466,0.715585884973048
5,100,6.90684931506849,0.713792120979245
5,100,7.07123287671233,0.712780606013203
5,100,7.23561643835616,0.710729947743878
5,100,7.4,0.708877582704651
5,100,7.56438356164384,0.706000441735319
5,100,7.72876712328767,0.705167951458654
5,100,7.89315068493151,0.703907264933499
5,100,8.05753424657534,0.701517858230137
5,100,8.22191780821918,0.699746402613098
5,100,8.38630136986301,0.698345169997367
5,100,8.55068493150685,0.696294754201796
5,100,8.71506849315069,0.696242331660858
5,100,8.87945205479452,0.695773382855932
5,100,9.04383561643836,0.695426495046518
5,100,9.20821917808219,0.694587454758647
5,100,9.37260273972603,0.694159874875186
5,100,9.53698630136986,0.691968883928885
5,100,9.7013698630137,0.690718924583624
5,100,9.86575342465753,0.690052109176105
5,100,10.0301369863014,0.688190268126539
5,100,10.1945205479452,0.68729296914694
5,100,10.358904109589,0.687267355686458
5,100,10.5232876712329,0.686972623562122
5,100,10.6876712328767,0.686631013124682
5,100,10.8520547945205,0.686182718064546
5,100,11.0164383561644,0.68725673061799
5,100,11.1808219178082,0.686106833870696
5,100,11.3452054794521,0.684902264477713
5,100,11.5095890410959,0.684832029791944
5,100,11.6739726027397,0.684219453072001
5,100,11.8383561643836,0.684822307398447
5,100,12.0027397260274,0.68386615448901
5,100,12.1671232876712,0.68366009073873
5,100,12.3315068493151,0.681779147692969
5,100,12.4958904109589,0.682033351600425
5,100,12.6602739726027,0.681339592792783
5,100,12.8246575342466,0.680942290621275
5,100,12.9890410958904,0.680580340512293
5,100,13.1534246575342,0.680273728600276
5,100,13.3178082191781,0.680476664583716
5,100,13.4821917808219,0.680737028088589
5,100,13.6465753424658,0.678956185450642
5,100,13.8109589041096,0.67963807903033
5,100,13.9753424657534,0.679244866313377
5,100,14.1397260273973,0.678818332752367
5,100,14.3041095890411,0.677996331910682
5,100,14.4684931506849,0.676962290089934
5,100,14.6328767123288,0.676680105851407
5,100,14.7972602739726,0.676539474977351
5,100,14.9616438356164,0.675766685191576
5,100,15.1260273972603,0.677161014737177
5,100,15.2904109589041,0.677951991014168
5,100,15.4547945205479,0.677615738878423
5,100,15.6191780821918,0.677200049361794
5,100,15.7835616438356,0.678328707070332
5,100,15.9479452054795,0.677722978575746
5,100,16.1123287671233,0.676398518334824
5,100,16.2767123287671,0.67624243829107
5,100,16.441095890411,0.676142547630747
5,100,16.6054794520548,0.676449964896927
5,100,16.7698630136986,0.675942417701489
5,100,16.9342465753425,0.676443819516358
5,100,17.0986301369863,0.677190222271949
5,100,17.2630136986301,0.676947906193606
5,100,17.427397260274,0.676392901888507
5,100,17.5917808219178,0.676040527213221
5,100,17.7561643835616,0.676080749657104
5,100,17.9205479452055,0.675023318204411
5,100,18.0849315068493,0.674521527062766
5,100,18.2493150684931,0.675063294152231
5,100,18.413698630137,0.67483167335106
5,100,18.5780821917808,0.674973145792297
5,100,18.7424657534247,0.674872579189672
5,100,18.9068493150685,0.673056961601046
5,100,19.0712328767123,0.672570769324465
5,100,19.2356164383562,0.672963900673215
5,100,19.4,0.673268683829417
5,100,19.5643835616438,0.673731267139544
5,100,19.7287671232877,0.675025963880587
5,100,19.8931506849315,0.676213968071366
5,100,20.0575342465753,0.675833649801163
5,100,20.2219178082192,0.676083981842726
5,100,20.386301369863,0.674720152393261
5,100,20.5506849315069,0.674548715163231
5,100,20.7150684931507,0.674568889133027
5,100,20.8794520547945,0.674981095249865
5,100,21.0438356164384,0.67478693685224
5,100,21.2082191780822,0.675199851419689
5,100,21.372602739726,0.674861139303048
5,100,21.5369863013699,0.673843546425169
5,100,21.7013698630137,0.674341634813782
5,100,21.8657534246575,0.673846924386815
5,100,22.0301369863014,0.671990907919546
5,100,22.1945205479452,0.671829289151704
5,100,22.358904109589,0.671816379240591
5,100,22.5232876712329,0.67104279871246
5,100,22.6876712328767,0.670764490780505
5,100,22.8520547945205,0.671187789423891
5,100,23.0164383561644,0.670775774862777
5,100,23.1808219178082,0.670818052534398
5,100,23.3452054794521,0.672131892999567
5,100,23.5095890410959,0.673157561636655
5,100,23.6739726027397,0.672545625344989
5,100,23.8383561643836,0.672451582069953
5,100,24.0027397260274,0.674186500013406
5,100,24.1671232876712,0.674801745817196
5,100,24.3315068493151,0.67542428673195
5,100,24.4958904109589,0.675695048542633
5,100,24.6602739726027,0.675879917261894
5,100,24.8246575342466,0.675956625607755
5,100,24.9890410958904,0.676635929729096
5,100,25.1534246575342,0.676535739613024
5,100,25.3178082191781,0.675804750122166
5,100,25.4821917808219,0.675911548067349
5,100,25.6465753424658,0.675556104427513
5,100,25.8109589041096,0.67638497971305
5,100,25.9753424657534,0.676597471743716
5,100,26.1397260273973,0.67659203745359
5,100,26.3041095890411,0.675991666649882
5,100,26.4684931506849,0.675416547036812
5,100,26.6328767123288,0.676292809396278
5,100,26.7972602739726,0.676866592457724
5,100,26.9616438356164,0.675623809574618
5,100,27.1260273972603,0.676073405081717
5,100,27.2904109589041,0.676837345399057
5,100,27.4547945205479,0.675364566724242
5,100,27.6191780821918,0.67506871675253
5,100,27.7835616438356,0.675988291649523
5,100,27.9479452054795,0.677423399713575
5,100,28.1123287671233,0.676757211391953
5,100,28.2767123287671,0.67862427196844
5,100,28.441095890411,0.679432265234526
5,100,28.6054794520548,0.6790254521352
5,100,28.7698630136986,0.67961634109991
5,100,28.9342465753425,0.680665230131139
5,100,29.0986301369863,0.680246612320944
5,100,29.2630136986301,0.67897856059945
5,100,29.427397260274,0.678889404189683
5,100,29.5917808219178,0.678617950040509
5,100,29.7561643835616,0.67880274983565
5,100,29.9205479452055,0.678656005892958
5,100,30.0849315068493,0.679151073698105
5,100,30.2493150684931,0.678796159269339
5,100,30.413698630137,0.678208399672282
5,100,30.5780821917808,0.678187241660047
5,100,30.7424657534247,0.677493709111155
5,100,30.9068493150685,0.677763501882617
5,100,31.0712328767123,0.677039553031498
5,100,31.2356164383562,0.67591101063018
5,100,31.4,0.676371780693791
5,100,31.5643835616438,0.675074284888616
5,100,31.7287671232877,0.674252804192646
5,100,31.8931506849315,0.674511182201555
5,100,32.0575342465753,0.67373234342085
5,100,32.2219178082192,0.673826252684513
5,100,32.386301369863,0.67541922283671
5,100,32.5506849315069,0.676451453579527
5,100,32.7150684931507,0.676191218368543
5,100,32.8794520547945,0.676232418674053
5,100,33.0438356164384,0.67604261515252
5,100,33.2082191780822,0.67672922275789
5,100,33.372602739726,0.678609027107481
5,100,33.5369863013699,0.678775909127839
5,100,33.7013698630137,0.678589547632704
5,100,33.8657534246575,0.678255524583397
5,100,34.0301369863014,0.676730047712998
5,100,34.1945205479452,0.67620759497618
5,100,34.358904109589,0.677110014927664
5,100,34.5232876712329,0.676602315023206
5,100,34.6876712328767,0.675349752041628
5,100,34.8520547945205,0.675248817395632
5,100,35.0164383561644,0.674426427989376
5,100,35.1808219178082,0.674469693963546
5,100,35.3452054794521,0.674696332022625
5,100,35.5095890410959,0.674899145495256
5,100,35.6739726027397,0.675669448192476
5,100,35.8383561643836,0.676207482483304
5,100,36.0027397260274,0.677153763780121
5,100,36.1671232876712,0.676818235726302
5,100,36.3315068493151,0.675695748876453
5,100,36.4958904109589,0.676134174082971
5,100,36.6602739726027,0.676869797972901
5,100,36.8246575342466,0.677571510951727
5,100,36.9890410958904,0.67723736917619
5,100,37.1534246575342,0.676456591757063
5,100,37.3178082191781,0.676390582270251
5,100,37.4821917808219,0.676781443382339
5,100,37.6465753424658,0.677822615043968
5,100,37.8109589041096,0.677490154690502
5,100,37.9753424657534,0.67608965362298
5,100,38.1397260273973,0.676412699626354
5,100,38.3041095890411,0.676915777348639
5,100,38.4684931506849,0.676792650000826
5,100,38.6328767123288,0.676403876250429
5,100,38.7972602739726,0.676906241547653
5,100,38.9616438356164,0.677941220872196
5,100,39.1260273972603,0.676587162288294
5,100,39.2904109589041,0.676198058924541
5,100,39.4547945205479,0.676167553249633
5,100,39.6191780821918,0.675808527368688
5,100,39.7835616438356,0.676604204412727
5,100,39.9479452054794,0.677130340794299
5,100,40.1123287671233,0.675778257829441
5,100,40.2767123287671,0.675199530012878
5,100,40.441095890411,0.674409477351756
5,100,40.6054794520548,0.675436361089437
5,100,40.7698630136986,0.676478930692282
5,100,40.9342465753425,0.674579906864165
5,100,41.0986301369863,0.674334088951683
5,100,41.2630136986301,0.674364738468968
5,100,41.427397260274,0.674170479051228
5,100,41.5917808219178,0.672345981076127
5,100,41.7561643835616,0.672949742755938
5,100,41.9205479452055,0.673442838958304
5,100,42.0849315068493,0.67515320724094
5,100,42.2493150684932,0.67504281170886
5,100,42.413698630137,0.674835477334501
5,100,42.5780821917808,0.674701680225086
5,100,42.7424657534247,0.675262708636521
5,100,42.9068493150685,0.675929021089337
5,100,43.0712328767123,0.676652104608691
5,100,43.2356164383562,0.676725510513708
5,100,43.4,0.675977892545536
5,100,43.5643835616438,0.676426732314203
5,100,43.7287671232877,0.677059611346916
5,100,43.8931506849315,0.675953887453271
5,100,44.0575342465753,0.676286613798182
5,100,44.2219178082192,0.676560381789016
5,100,44.386301369863,0.677312612455139
5,100,44.5506849315069,0.677258712491654
5,100,44.7150684931507,0.678671677281797
5,100,44.8794520547945,0.677733275290105
5,100,45.0438356164384,0.677392767260745
5,100,45.2082191780822,0.676413796137077
5,100,45.372602739726,0.676809611972574
5,100,45.5369863013699,0.677551487911273
5,100,45.7013698630137,0.677014397403993
5,100,45.8657534246575,0.676954224439486
5,100,46.0301369863014,0.675922979621285
5,100,46.1945205479452,0.676534798477675
5,100,46.358904109589,0.676521446426064
5,100,46.5232876712329,0.676882710448957
5,100,46.6876712328767,0.676871429722073
5,100,46.8520547945205,0.676604314232888
5,100,47.0164383561644,0.676899025658547
5,100,47.1808219178082,0.677640081274478
5,100,47.3452054794521,0.677896137313556
5,100,47.5095890410959,0.679013084100916
5,100,47.6739726027397,0.679288475438639
5,100,47.8383561643836,0.67963575229791
5,100,48.0027397260274,0.679185906877082
5,100,48.1671232876712,0.679006100418037
5,100,48.3315068493151,0.677915687973201
5,100,48.4958904109589,0.676637222071736
5,100,48.6602739726027,0.676886674342688
5,100,48.8246575342466,0.677537046888085
5,100,48.9890410958904,0.677008028864058
5,100,49.1534246575342,0.676743801019567
5,100,49.3178082191781,0.677878883539672
5,100,49.4821917808219,0.677035645934232
5,100,49.6465753424658,0.677587230484891
5,100,49.8109589041096,0.677328109961529
5,100,49.9753424657534,0.675937070852777
5,200,0.00273972602739726,1.00017189591729
5,200,0.167123287671233,0.997365060699891
5,200,0.331506849315069,0.989606259160327
5,200,0.495890410958904,0.980281066946942
5,200,0.66027397260274,0.96768733188993
5,200,0.824657534246575,0.954053023377794
5,200,0.989041095890411,0.939666033353237
5,200,1.15342465753425,0.925178165770942
5,200,1.31780821917808,0.911406758503028
5,200,1.48219178082192,0.896997639397214
5,200,1.64657534246575,0.884048456833428
5,200,1.81095890410959,0.871195334768365
5,200,1.97534246575342,0.860057710884467
5,200,2.13972602739726,0.849942247055521
5,200,2.3041095890411,0.839991506385391
5,200,2.46849315068493,0.831277556424757
5,200,2.63287671232877,0.823567100978535
5,200,2.7972602739726,0.816836972020027
5,200,2.96164383561644,0.809013729235131
5,200,3.12602739726027,0.801345565582519
5,200,3.29041095890411,0.79483182257248
5,200,3.45479452054795,0.788761790568965
5,200,3.61917808219178,0.783471917414624
5,200,3.78356164383562,0.778216997198047
5,200,3.94794520547945,0.77158804426412
5,200,4.11232876712329,0.76640500046375
5,200,4.27671232876712,0.761466532926113
5,200,4.44109589041096,0.757065220647681
5,200,4.60547945205479,0.753439495977687
5,200,4.76986301369863,0.750329759475865
5,200,4.93424657534247,0.746345186420932
5,200,5.0986301369863,0.743982007214798
5,200,5.26301369863014,0.74047418130864
5,200,5.42739726027397,0.736852505942354
5,200,5.59178082191781,0.733998821395138
5,200,5.75616438356164,0.731190092063736
5,200,5.92054794520548,0.729316664481486
5,200,6.08493150684932,0.725836838633584
5,200,6.24931506849315,0.722730855925268
5,200,6.41369863013699,0.720763329941395
5,200,6.57808219178082,0.718178308672645
5,200,6.74246575342466,0.715964495901951
5,200,6.90684931506849,0.713635687075687
5,200,7.07123287671233,0.711885751922215
5,200,7.23561643835616,0.709860625472887
5,200,7.4,0.707898034480283
5,200,7.56438356164384,0.706372335391067
5,200,7.72876712328767,0.704898608951255
5,200,7.89315068493151,0.703614835370423
5,200,8.05753424657534,0.702544528672141
5,200,8.22191780821918,0.699975075292975
5,200,8.38630136986301,0.698374374005865
5,200,8.55068493150685,0.697532245897651
5,200,8.71506849315069,0.696310085524727
5,200,8.87945205479452,0.694767032489778
5,200,9.04383561643836,0.693631860086294
5,200,9.20821917808219,0.692197498763619
5,200,9.37260273972603,0.69155587519116
5,200,9.53698630136986,0.69010823835584
5,200,9.7013698630137,0.688979598886206
5,200,9.86575342465753,0.688007519189313
5,200,10.0301369863014,0.686792084138638
5,200,10.1945205479452,0.686557356019611
5,200,10.358904109589,0.685904073113829
5,200,10.5232876712329,0.686189498570607
5,200,10.6876712328767,0.685815933118477
5,200,10.8520547945205,0.685850612689335
5,200,11.0164383561644,0.684540778873373
5,200,11.1808219178082,0.683427393788069
5,200,11.3452054794521,0.683540516036766
5,200,11.5095890410959,0.682378120774289
5,200,11.6739726027397,0.68107861447895
5,200,11.8383561643836,0.680305790336467
5,200,12.0027397260274,0.679678985924601
5,200,12.1671232876712,0.678768429277625
5,200,12.3315068493151,0.679230489655193
5,200,12.4958904109589,0.678677553998226
5,200,12.6602739726027,0.677972636221767
5,200,12.8246575342466,0.678635536588783
5,200,12.9890410958904,0.677452497309124
5,200,13.1534246575342,0.677634501328769
5,200,13.3178082191781,0.678208383134635
5,200,13.4821917808219,0.678284260118238
5,200,13.6465753424658,0.678114428677875
5,200,13.8109589041096,0.678100967611555
5,200,13.9753424657534,0.678255166500834
5,200,14.1397260273973,0.67825639221218
5,200,14.3041095890411,0.6770398589996
5,200,14.4684931506849,0.677697533862878
5,200,14.6328767123288,0.67731468715381
5,200,14.7972602739726,0.678277056426997
5,200,14.9616438356164,0.678074302012755
5,200,15.1260273972603,0.678888349600279
5,200,15.2904109589041,0.678529280420101
5,200,15.4547945205479,0.679019231604488
5,200,15.6191780821918,0.678845281568206
5,200,15.7835616438356,0.679595444697868
5,200,15.9479452054795,0.679240743350869
5,200,16.1123287671233,0.678674992306269
5,200,16.2767123287671,0.678221824690961
5,200,16.441095890411,0.677876918168379
5,200,16.6054794520548,0.677426551711112
5,200,16.7698630136986,0.677889666468297
5,200,16.9342465753425,0.678361773969895
5,200,17.0986301369863,0.678447468547274
5,200,17.2630136986301,0.67802632587513
5,200,17.427397260274,0.678394835984498
5,200,17.5917808219178,0.678063489603229
5,200,17.7561643835616,0.677038922551178
5,200,17.9205479452055,0.675904371433745
5,200,18.0849315068493,0.67625472927748
5,200,18.2493150684931,0.676627503431526
5,200,18.413698630137,0.677467765124884
5,200,18.5780821917808,0.67788504351547
5,200,18.7424657534247,0.67851581786383
5,200,18.9068493150685,0.678649883789717
5,200,19.0712328767123,0.679223227898277
5,200,19.2356164383562,0.678870365480697
5,200,19.4,0.679147636556329
5,200,19.5643835616438,0.679573261277836
5,200,19.7287671232877,0.680343495891196
5,200,19.8931506849315,0.679275385584916
5,200,20.0575342465753,0.679422532377972
5,200,20.2219178082192,0.68035843437848
5,200,20.386301369863,0.679032176559473
5,200,20.5506849315069,0.678660151768945
5,200,20.7150684931507,0.678865700631363
5,200,20.8794520547945,0.678254068915659
5,200,21.0438356164384,0.678897864472312
5,200,21.2082191780822,0.678381104504431
5,200,21.372602739726,0.678758840493526
5,200,21.5369863013699,0.678478992973306
5,200,21.7013698630137,0.678371331360404
5,200,21.8657534246575,0.678882599858322
5,200,22.0301369863014,0.67897365313127
5,200,22.1945205479452,0.67957227472325
5,200,22.358904109589,0.679420766278602
5,200,22.5232876712329,0.679772712866036
5,200,22.6876712328767,0.679362231082523
5,200,22.8520547945205,0.678958901484489
5,200,23.0164383561644,0.678307087563068
5,200,23.1808219178082,0.678104848579437
5,200,23.3452054794521,0.679101883104075
5,200,23.5095890410959,0.678965161103115
5,200,23.6739726027397,0.678021688382443
5,200,23.8383561643836,0.678043494561521
5,200,24.0027397260274,0.67754761287019
5,200,24.1671232876712,0.676975154963468
5,200,24.3315068493151,0.676474719895598
5,200,24.4958904109589,0.675663864449492
5,200,24.6602739726027,0.675283888085309
5,200,24.8246575342466,0.674930578157882
5,200,24.9890410958904,0.674445522370478
5,200,25.1534246575342,0.67431508838461
5,200,25.3178082191781,0.675039929748386
5,200,25.4821917808219,0.675444283490043
5,200,25.6465753424658,0.676148078900451
5,200,25.8109589041096,0.676276498169249
5,200,25.9753424657534,0.676403537259892
5,200,26.1397260273973,0.676275259911481
5,200,26.3041095890411,0.67641596015395
5,200,26.4684931506849,0.677203291361168
5,200,26.6328767123288,0.676987357698372
5,200,26.7972602739726,0.677073517074531
5,200,26.9616438356164,0.678441563736739
5,200,27.1260273972603,0.67756385342883
5,200,27.2904109589041,0.677891349088902
5,200,27.4547945205479,0.678404357059073
5,200,27.6191780821918,0.678165971448166
5,200,27.7835616438356,0.6776148050749
5,200,27.9479452054795,0.677245292908939
5,200,28.1123287671233,0.678161684321076
5,200,28.2767123287671,0.678126465914974
5,200,28.441095890411,0.67811054226924
5,200,28.6054794520548,0.678519254955134
5,200,28.7698630136986,0.679041149127073
5,200,28.9342465753425,0.678228848982312
5,200,29.0986301369863,0.678507181124967
5,200,29.2630136986301,0.678334626957284
5,200,29.427397260274,0.678690028957732
5,200,29.5917808219178,0.67884081662215
5,200,29.7561643835616,0.678581838407659
5,200,29.9205479452055,0.67882989067765
5,200,30.0849315068493,0.678304546825955
5,200,30.2493150684931,0.678436856576077
5,200,30.413698630137,0.67778255209965
5,200,30.5780821917808,0.677439581864246
5,200,30.7424657534247,0.677960445835446
5,200,30.9068493150685,0.679049109232423
5,200,31.0712328767123,0.679178972125901
5,200,31.2356164383562,0.678693160533968
5,200,31.4,0.679385066008129
5,200,31.5643835616438,0.677967957804583
5,200,31.7287671232877,0.678437334454091
5,200,31.8931506849315,0.677751295821427
5,200,32.0575342465753,0.67743389283629
5,200,32.2219178082192,0.6764106881441
5,200,32.386301369863,0.677113713680061
5,200,32.5506849315069,0.677129731305992
5,200,32.7150684931507,0.677412314167255
5,200,32.8794520547945,0.677629819337301
5,200,33.0438356164384,0.6781861494192
5,200,33.2082191780822,0.67806340435763
5,200,33.372602739726,0.679066491476546
5,200,33.5369863013699,0.678988171509197
5,200,33.7013698630137,0.679424817579135
5,200,33.8657534246575,0.678983212153151
5,200,34.0301369863014,0.678869954068417
5,200,34.1945205479452,0.678734151464228
5,200,34.358904109589,0.678661434240433
5,200,34.5232876712329,0.678284215382467
5,200,34.6876712328767,0.678873916767534
5,200,34.8520547945205,0.678789290971427
5,200,35.0164383561644,0.678520345414228
5,200,35.1808219178082,0.678698938207113
5,200,35.3452054794521,0.67816040869343
5,200,35.5095890410959,0.67795170737211
5,200,35.6739726027397,0.678575634483801
5,200,35.8383561643836,0.678837069425367
5,200,36.0027397260274,0.67867011161741
5,200,36.1671232876712,0.677453695140863
5,200,36.3315068493151,0.677678372655295
5,200,36.4958904109589,0.677056213775684
5,200,36.6602739726027,0.677627545258087
5,200,36.8246575342466,0.677936669972362
5,200,36.9890410958904,0.678836709693122
5,200,37.1534246575342,0.678856253089411
5,200,37.3178082191781,0.678949325515496
5,200,37.4821917808219,0.679798869689667
5,200,37.6465753424658,0.679152348293944
5,200,37.8109589041096,0.678637662153845
5,200,37.9753424657534,0.679254675727336
5,200,38.1397260273973,0.680400257417692
5,200,38.3041095890411,0.679671384650233
5,200,38.4684931506849,0.679580605764978
5,200,38.6328767123288,0.679735693500793
5,200,38.7972602739726,0.679466889514094
5,200,38.9616438356164,0.678419024408486
5,200,39.1260273972603,0.677743709014865
5,200,39.2904109589041,0.677825017343701
5,200,39.4547945205479,0.678031748183238
5,200,39.6191780821918,0.678854674477782
5,200,39.7835616438356,0.678359407652406
5,200,39.9479452054794,0.677799133793265
5,200,40.1123287671233,0.677507269275052
5,200,40.2767123287671,0.677370972867982
5,200,40.441095890411,0.677574372753375
5,200,40.6054794520548,0.677831944982086
5,200,40.7698630136986,0.677613928925242
5,200,40.9342465753425,0.677259221241446
5,200,41.0986301369863,0.677419219624487
5,200,41.2630136986301,0.678214803338352
5,200,41.427397260274,0.679055091502778
5,200,41.5917808219178,0.678963546187071
5,200,41.7561643835616,0.678236653640319
5,200,41.9205479452055,0.678357813348278
5,200,42.0849315068493,0.678160462702403
5,200,42.2493150684932,0.677996913188254
5,200,42.413698630137,0.677832322911559
5,200,42.5780821917808,0.677331703438184
5,200,42.7424657534247,0.677141609599916
5,200,42.9068493150685,0.676515603495908
5,200,43.0712328767123,0.676630574072208
5,200,43.2356164383562,0.677669501094302
5,200,43.4,0.677996079045421
5,200,43.5643835616438,0.678323197152887
5,200,43.7287671232877,0.679042266451094
5,200,43.8931506849315,0.678394936101571
5,200,44.0575342465753,0.678074197975738
5,200,44.2219178082192,0.67830831469302
5,200,44.386301369863,0.677707602598119
5,200,44.5506849315069,0.678263172589017
5,200,44.7150684931507,0.678582136091984
5,200,44.8794520547945,0.678653265430667
5,200,45.0438356164384,0.67976732950351
5,200,45.2082191780822,0.678239113288835
5,200,45.372602739726,0.678308331099414
5,200,45.5369863013699,0.677341728866397
5,200,45.7013698630137,0.677526901487213
5,200,45.8657534246575,0.677320235945323
5,200,46.0301369863014,0.67687614598903
5,200,46.1945205479452,0.676456351016879
5,200,46.358904109589,0.676198313591791
5,200,46.5232876712329,0.676635692145522
5,200,46.6876712328767,0.675966266314537
5,200,46.8520547945205,0.676285813300491
5,200,47.0164383561644,0.675897595672958
5,200,47.1808219178082,0.675033652009691
5,200,47.3452054794521,0.67484653258442
5,200,47.5095890410959,0.674720597652091
5,200,47.6739726027397,0.675105177621252
5,200,47.8383561643836,0.676569673567158
5,200,48.0027397260274,0.676503632245356
5,200,48.1671232876712,0.677761920451889
5,200,48.3315068493151,0.677031662709525
5,200,48.4958904109589,0.676771051480326
5,200,48.6602739726027,0.674967396377594
5,200,48.8246575342466,0.674978779521901
5,200,48.9890410958904,0.67581416825562
5,200,49.1534246575342,0.675516875187279
5,200,49.3178082191781,0.676088629323204
5,200,49.4821917808219,0.676914679416084
5,200,49.6465753424658,0.677839890828206
5,200,49.8109589041096,0.677036904501241
5,200,49.9753424657534,0.676850043444908
