"R0","N","yr","p_free_vx"
1.5,10,0.00273972602739726,0
1.5,10,0.167123287671233,0
1.5,10,0.331506849315069,0.001
1.5,10,0.495890410958904,0.003
1.5,10,0.66027397260274,0.0035
1.5,10,0.824657534246575,0.006
1.5,10,0.989041095890411,0.009
1.5,10,1.15342465753425,0.0115
1.5,10,1.31780821917808,0.016
1.5,10,1.48219178082192,0.0205
1.5,10,1.64657534246575,0.026
1.5,10,1.81095890410959,0.031
1.5,10,1.97534246575342,0.0385
1.5,10,2.13972602739726,0.0465
1.5,10,2.3041095890411,0.051
1.5,10,2.46849315068493,0.0595
1.5,10,2.63287671232877,0.0705
1.5,10,2.7972602739726,0.0785
1.5,10,2.96164383561644,0.0865
1.5,10,3.12602739726027,0.0955
1.5,10,3.29041095890411,0.1075
1.5,10,3.45479452054795,0.118
1.5,10,3.61917808219178,0.1295
1.5,10,3.78356164383562,0.137
1.5,10,3.94794520547945,0.15
1.5,10,4.11232876712329,0.1605
1.5,10,4.27671232876712,0.1705
1.5,10,4.44109589041096,0.18
1.5,10,4.60547945205479,0.1855
1.5,10,4.76986301369863,0.2005
1.5,10,4.93424657534247,0.211
1.5,10,5.0986301369863,0.221
1.5,10,5.26301369863014,0.2285
1.5,10,5.42739726027397,0.2395
1.5,10,5.59178082191781,0.25
1.5,10,5.75616438356164,0.259
1.5,10,5.92054794520548,0.2705
1.5,10,6.08493150684932,0.277
1.5,10,6.24931506849315,0.2865
1.5,10,6.41369863013699,0.292
1.5,10,6.57808219178082,0.3025
1.5,10,6.74246575342466,0.317
1.5,10,6.90684931506849,0.331
1.5,10,7.07123287671233,0.3445
1.5,10,7.23561643835616,0.357
1.5,10,7.4,0.369
1.5,10,7.56438356164384,0.377
1.5,10,7.72876712328767,0.3845
1.5,10,7.89315068493151,0.3925
1.5,10,8.05753424657534,0.3995
1.5,10,8.22191780821918,0.408
1.5,10,8.38630136986301,0.4165
1.5,10,8.55068493150685,0.4245
1.5,10,8.71506849315069,0.4305
1.5,10,8.87945205479452,0.438
1.5,10,9.04383561643836,0.446
1.5,10,9.20821917808219,0.454
1.5,10,9.37260273972603,0.460730365182591
1.5,10,9.53698630136986,0.465232616308154
1.5,10,9.7013698630137,0.472736368184092
1.5,10,9.86575342465753,0.483241620810405
1.5,10,10.0301369863014,0.492
1.5,10,10.1945205479452,0.498
1.5,10,10.358904109589,0.507
1.5,10,10.5232876712329,0.5145
1.5,10,10.6876712328767,0.521
1.5,10,10.8520547945205,0.5275
1.5,10,11.0164383561644,0.537
1.5,10,11.1808219178082,0.545
1.5,10,11.3452054794521,0.5515
1.5,10,11.5095890410959,0.5625
1.5,10,11.6739726027397,0.5695
1.5,10,11.8383561643836,0.5775
1.5,10,12.0027397260274,0.583
1.5,10,12.1671232876712,0.5875
1.5,10,12.3315068493151,0.594
1.5,10,12.4958904109589,0.601
1.5,10,12.6602739726027,0.608
1.5,10,12.8246575342466,0.6135
1.5,10,12.9890410958904,0.619
1.5,10,13.1534246575342,0.6255
1.5,10,13.3178082191781,0.6305
1.5,10,13.4821917808219,0.6345
1.5,10,13.6465753424658,0.639
1.5,10,13.8109589041096,0.646
1.5,10,13.9753424657534,0.6505
1.5,10,14.1397260273973,0.653
1.5,10,14.3041095890411,0.659
1.5,10,14.4684931506849,0.665
1.5,10,14.6328767123288,0.668
1.5,10,14.7972602739726,0.673
1.5,10,14.9616438356164,0.678
1.5,10,15.1260273972603,0.6805
1.5,10,15.2904109589041,0.6845
1.5,10,15.4547945205479,0.6885
1.5,10,15.6191780821918,0.6965
1.5,10,15.7835616438356,0.701
1.5,10,15.9479452054795,0.7065
1.5,10,16.1123287671233,0.709
1.5,10,16.2767123287671,0.7145
1.5,10,16.441095890411,0.718
1.5,10,16.6054794520548,0.7225
1.5,10,16.7698630136986,0.728
1.5,10,16.9342465753425,0.7315
1.5,10,17.0986301369863,0.734
1.5,10,17.2630136986301,0.736
1.5,10,17.427397260274,0.74
1.5,10,17.5917808219178,0.7445
1.5,10,17.7561643835616,0.7485
1.5,10,17.9205479452055,0.75
1.5,10,18.0849315068493,0.75287643821911
1.5,10,18.2493150684931,0.758
1.5,10,18.413698630137,0.763
1.5,10,18.5780821917808,0.7675
1.5,10,18.7424657534247,0.7725
1.5,10,18.9068493150685,0.777
1.5,10,19.0712328767123,0.7805
1.5,10,19.2356164383562,0.783
1.5,10,19.4,0.787
1.5,10,19.5643835616438,0.789
1.5,10,19.7287671232877,0.79
1.5,10,19.8931506849315,0.7925
1.5,10,20.0575342465753,0.7945
1.5,10,20.2219178082192,0.797
1.5,10,20.386301369863,0.799
1.5,10,20.5506849315069,0.8015
1.5,10,20.7150684931507,0.803
1.5,10,20.8794520547945,0.806
1.5,10,21.0438356164384,0.809
1.5,10,21.2082191780822,0.8155
1.5,10,21.372602739726,0.819
1.5,10,21.5369863013699,0.822
1.5,10,21.7013698630137,0.824412206103052
1.5,10,21.8657534246575,0.828
1.5,10,22.0301369863014,0.8325
1.5,10,22.1945205479452,0.835
1.5,10,22.358904109589,0.839
1.5,10,22.5232876712329,0.8415
1.5,10,22.6876712328767,0.8425
1.5,10,22.8520547945205,0.8455
1.5,10,23.0164383561644,0.8475
1.5,10,23.1808219178082,0.85
1.5,10,23.3452054794521,0.8515
1.5,10,23.5095890410959,0.853
1.5,10,23.6739726027397,0.8555
1.5,10,23.8383561643836,0.8595
1.5,10,24.0027397260274,0.8615
1.5,10,24.1671232876712,0.865
1.5,10,24.3315068493151,0.867
1.5,10,24.4958904109589,0.8675
1.5,10,24.6602739726027,0.8685
1.5,10,24.8246575342466,0.8715
1.5,10,24.9890410958904,0.874
1.5,10,25.1534246575342,0.878
1.5,10,25.3178082191781,0.879
1.5,10,25.4821917808219,0.8825
1.5,10,25.6465753424658,0.8845
1.5,10,25.8109589041096,0.8865
1.5,10,25.9753424657534,0.888
1.5,10,26.1397260273973,0.889
1.5,10,26.3041095890411,0.891445722861431
1.5,10,26.4684931506849,0.893446723361681
1.5,10,26.6328767123288,0.894947473736868
1.5,10,26.7972602739726,0.895947973986994
1.5,10,26.9616438356164,0.896948474237119
1.5,10,27.1260273972603,0.897448724362181
1.5,10,27.2904109589041,0.899449724862431
1.5,10,27.4547945205479,0.900950475237619
1.5,10,27.6191780821918,0.903
1.5,10,27.7835616438356,0.903
1.5,10,27.9479452054795,0.904
1.5,10,28.1123287671233,0.9065
1.5,10,28.2767123287671,0.9085
1.5,10,28.441095890411,0.91
1.5,10,28.6054794520548,0.9105
1.5,10,28.7698630136986,0.912
1.5,10,28.9342465753425,0.912
1.5,10,29.0986301369863,0.914
1.5,10,29.2630136986301,0.9165
1.5,10,29.427397260274,0.9185
1.5,10,29.5917808219178,0.9195
1.5,10,29.7561643835616,0.9205
1.5,10,29.9205479452055,0.922
1.5,10,30.0849315068493,0.9235
1.5,10,30.2493150684931,0.924
1.5,10,30.413698630137,0.927
1.5,10,30.5780821917808,0.9285
1.5,10,30.7424657534247,0.9295
1.5,10,30.9068493150685,0.931
1.5,10,31.0712328767123,0.932
1.5,10,31.2356164383562,0.9335
1.5,10,31.4,0.9345
1.5,10,31.5643835616438,0.937
1.5,10,31.7287671232877,0.938
1.5,10,31.8931506849315,0.9385
1.5,10,32.0575342465753,0.9395
1.5,10,32.2219178082192,0.9405
1.5,10,32.386301369863,0.941
1.5,10,32.5506849315069,0.9425
1.5,10,32.7150684931507,0.9435
1.5,10,32.8794520547945,0.9435
1.5,10,33.0438356164384,0.9435
1.5,10,33.2082191780822,0.9435
1.5,10,33.372602739726,0.9455
1.5,10,33.5369863013699,0.946
1.5,10,33.7013698630137,0.9465
1.5,10,33.8657534246575,0.9465
1.5,10,34.0301369863014,0.947
1.5,10,34.1945205479452,0.9485
1.5,10,34.358904109589,0.9495
1.5,10,34.5232876712329,0.9505
1.5,10,34.6876712328767,0.9515
1.5,10,34.8520547945205,0.951975987993997
1.5,10,35.0164383561644,0.9525
1.5,10,35.1808219178082,0.954
1.5,10,35.3452054794521,0.9555
1.5,10,35.5095890410959,0.9565
1.5,10,35.6739726027397,0.957
1.5,10,35.8383561643836,0.9585
1.5,10,36.0027397260274,0.9585
1.5,10,36.1671232876712,0.96
1.5,10,36.3315068493151,0.9625
1.5,10,36.4958904109589,0.9625
1.5,10,36.6602739726027,0.9625
1.5,10,36.8246575342466,0.963
1.5,10,36.9890410958904,0.963
1.5,10,37.1534246575342,0.9645
1.5,10,37.3178082191781,0.9645
1.5,10,37.4821917808219,0.9645
1.5,10,37.6465753424658,0.9665
1.5,10,37.8109589041096,0.967
1.5,10,37.9753424657534,0.9675
1.5,10,38.1397260273973,0.9675
1.5,10,38.3041095890411,0.9675
1.5,10,38.4684931506849,0.9675
1.5,10,38.6328767123288,0.969
1.5,10,38.7972602739726,0.9695
1.5,10,38.9616438356164,0.971
1.5,10,39.1260273972603,0.971
1.5,10,39.2904109589041,0.972
1.5,10,39.4547945205479,0.9735
1.5,10,39.6191780821918,0.9735
1.5,10,39.7835616438356,0.9735
1.5,10,39.9479452054794,0.974
1.5,10,40.1123287671233,0.9745
1.5,10,40.2767123287671,0.9745
1.5,10,40.441095890411,0.9745
1.5,10,40.6054794520548,0.9745
1.5,10,40.7698630136986,0.975
1.5,10,40.9342465753425,0.9755
1.5,10,41.0986301369863,0.9765
1.5,10,41.2630136986301,0.977
1.5,10,41.427397260274,0.978
1.5,10,41.5917808219178,0.979
1.5,10,41.7561643835616,0.979
1.5,10,41.9205479452055,0.98
1.5,10,42.0849315068493,0.9805
1.5,10,42.2493150684932,0.981
1.5,10,42.413698630137,0.9815
1.5,10,42.5780821917808,0.9815
1.5,10,42.7424657534247,0.9815
1.5,10,42.9068493150685,0.9815
1.5,10,43.0712328767123,0.9815
1.5,10,43.2356164383562,0.9815
1.5,10,43.4,0.9815
1.5,10,43.5643835616438,0.982
1.5,10,43.7287671232877,0.982
1.5,10,43.8931506849315,0.982
1.5,10,44.0575342465753,0.983
1.5,10,44.2219178082192,0.983
1.5,10,44.386301369863,0.983
1.5,10,44.5506849315069,0.983
1.5,10,44.7150684931507,0.983
1.5,10,44.8794520547945,0.983
1.5,10,45.0438356164384,0.983
1.5,10,45.2082191780822,0.983
1.5,10,45.372602739726,0.984
1.5,10,45.5369863013699,0.9845
1.5,10,45.7013698630137,0.9845
1.5,10,45.8657534246575,0.9845
1.5,10,46.0301369863014,0.985
1.5,10,46.1945205479452,0.985
1.5,10,46.358904109589,0.985
1.5,10,46.5232876712329,0.985
1.5,10,46.6876712328767,0.985
1.5,10,46.8520547945205,0.985
1.5,10,47.0164383561644,0.986
1.5,10,47.1808219178082,0.9865
1.5,10,47.3452054794521,0.9865
1.5,10,47.5095890410959,0.9865
1.5,10,47.6739726027397,0.987
1.5,10,47.8383561643836,0.987
1.5,10,48.0027397260274,0.9875
1.5,10,48.1671232876712,0.9875
1.5,10,48.3315068493151,0.988
1.5,10,48.4958904109589,0.9885
1.5,10,48.6602739726027,0.9885
1.5,10,48.8246575342466,0.989
1.5,10,48.9890410958904,0.9895
1.5,10,49.1534246575342,0.9895
1.5,10,49.3178082191781,0.9895
1.5,10,49.4821917808219,0.991
1.5,10,49.6465753424658,0.991
1.5,10,49.8109589041096,0.991
1.5,10,49.9753424657534,0.991
1.5,20,0.00273972602739726,0
1.5,20,0.167123287671233,0
1.5,20,0.331506849315069,0
1.5,20,0.495890410958904,0
1.5,20,0.66027397260274,0
1.5,20,0.824657534246575,0
1.5,20,0.989041095890411,0
1.5,20,1.15342465753425,0
1.5,20,1.31780821917808,0
1.5,20,1.48219178082192,0
1.5,20,1.64657534246575,0
1.5,20,1.81095890410959,0
1.5,20,1.97534246575342,5e-04
1.5,20,2.13972602739726,5e-04
1.5,20,2.3041095890411,0.001
1.5,20,2.46849315068493,0.002
1.5,20,2.63287671232877,0.002
1.5,20,2.7972602739726,0.0045
1.5,20,2.96164383561644,0.005
1.5,20,3.12602739726027,0.006
1.5,20,3.29041095890411,0.0075
1.5,20,3.45479452054795,0.0095
1.5,20,3.61917808219178,0.01
1.5,20,3.78356164383562,0.0115
1.5,20,3.94794520547945,0.013
1.5,20,4.11232876712329,0.0155
1.5,20,4.27671232876712,0.0165
1.5,20,4.44109589041096,0.02
1.5,20,4.60547945205479,0.022
1.5,20,4.76986301369863,0.023
1.5,20,4.93424657534247,0.025
1.5,20,5.0986301369863,0.0275
1.5,20,5.26301369863014,0.032
1.5,20,5.42739726027397,0.037
1.5,20,5.59178082191781,0.04
1.5,20,5.75616438356164,0.045
1.5,20,5.92054794520548,0.0475
1.5,20,6.08493150684932,0.05
1.5,20,6.24931506849315,0.0535
1.5,20,6.41369863013699,0.059
1.5,20,6.57808219178082,0.0655
1.5,20,6.74246575342466,0.069
1.5,20,6.90684931506849,0.0745
1.5,20,7.07123287671233,0.0785
1.5,20,7.23561643835616,0.0825
1.5,20,7.4,0.085
1.5,20,7.56438356164384,0.092
1.5,20,7.72876712328767,0.095
1.5,20,7.89315068493151,0.0965
1.5,20,8.05753424657534,0.103
1.5,20,8.22191780821918,0.112
1.5,20,8.38630136986301,0.1155
1.5,20,8.55068493150685,0.12
1.5,20,8.71506849315069,0.1265
1.5,20,8.87945205479452,0.1345
1.5,20,9.04383561643836,0.1415
1.5,20,9.20821917808219,0.1485
1.5,20,9.37260273972603,0.154
1.5,20,9.53698630136986,0.16
1.5,20,9.7013698630137,0.167
1.5,20,9.86575342465753,0.1715
1.5,20,10.0301369863014,0.181
1.5,20,10.1945205479452,0.1885
1.5,20,10.358904109589,0.194
1.5,20,10.5232876712329,0.1995
1.5,20,10.6876712328767,0.2045
1.5,20,10.8520547945205,0.2075
1.5,20,11.0164383561644,0.2125
1.5,20,11.1808219178082,0.216
1.5,20,11.3452054794521,0.222
1.5,20,11.5095890410959,0.228
1.5,20,11.6739726027397,0.236
1.5,20,11.8383561643836,0.241
1.5,20,12.0027397260274,0.249
1.5,20,12.1671232876712,0.2575
1.5,20,12.3315068493151,0.263
1.5,20,12.4958904109589,0.271
1.5,20,12.6602739726027,0.277
1.5,20,12.8246575342466,0.283
1.5,20,12.9890410958904,0.289
1.5,20,13.1534246575342,0.296
1.5,20,13.3178082191781,0.3035
1.5,20,13.4821917808219,0.3105
1.5,20,13.6465753424658,0.317
1.5,20,13.8109589041096,0.324
1.5,20,13.9753424657534,0.3255
1.5,20,14.1397260273973,0.3345
1.5,20,14.3041095890411,0.343
1.5,20,14.4684931506849,0.3515
1.5,20,14.6328767123288,0.3575
1.5,20,14.7972602739726,0.363
1.5,20,14.9616438356164,0.368
1.5,20,15.1260273972603,0.3735
1.5,20,15.2904109589041,0.38
1.5,20,15.4547945205479,0.39
1.5,20,15.6191780821918,0.399
1.5,20,15.7835616438356,0.405
1.5,20,15.9479452054795,0.41
1.5,20,16.1123287671233,0.4165
1.5,20,16.2767123287671,0.4235
1.5,20,16.441095890411,0.428
1.5,20,16.6054794520548,0.4315
1.5,20,16.7698630136986,0.4385
1.5,20,16.9342465753425,0.4435
1.5,20,17.0986301369863,0.4495
1.5,20,17.2630136986301,0.4575
1.5,20,17.427397260274,0.4605
1.5,20,17.5917808219178,0.465
1.5,20,17.7561643835616,0.4685
1.5,20,17.9205479452055,0.4745
1.5,20,18.0849315068493,0.481
1.5,20,18.2493150684931,0.4845
1.5,20,18.413698630137,0.489
1.5,20,18.5780821917808,0.4915
1.5,20,18.7424657534247,0.496
1.5,20,18.9068493150685,0.5025
1.5,20,19.0712328767123,0.509
1.5,20,19.2356164383562,0.515
1.5,20,19.4,0.522
1.5,20,19.5643835616438,0.5295
1.5,20,19.7287671232877,0.5355
1.5,20,19.8931506849315,0.5405
1.5,20,20.0575342465753,0.545
1.5,20,20.2219178082192,0.5525
1.5,20,20.386301369863,0.555
1.5,20,20.5506849315069,0.5625
1.5,20,20.7150684931507,0.568
1.5,20,20.8794520547945,0.5735
1.5,20,21.0438356164384,0.58
1.5,20,21.2082191780822,0.583
1.5,20,21.372602739726,0.5885
1.5,20,21.5369863013699,0.595
1.5,20,21.7013698630137,0.6005
1.5,20,21.8657534246575,0.606
1.5,20,22.0301369863014,0.609
1.5,20,22.1945205479452,0.6135
1.5,20,22.358904109589,0.617
1.5,20,22.5232876712329,0.6245
1.5,20,22.6876712328767,0.632
1.5,20,22.8520547945205,0.6375
1.5,20,23.0164383561644,0.6405
1.5,20,23.1808219178082,0.644
1.5,20,23.3452054794521,0.647
1.5,20,23.5095890410959,0.6545
1.5,20,23.6739726027397,0.658
1.5,20,23.8383561643836,0.664
1.5,20,24.0027397260274,0.667
1.5,20,24.1671232876712,0.6675
1.5,20,24.3315068493151,0.6695
1.5,20,24.4958904109589,0.674
1.5,20,24.6602739726027,0.678
1.5,20,24.8246575342466,0.682
1.5,20,24.9890410958904,0.6835
1.5,20,25.1534246575342,0.6855
1.5,20,25.3178082191781,0.689
1.5,20,25.4821917808219,0.6935
1.5,20,25.6465753424658,0.6965
1.5,20,25.8109589041096,0.699
1.5,20,25.9753424657534,0.701
1.5,20,26.1397260273973,0.706
1.5,20,26.3041095890411,0.7095
1.5,20,26.4684931506849,0.713
1.5,20,26.6328767123288,0.716
1.5,20,26.7972602739726,0.718
1.5,20,26.9616438356164,0.7215
1.5,20,27.1260273972603,0.7225
1.5,20,27.2904109589041,0.7275
1.5,20,27.4547945205479,0.7295
1.5,20,27.6191780821918,0.7345
1.5,20,27.7835616438356,0.7385
1.5,20,27.9479452054795,0.741
1.5,20,28.1123287671233,0.743
1.5,20,28.2767123287671,0.7475
1.5,20,28.441095890411,0.75
1.5,20,28.6054794520548,0.752
1.5,20,28.7698630136986,0.7565
1.5,20,28.9342465753425,0.758
1.5,20,29.0986301369863,0.7595
1.5,20,29.2630136986301,0.766
1.5,20,29.427397260274,0.7685
1.5,20,29.5917808219178,0.77
1.5,20,29.7561643835616,0.773
1.5,20,29.9205479452055,0.774
1.5,20,30.0849315068493,0.7765
1.5,20,30.2493150684931,0.7795
1.5,20,30.413698630137,0.7815
1.5,20,30.5780821917808,0.782
1.5,20,30.7424657534247,0.787
1.5,20,30.9068493150685,0.7895
1.5,20,31.0712328767123,0.7905
1.5,20,31.2356164383562,0.7935
1.5,20,31.4,0.7955
1.5,20,31.5643835616438,0.797
1.5,20,31.7287671232877,0.8
1.5,20,31.8931506849315,0.803
1.5,20,32.0575342465753,0.806
1.5,20,32.2219178082192,0.8115
1.5,20,32.386301369863,0.814
1.5,20,32.5506849315069,0.8155
1.5,20,32.7150684931507,0.8175
1.5,20,32.8794520547945,0.819
1.5,20,33.0438356164384,0.822
1.5,20,33.2082191780822,0.825
1.5,20,33.372602739726,0.826
1.5,20,33.5369863013699,0.829
1.5,20,33.7013698630137,0.8315
1.5,20,33.8657534246575,0.8335
1.5,20,34.0301369863014,0.836
1.5,20,34.1945205479452,0.839
1.5,20,34.358904109589,0.8415
1.5,20,34.5232876712329,0.8435
1.5,20,34.6876712328767,0.8455
1.5,20,34.8520547945205,0.8465
1.5,20,35.0164383561644,0.849
1.5,20,35.1808219178082,0.8505
1.5,20,35.3452054794521,0.8515
1.5,20,35.5095890410959,0.8535
1.5,20,35.6739726027397,0.8545
1.5,20,35.8383561643836,0.855
1.5,20,36.0027397260274,0.856
1.5,20,36.1671232876712,0.8565
1.5,20,36.3315068493151,0.8565
1.5,20,36.4958904109589,0.8575
1.5,20,36.6602739726027,0.8585
1.5,20,36.8246575342466,0.8595
1.5,20,36.9890410958904,0.861
1.5,20,37.1534246575342,0.8625
1.5,20,37.3178082191781,0.8635
1.5,20,37.4821917808219,0.8655
1.5,20,37.6465753424658,0.868
1.5,20,37.8109589041096,0.8685
1.5,20,37.9753424657534,0.8705
1.5,20,38.1397260273973,0.872
1.5,20,38.3041095890411,0.875
1.5,20,38.4684931506849,0.8765
1.5,20,38.6328767123288,0.8765
1.5,20,38.7972602739726,0.8775
1.5,20,38.9616438356164,0.8795
1.5,20,39.1260273972603,0.881
1.5,20,39.2904109589041,0.882
1.5,20,39.4547945205479,0.8835
1.5,20,39.6191780821918,0.884
1.5,20,39.7835616438356,0.8845
1.5,20,39.9479452054794,0.886
1.5,20,40.1123287671233,0.8885
1.5,20,40.2767123287671,0.889
1.5,20,40.441095890411,0.89
1.5,20,40.6054794520548,0.8915
1.5,20,40.7698630136986,0.8935
1.5,20,40.9342465753425,0.894
1.5,20,41.0986301369863,0.8965
1.5,20,41.2630136986301,0.898
1.5,20,41.427397260274,0.8995
1.5,20,41.5917808219178,0.9005
1.5,20,41.7561643835616,0.902
1.5,20,41.9205479452055,0.9035
1.5,20,42.0849315068493,0.9035
1.5,20,42.2493150684932,0.9045
1.5,20,42.413698630137,0.905
1.5,20,42.5780821917808,0.907
1.5,20,42.7424657534247,0.9085
1.5,20,42.9068493150685,0.9095
1.5,20,43.0712328767123,0.91
1.5,20,43.2356164383562,0.9105
1.5,20,43.4,0.9135
1.5,20,43.5643835616438,0.914
1.5,20,43.7287671232877,0.9145
1.5,20,43.8931506849315,0.9145
1.5,20,44.0575342465753,0.9155
1.5,20,44.2219178082192,0.9155
1.5,20,44.386301369863,0.9155
1.5,20,44.5506849315069,0.9155
1.5,20,44.7150684931507,0.917
1.5,20,44.8794520547945,0.918
1.5,20,45.0438356164384,0.9195
1.5,20,45.2082191780822,0.9205
1.5,20,45.372602739726,0.922
1.5,20,45.5369863013699,0.923
1.5,20,45.7013698630137,0.924
1.5,20,45.8657534246575,0.924
1.5,20,46.0301369863014,0.9245
1.5,20,46.1945205479452,0.9255
1.5,20,46.358904109589,0.9255
1.5,20,46.5232876712329,0.926
1.5,20,46.6876712328767,0.926
1.5,20,46.8520547945205,0.929
1.5,20,47.0164383561644,0.932
1.5,20,47.1808219178082,0.9325
1.5,20,47.3452054794521,0.9335
1.5,20,47.5095890410959,0.9335
1.5,20,47.6739726027397,0.9335
1.5,20,47.8383561643836,0.9345
1.5,20,48.0027397260274,0.9345
1.5,20,48.1671232876712,0.936
1.5,20,48.3315068493151,0.936
1.5,20,48.4958904109589,0.936
1.5,20,48.6602739726027,0.936
1.5,20,48.8246575342466,0.9365
1.5,20,48.9890410958904,0.9375
1.5,20,49.1534246575342,0.9385
1.5,20,49.3178082191781,0.939
1.5,20,49.4821917808219,0.94
1.5,20,49.6465753424658,0.9405
1.5,20,49.8109589041096,0.941
1.5,20,49.9753424657534,0.942
1.5,50,0.00273972602739726,0
1.5,50,0.167123287671233,0
1.5,50,0.331506849315069,0
1.5,50,0.495890410958904,0
1.5,50,0.66027397260274,0
1.5,50,0.824657534246575,0
1.5,50,0.989041095890411,0
1.5,50,1.15342465753425,0
1.5,50,1.31780821917808,0
1.5,50,1.48219178082192,0
1.5,50,1.64657534246575,0
1.5,50,1.81095890410959,0
1.5,50,1.97534246575342,0
1.5,50,2.13972602739726,0
1.5,50,2.3041095890411,0
1.5,50,2.46849315068493,0
1.5,50,2.63287671232877,0
1.5,50,2.7972602739726,0
1.5,50,2.96164383561644,0
1.5,50,3.12602739726027,0
1.5,50,3.29041095890411,0
1.5,50,3.45479452054795,0
1.5,50,3.61917808219178,0
1.5,50,3.78356164383562,0
1.5,50,3.94794520547945,0
1.5,50,4.11232876712329,0
1.5,50,4.27671232876712,0
1.5,50,4.44109589041096,0
1.5,50,4.60547945205479,0
1.5,50,4.76986301369863,0
1.5,50,4.93424657534247,0
1.5,50,5.0986301369863,0
1.5,50,5.26301369863014,0
1.5,50,5.42739726027397,0
1.5,50,5.59178082191781,0
1.5,50,5.75616438356164,0
1.5,50,5.92054794520548,0
1.5,50,6.08493150684932,0
1.5,50,6.24931506849315,5e-04
1.5,50,6.41369863013699,5e-04
1.5,50,6.57808219178082,0.001
1.5,50,6.74246575342466,0.001
1.5,50,6.90684931506849,0.0015
1.5,50,7.07123287671233,0.0015
1.5,50,7.23561643835616,0.002
1.5,50,7.4,0.0025
1.5,50,7.56438356164384,0.0025
1.5,50,7.72876712328767,0.003
1.5,50,7.89315068493151,0.004
1.5,50,8.05753424657534,0.0045
1.5,50,8.22191780821918,0.005
1.5,50,8.38630136986301,0.007
1.5,50,8.55068493150685,0.007
1.5,50,8.71506849315069,0.0075
1.5,50,8.87945205479452,0.0075
1.5,50,9.04383561643836,0.008
1.5,50,9.20821917808219,0.01
1.5,50,9.37260273972603,0.01
1.5,50,9.53698630136986,0.0105
1.5,50,9.7013698630137,0.0115
1.5,50,9.86575342465753,0.0115
1.5,50,10.0301369863014,0.012
1.5,50,10.1945205479452,0.0145
1.5,50,10.358904109589,0.0165
1.5,50,10.5232876712329,0.017
1.5,50,10.6876712328767,0.017
1.5,50,10.8520547945205,0.019
1.5,50,11.0164383561644,0.021
1.5,50,11.1808219178082,0.022
1.5,50,11.3452054794521,0.023
1.5,50,11.5095890410959,0.023
1.5,50,11.6739726027397,0.024
1.5,50,11.8383561643836,0.026
1.5,50,12.0027397260274,0.0285
1.5,50,12.1671232876712,0.0315
1.5,50,12.3315068493151,0.034
1.5,50,12.4958904109589,0.0365
1.5,50,12.6602739726027,0.039
1.5,50,12.8246575342466,0.0415
1.5,50,12.9890410958904,0.044
1.5,50,13.1534246575342,0.0455
1.5,50,13.3178082191781,0.0465
1.5,50,13.4821917808219,0.048
1.5,50,13.6465753424658,0.0515
1.5,50,13.8109589041096,0.054
1.5,50,13.9753424657534,0.056
1.5,50,14.1397260273973,0.0585
1.5,50,14.3041095890411,0.061
1.5,50,14.4684931506849,0.0625
1.5,50,14.6328767123288,0.0675
1.5,50,14.7972602739726,0.0685
1.5,50,14.9616438356164,0.0705
1.5,50,15.1260273972603,0.073
1.5,50,15.2904109589041,0.0745
1.5,50,15.4547945205479,0.077
1.5,50,15.6191780821918,0.0795
1.5,50,15.7835616438356,0.0815
1.5,50,15.9479452054795,0.0845
1.5,50,16.1123287671233,0.087
1.5,50,16.2767123287671,0.09
1.5,50,16.441095890411,0.095
1.5,50,16.6054794520548,0.0975
1.5,50,16.7698630136986,0.1015
1.5,50,16.9342465753425,0.1035
1.5,50,17.0986301369863,0.107
1.5,50,17.2630136986301,0.1105
1.5,50,17.427397260274,0.1125
1.5,50,17.5917808219178,0.115
1.5,50,17.7561643835616,0.117
1.5,50,17.9205479452055,0.1235
1.5,50,18.0849315068493,0.128
1.5,50,18.2493150684931,0.131
1.5,50,18.413698630137,0.134
1.5,50,18.5780821917808,0.138
1.5,50,18.7424657534247,0.1415
1.5,50,18.9068493150685,0.1475
1.5,50,19.0712328767123,0.152
1.5,50,19.2356164383562,0.1585
1.5,50,19.4,0.161
1.5,50,19.5643835616438,0.166
1.5,50,19.7287671232877,0.1695
1.5,50,19.8931506849315,0.172
1.5,50,20.0575342465753,0.1795
1.5,50,20.2219178082192,0.1845
1.5,50,20.386301369863,0.189
1.5,50,20.5506849315069,0.1935
1.5,50,20.7150684931507,0.1995
1.5,50,20.8794520547945,0.2015
1.5,50,21.0438356164384,0.2045
1.5,50,21.2082191780822,0.207
1.5,50,21.372602739726,0.211
1.5,50,21.5369863013699,0.214
1.5,50,21.7013698630137,0.2175
1.5,50,21.8657534246575,0.2205
1.5,50,22.0301369863014,0.224
1.5,50,22.1945205479452,0.2305
1.5,50,22.358904109589,0.2345
1.5,50,22.5232876712329,0.2385
1.5,50,22.6876712328767,0.2435
1.5,50,22.8520547945205,0.2495
1.5,50,23.0164383561644,0.254
1.5,50,23.1808219178082,0.2555
1.5,50,23.3452054794521,0.262
1.5,50,23.5095890410959,0.264
1.5,50,23.6739726027397,0.269
1.5,50,23.8383561643836,0.2735
1.5,50,24.0027397260274,0.2805
1.5,50,24.1671232876712,0.2855
1.5,50,24.3315068493151,0.2895
1.5,50,24.4958904109589,0.2925
1.5,50,24.6602739726027,0.2955
1.5,50,24.8246575342466,0.302
1.5,50,24.9890410958904,0.3095
1.5,50,25.1534246575342,0.3155
1.5,50,25.3178082191781,0.3225
1.5,50,25.4821917808219,0.326
1.5,50,25.6465753424658,0.3305
1.5,50,25.8109589041096,0.334
1.5,50,25.9753424657534,0.3365
1.5,50,26.1397260273973,0.3425
1.5,50,26.3041095890411,0.346
1.5,50,26.4684931506849,0.349
1.5,50,26.6328767123288,0.3495
1.5,50,26.7972602739726,0.3545
1.5,50,26.9616438356164,0.358
1.5,50,27.1260273972603,0.361
1.5,50,27.2904109589041,0.3655
1.5,50,27.4547945205479,0.37
1.5,50,27.6191780821918,0.374
1.5,50,27.7835616438356,0.378
1.5,50,27.9479452054795,0.3825
1.5,50,28.1123287671233,0.3855
1.5,50,28.2767123287671,0.392
1.5,50,28.441095890411,0.397
1.5,50,28.6054794520548,0.4005
1.5,50,28.7698630136986,0.405
1.5,50,28.9342465753425,0.408
1.5,50,29.0986301369863,0.4105
1.5,50,29.2630136986301,0.414
1.5,50,29.427397260274,0.4175
1.5,50,29.5917808219178,0.421
1.5,50,29.7561643835616,0.4265
1.5,50,29.9205479452055,0.4305
1.5,50,30.0849315068493,0.435
1.5,50,30.2493150684931,0.438
1.5,50,30.413698630137,0.4415
1.5,50,30.5780821917808,0.4455
1.5,50,30.7424657534247,0.4495
1.5,50,30.9068493150685,0.453
1.5,50,31.0712328767123,0.4565
1.5,50,31.2356164383562,0.461
1.5,50,31.4,0.462
1.5,50,31.5643835616438,0.4645
1.5,50,31.7287671232877,0.4675
1.5,50,31.8931506849315,0.4685
1.5,50,32.0575342465753,0.472
1.5,50,32.2219178082192,0.476
1.5,50,32.386301369863,0.479
1.5,50,32.5506849315069,0.4815
1.5,50,32.7150684931507,0.486
1.5,50,32.8794520547945,0.49
1.5,50,33.0438356164384,0.4935
1.5,50,33.2082191780822,0.4985
1.5,50,33.372602739726,0.5035
1.5,50,33.5369863013699,0.5085
1.5,50,33.7013698630137,0.5095
1.5,50,33.8657534246575,0.5125
1.5,50,34.0301369863014,0.516
1.5,50,34.1945205479452,0.518
1.5,50,34.358904109589,0.5195
1.5,50,34.5232876712329,0.523
1.5,50,34.6876712328767,0.5245
1.5,50,34.8520547945205,0.5275
1.5,50,35.0164383561644,0.531
1.5,50,35.1808219178082,0.5345
1.5,50,35.3452054794521,0.5385
1.5,50,35.5095890410959,0.5415
1.5,50,35.6739726027397,0.5455
1.5,50,35.8383561643836,0.5455
1.5,50,36.0027397260274,0.5475
1.5,50,36.1671232876712,0.5495
1.5,50,36.3315068493151,0.5525
1.5,50,36.4958904109589,0.554
1.5,50,36.6602739726027,0.5585
1.5,50,36.8246575342466,0.563
1.5,50,36.9890410958904,0.5655
1.5,50,37.1534246575342,0.5675
1.5,50,37.3178082191781,0.5705
1.5,50,37.4821917808219,0.5725
1.5,50,37.6465753424658,0.5745
1.5,50,37.8109589041096,0.5765
1.5,50,37.9753424657534,0.5785
1.5,50,38.1397260273973,0.582
1.5,50,38.3041095890411,0.584
1.5,50,38.4684931506849,0.588
1.5,50,38.6328767123288,0.5905
1.5,50,38.7972602739726,0.596
1.5,50,38.9616438356164,0.5985
1.5,50,39.1260273972603,0.6
1.5,50,39.2904109589041,0.6025
1.5,50,39.4547945205479,0.604
1.5,50,39.6191780821918,0.6065
1.5,50,39.7835616438356,0.61
1.5,50,39.9479452054794,0.614
1.5,50,40.1123287671233,0.616
1.5,50,40.2767123287671,0.6185
1.5,50,40.441095890411,0.621
1.5,50,40.6054794520548,0.625
1.5,50,40.7698630136986,0.6285
1.5,50,40.9342465753425,0.631
1.5,50,41.0986301369863,0.6325
1.5,50,41.2630136986301,0.635
1.5,50,41.427397260274,0.6375
1.5,50,41.5917808219178,0.6395
1.5,50,41.7561643835616,0.642
1.5,50,41.9205479452055,0.646
1.5,50,42.0849315068493,0.648
1.5,50,42.2493150684932,0.652
1.5,50,42.413698630137,0.6555
1.5,50,42.5780821917808,0.66
1.5,50,42.7424657534247,0.6645
1.5,50,42.9068493150685,0.6675
1.5,50,43.0712328767123,0.6685
1.5,50,43.2356164383562,0.6725
1.5,50,43.4,0.6755
1.5,50,43.5643835616438,0.678
1.5,50,43.7287671232877,0.681
1.5,50,43.8931506849315,0.6825
1.5,50,44.0575342465753,0.684
1.5,50,44.2219178082192,0.687
1.5,50,44.386301369863,0.689
1.5,50,44.5506849315069,0.6925
1.5,50,44.7150684931507,0.697
1.5,50,44.8794520547945,0.6985
1.5,50,45.0438356164384,0.7005
1.5,50,45.2082191780822,0.7045
1.5,50,45.372602739726,0.707
1.5,50,45.5369863013699,0.7095
1.5,50,45.7013698630137,0.711
1.5,50,45.8657534246575,0.7145
1.5,50,46.0301369863014,0.716
1.5,50,46.1945205479452,0.718
1.5,50,46.358904109589,0.7205
1.5,50,46.5232876712329,0.722
1.5,50,46.6876712328767,0.723
1.5,50,46.8520547945205,0.725
1.5,50,47.0164383561644,0.7265
1.5,50,47.1808219178082,0.7285
1.5,50,47.3452054794521,0.7325
1.5,50,47.5095890410959,0.734
1.5,50,47.6739726027397,0.736
1.5,50,47.8383561643836,0.739
1.5,50,48.0027397260274,0.74
1.5,50,48.1671232876712,0.743
1.5,50,48.3315068493151,0.7445
1.5,50,48.4958904109589,0.745
1.5,50,48.6602739726027,0.7475
1.5,50,48.8246575342466,0.75
1.5,50,48.9890410958904,0.7525
1.5,50,49.1534246575342,0.7535
1.5,50,49.3178082191781,0.7545
1.5,50,49.4821917808219,0.756
1.5,50,49.6465753424658,0.7585
1.5,50,49.8109589041096,0.7595
1.5,50,49.9753424657534,0.7625
1.5,100,0.00273972602739726,0
1.5,100,0.167123287671233,0
1.5,100,0.331506849315069,0
1.5,100,0.495890410958904,0
1.5,100,0.66027397260274,0
1.5,100,0.824657534246575,0
1.5,100,0.989041095890411,0
1.5,100,1.15342465753425,0
1.5,100,1.31780821917808,0
1.5,100,1.48219178082192,0
1.5,100,1.64657534246575,0
1.5,100,1.81095890410959,0
1.5,100,1.97534246575342,0
1.5,100,2.13972602739726,0
1.5,100,2.3041095890411,0
1.5,100,2.46849315068493,0
1.5,100,2.63287671232877,0
1.5,100,2.7972602739726,0
1.5,100,2.96164383561644,0
1.5,100,3.12602739726027,0
1.5,100,3.29041095890411,0
1.5,100,3.45479452054795,0
1.5,100,3.61917808219178,0
1.5,100,3.78356164383562,0
1.5,100,3.94794520547945,0
1.5,100,4.11232876712329,0
1.5,100,4.27671232876712,0
1.5,100,4.44109589041096,0
1.5,100,4.60547945205479,0
1.5,100,4.76986301369863,0
1.5,100,4.93424657534247,0
1.5,100,5.0986301369863,0
1.5,100,5.26301369863014,0
1.5,100,5.42739726027397,0
1.5,100,5.59178082191781,0
1.5,100,5.75616438356164,0
1.5,100,5.92054794520548,0
1.5,100,6.08493150684932,0
1.5,100,6.24931506849315,0
1.5,100,6.41369863013699,0
1.5,100,6.57808219178082,0
1.5,100,6.74246575342466,0
1.5,100,6.90684931506849,0
1.5,100,7.07123287671233,0
1.5,100,7.23561643835616,0
1.5,100,7.4,0
1.5,100,7.56438356164384,0
1.5,100,7.72876712328767,0
1.5,100,7.89315068493151,0
1.5,100,8.05753424657534,0
1.5,100,8.22191780821918,0
1.5,100,8.38630136986301,0
1.5,100,8.55068493150685,0
1.5,100,8.71506849315069,0
1.5,100,8.87945205479452,0
1.5,100,9.04383561643836,0
1.5,100,9.20821917808219,0
1.5,100,9.37260273972603,0
1.5,100,9.53698630136986,0
1.5,100,9.7013698630137,0
1.5,100,9.86575342465753,0
1.5,100,10.0301369863014,0
1.5,100,10.1945205479452,0
1.5,100,10.358904109589,0
1.5,100,10.5232876712329,0
1.5,100,10.6876712328767,0
1.5,100,10.8520547945205,0
1.5,100,11.0164383561644,0
1.5,100,11.1808219178082,0
1.5,100,11.3452054794521,0
1.5,100,11.5095890410959,0
1.5,100,11.6739726027397,0
1.5,100,11.8383561643836,0
1.5,100,12.0027397260274,5e-04
1.5,100,12.1671232876712,5e-04
1.5,100,12.3315068493151,0.001
1.5,100,12.4958904109589,0.001
1.5,100,12.6602739726027,0.001
1.5,100,12.8246575342466,0.002
1.5,100,12.9890410958904,0.002
1.5,100,13.1534246575342,0.002
1.5,100,13.3178082191781,0.002
1.5,100,13.4821917808219,0.0025
1.5,100,13.6465753424658,0.0025
1.5,100,13.8109589041096,0.0035
1.5,100,13.9753424657534,0.0035
1.5,100,14.1397260273973,0.0035
1.5,100,14.3041095890411,0.0035
1.5,100,14.4684931506849,0.0035
1.5,100,14.6328767123288,0.004
1.5,100,14.7972602739726,0.005
1.5,100,14.9616438356164,0.005
1.5,100,15.1260273972603,0.005
1.5,100,15.2904109589041,0.005
1.5,100,15.4547945205479,0.005
1.5,100,15.6191780821918,0.0055
1.5,100,15.7835616438356,0.0055
1.5,100,15.9479452054795,0.0055
1.5,100,16.1123287671233,0.006
1.5,100,16.2767123287671,0.0065
1.5,100,16.441095890411,0.0065
1.5,100,16.6054794520548,0.0075
1.5,100,16.7698630136986,0.0085
1.5,100,16.9342465753425,0.0085
1.5,100,17.0986301369863,0.0095
1.5,100,17.2630136986301,0.01
1.5,100,17.427397260274,0.01
1.5,100,17.5917808219178,0.0105
1.5,100,17.7561643835616,0.012
1.5,100,17.9205479452055,0.0135
1.5,100,18.0849315068493,0.015
1.5,100,18.2493150684931,0.016
1.5,100,18.413698630137,0.0165
1.5,100,18.5780821917808,0.0165
1.5,100,18.7424657534247,0.017
1.5,100,18.9068493150685,0.0175
1.5,100,19.0712328767123,0.0185
1.5,100,19.2356164383562,0.019
1.5,100,19.4,0.0205
1.5,100,19.5643835616438,0.0215
1.5,100,19.7287671232877,0.023
1.5,100,19.8931506849315,0.0235
1.5,100,20.0575342465753,0.0235
1.5,100,20.2219178082192,0.025
1.5,100,20.386301369863,0.026
1.5,100,20.5506849315069,0.027
1.5,100,20.7150684931507,0.0285
1.5,100,20.8794520547945,0.0295
1.5,100,21.0438356164384,0.0295
1.5,100,21.2082191780822,0.031
1.5,100,21.372602739726,0.031
1.5,100,21.5369863013699,0.0315
1.5,100,21.7013698630137,0.033
1.5,100,21.8657534246575,0.035
1.5,100,22.0301369863014,0.036
1.5,100,22.1945205479452,0.0375
1.5,100,22.358904109589,0.04
1.5,100,22.5232876712329,0.0435
1.5,100,22.6876712328767,0.045
1.5,100,22.8520547945205,0.0475
1.5,100,23.0164383561644,0.049
1.5,100,23.1808219178082,0.051
1.5,100,23.3452054794521,0.053
1.5,100,23.5095890410959,0.0535
1.5,100,23.6739726027397,0.0555
1.5,100,23.8383561643836,0.0585
1.5,100,24.0027397260274,0.0595
1.5,100,24.1671232876712,0.06
1.5,100,24.3315068493151,0.0625
1.5,100,24.4958904109589,0.0665
1.5,100,24.6602739726027,0.0695
1.5,100,24.8246575342466,0.071
1.5,100,24.9890410958904,0.074
1.5,100,25.1534246575342,0.076
1.5,100,25.3178082191781,0.0765
1.5,100,25.4821917808219,0.0785
1.5,100,25.6465753424658,0.079
1.5,100,25.8109589041096,0.0825
1.5,100,25.9753424657534,0.084
1.5,100,26.1397260273973,0.0855
1.5,100,26.3041095890411,0.0875
1.5,100,26.4684931506849,0.089
1.5,100,26.6328767123288,0.0915
1.5,100,26.7972602739726,0.094
1.5,100,26.9616438356164,0.096
1.5,100,27.1260273972603,0.097
1.5,100,27.2904109589041,0.1
1.5,100,27.4547945205479,0.1035
1.5,100,27.6191780821918,0.106
1.5,100,27.7835616438356,0.109
1.5,100,27.9479452054795,0.1125
1.5,100,28.1123287671233,0.1145
1.5,100,28.2767123287671,0.118
1.5,100,28.441095890411,0.124
1.5,100,28.6054794520548,0.127
1.5,100,28.7698630136986,0.1305
1.5,100,28.9342465753425,0.1325
1.5,100,29.0986301369863,0.135
1.5,100,29.2630136986301,0.1375
1.5,100,29.427397260274,0.1395
1.5,100,29.5917808219178,0.1405
1.5,100,29.7561643835616,0.1415
1.5,100,29.9205479452055,0.143
1.5,100,30.0849315068493,0.1445
1.5,100,30.2493150684931,0.147
1.5,100,30.413698630137,0.1505
1.5,100,30.5780821917808,0.153
1.5,100,30.7424657534247,0.156
1.5,100,30.9068493150685,0.159
1.5,100,31.0712328767123,0.162
1.5,100,31.2356164383562,0.165
1.5,100,31.4,0.168
1.5,100,31.5643835616438,0.17
1.5,100,31.7287671232877,0.1735
1.5,100,31.8931506849315,0.176
1.5,100,32.0575342465753,0.18
1.5,100,32.2219178082192,0.1825
1.5,100,32.386301369863,0.185
1.5,100,32.5506849315069,0.19
1.5,100,32.7150684931507,0.1925
1.5,100,32.8794520547945,0.1945
1.5,100,33.0438356164384,0.198
1.5,100,33.2082191780822,0.2015
1.5,100,33.372602739726,0.206
1.5,100,33.5369863013699,0.208
1.5,100,33.7013698630137,0.2125
1.5,100,33.8657534246575,0.2165
1.5,100,34.0301369863014,0.218
1.5,100,34.1945205479452,0.2205
1.5,100,34.358904109589,0.222
1.5,100,34.5232876712329,0.225
1.5,100,34.6876712328767,0.2295
1.5,100,34.8520547945205,0.23
1.5,100,35.0164383561644,0.2315
1.5,100,35.1808219178082,0.2345
1.5,100,35.3452054794521,0.2375
1.5,100,35.5095890410959,0.2405
1.5,100,35.6739726027397,0.2445
1.5,100,35.8383561643836,0.246
1.5,100,36.0027397260274,0.2475
1.5,100,36.1671232876712,0.2495
1.5,100,36.3315068493151,0.251
1.5,100,36.4958904109589,0.2545
1.5,100,36.6602739726027,0.2575
1.5,100,36.8246575342466,0.26
1.5,100,36.9890410958904,0.264
1.5,100,37.1534246575342,0.265
1.5,100,37.3178082191781,0.268
1.5,100,37.4821917808219,0.271
1.5,100,37.6465753424658,0.274
1.5,100,37.8109589041096,0.278
1.5,100,37.9753424657534,0.284
1.5,100,38.1397260273973,0.2875
1.5,100,38.3041095890411,0.2885
1.5,100,38.4684931506849,0.29
1.5,100,38.6328767123288,0.2925
1.5,100,38.7972602739726,0.2945
1.5,100,38.9616438356164,0.2995
1.5,100,39.1260273972603,0.301
1.5,100,39.2904109589041,0.304
1.5,100,39.4547945205479,0.307
1.5,100,39.6191780821918,0.31
1.5,100,39.7835616438356,0.3135
1.5,100,39.9479452054794,0.3155
1.5,100,40.1123287671233,0.3185
1.5,100,40.2767123287671,0.321
1.5,100,40.441095890411,0.3235
1.5,100,40.6054794520548,0.328
1.5,100,40.7698630136986,0.3325
1.5,100,40.9342465753425,0.3345
1.5,100,41.0986301369863,0.337
1.5,100,41.2630136986301,0.34
1.5,100,41.427397260274,0.3435
1.5,100,41.5917808219178,0.347
1.5,100,41.7561643835616,0.3495
1.5,100,41.9205479452055,0.3515
1.5,100,42.0849315068493,0.354
1.5,100,42.2493150684932,0.358
1.5,100,42.413698630137,0.3615
1.5,100,42.5780821917808,0.3665
1.5,100,42.7424657534247,0.3695
1.5,100,42.9068493150685,0.3745
1.5,100,43.0712328767123,0.3765
1.5,100,43.2356164383562,0.3785
1.5,100,43.4,0.38
1.5,100,43.5643835616438,0.3845
1.5,100,43.7287671232877,0.388
1.5,100,43.8931506849315,0.389
1.5,100,44.0575342465753,0.3935
1.5,100,44.2219178082192,0.395
1.5,100,44.386301369863,0.3975
1.5,100,44.5506849315069,0.4005
1.5,100,44.7150684931507,0.4035
1.5,100,44.8794520547945,0.405
1.5,100,45.0438356164384,0.4065
1.5,100,45.2082191780822,0.4095
1.5,100,45.372602739726,0.411
1.5,100,45.5369863013699,0.4115
1.5,100,45.7013698630137,0.4145
1.5,100,45.8657534246575,0.4155
1.5,100,46.0301369863014,0.418
1.5,100,46.1945205479452,0.4195
1.5,100,46.358904109589,0.4215
1.5,100,46.5232876712329,0.4255
1.5,100,46.6876712328767,0.4265
1.5,100,46.8520547945205,0.4305
1.5,100,47.0164383561644,0.4325
1.5,100,47.1808219178082,0.435
1.5,100,47.3452054794521,0.438
1.5,100,47.5095890410959,0.442
1.5,100,47.6739726027397,0.4455
1.5,100,47.8383561643836,0.4485
1.5,100,48.0027397260274,0.451
1.5,100,48.1671232876712,0.4535
1.5,100,48.3315068493151,0.4545
1.5,100,48.4958904109589,0.4565
1.5,100,48.6602739726027,0.459
1.5,100,48.8246575342466,0.462
1.5,100,48.9890410958904,0.4645
1.5,100,49.1534246575342,0.4675
1.5,100,49.3178082191781,0.4725
1.5,100,49.4821917808219,0.474
1.5,100,49.6465753424658,0.4755
1.5,100,49.8109589041096,0.48
1.5,100,49.9753424657534,0.485
1.5,200,0.00273972602739726,0
1.5,200,0.167123287671233,0
1.5,200,0.331506849315069,0
1.5,200,0.495890410958904,0
1.5,200,0.66027397260274,0
1.5,200,0.824657534246575,0
1.5,200,0.989041095890411,0
1.5,200,1.15342465753425,0
1.5,200,1.31780821917808,0
1.5,200,1.48219178082192,0
1.5,200,1.64657534246575,0
1.5,200,1.81095890410959,0
1.5,200,1.97534246575342,0
1.5,200,2.13972602739726,0
1.5,200,2.3041095890411,0
1.5,200,2.46849315068493,0
1.5,200,2.63287671232877,0
1.5,200,2.7972602739726,0
1.5,200,2.96164383561644,0
1.5,200,3.12602739726027,0
1.5,200,3.29041095890411,0
1.5,200,3.45479452054795,0
1.5,200,3.61917808219178,0
1.5,200,3.78356164383562,0
1.5,200,3.94794520547945,0
1.5,200,4.11232876712329,0
1.5,200,4.27671232876712,0
1.5,200,4.44109589041096,0
1.5,200,4.60547945205479,0
1.5,200,4.76986301369863,0
1.5,200,4.93424657534247,0
1.5,200,5.0986301369863,0
1.5,200,5.26301369863014,0
1.5,200,5.42739726027397,0
1.5,200,5.59178082191781,0
1.5,200,5.75616438356164,0
1.5,200,5.92054794520548,0
1.5,200,6.08493150684932,0
1.5,200,6.24931506849315,0
1.5,200,6.41369863013699,0
1.5,200,6.57808219178082,0
1.5,200,6.74246575342466,0
1.5,200,6.90684931506849,0
1.5,200,7.07123287671233,0
1.5,200,7.23561643835616,0
1.5,200,7.4,0
1.5,200,7.56438356164384,0
1.5,200,7.72876712328767,0
1.5,200,7.89315068493151,0
1.5,200,8.05753424657534,0
1.5,200,8.22191780821918,0
1.5,200,8.38630136986301,0
1.5,200,8.55068493150685,0
1.5,200,8.71506849315069,0
1.5,200,8.87945205479452,0
1.5,200,9.04383561643836,0
1.5,200,9.20821917808219,0
1.5,200,9.37260273972603,0
1.5,200,9.53698630136986,0
1.5,200,9.7013698630137,0
1.5,200,9.86575342465753,0
1.5,200,10.0301369863014,0
1.5,200,10.1945205479452,0
1.5,200,10.358904109589,0
1.5,200,10.5232876712329,0
1.5,200,10.6876712328767,0
1.5,200,10.8520547945205,0
1.5,200,11.0164383561644,0
1.5,200,11.1808219178082,0
1.5,200,11.3452054794521,0
1.5,200,11.5095890410959,0
1.5,200,11.6739726027397,0
1.5,200,11.8383561643836,0
1.5,200,12.0027397260274,0
1.5,200,12.1671232876712,0
1.5,200,12.3315068493151,0
1.5,200,12.4958904109589,0
1.5,200,12.6602739726027,0
1.5,200,12.8246575342466,0
1.5,200,12.9890410958904,0
1.5,200,13.1534246575342,0
1.5,200,13.3178082191781,0
1.5,200,13.4821917808219,0
1.5,200,13.6465753424658,0
1.5,200,13.8109589041096,0
1.5,200,13.9753424657534,0
1.5,200,14.1397260273973,0
1.5,200,14.3041095890411,0
1.5,200,14.4684931506849,0
1.5,200,14.6328767123288,0
1.5,200,14.7972602739726,0
1.5,200,14.9616438356164,0
1.5,200,15.1260273972603,0
1.5,200,15.2904109589041,0
1.5,200,15.4547945205479,0
1.5,200,15.6191780821918,0
1.5,200,15.7835616438356,0
1.5,200,15.9479452054795,0
1.5,200,16.1123287671233,0
1.5,200,16.2767123287671,0
1.5,200,16.441095890411,0
1.5,200,16.6054794520548,0
1.5,200,16.7698630136986,0
1.5,200,16.9342465753425,0
1.5,200,17.0986301369863,0
1.5,200,17.2630136986301,0
1.5,200,17.427397260274,0
1.5,200,17.5917808219178,0
1.5,200,17.7561643835616,0
1.5,200,17.9205479452055,0
1.5,200,18.0849315068493,0
1.5,200,18.2493150684931,0
1.5,200,18.413698630137,0
1.5,200,18.5780821917808,0
1.5,200,18.7424657534247,0
1.5,200,18.9068493150685,0
1.5,200,19.0712328767123,0
1.5,200,19.2356164383562,0
1.5,200,19.4,0
1.5,200,19.5643835616438,0
1.5,200,19.7287671232877,0
1.5,200,19.8931506849315,0
1.5,200,20.0575342465753,0
1.5,200,20.2219178082192,0
1.5,200,20.386301369863,0
1.5,200,20.5506849315069,5e-04
1.5,200,20.7150684931507,5e-04
1.5,200,20.8794520547945,5e-04
1.5,200,21.0438356164384,5e-04
1.5,200,21.2082191780822,5e-04
1.5,200,21.372602739726,0.001
1.5,200,21.5369863013699,0.0015
1.5,200,21.7013698630137,0.0015
1.5,200,21.8657534246575,0.0015
1.5,200,22.0301369863014,0.0015
1.5,200,22.1945205479452,0.0015
1.5,200,22.358904109589,0.0015
1.5,200,22.5232876712329,0.0025
1.5,200,22.6876712328767,0.0025
1.5,200,22.8520547945205,0.0025
1.5,200,23.0164383561644,0.0025
1.5,200,23.1808219178082,0.0025
1.5,200,23.3452054794521,0.0025
1.5,200,23.5095890410959,0.0025
1.5,200,23.6739726027397,0.003
1.5,200,23.8383561643836,0.004
1.5,200,24.0027397260274,0.004
1.5,200,24.1671232876712,0.004
1.5,200,24.3315068493151,0.004
1.5,200,24.4958904109589,0.0045
1.5,200,24.6602739726027,0.0045
1.5,200,24.8246575342466,0.005
1.5,200,24.9890410958904,0.0055
1.5,200,25.1534246575342,0.0055
1.5,200,25.3178082191781,0.0055
1.5,200,25.4821917808219,0.006
1.5,200,25.6465753424658,0.0065
1.5,200,25.8109589041096,0.0065
1.5,200,25.9753424657534,0.007
1.5,200,26.1397260273973,0.007
1.5,200,26.3041095890411,0.007
1.5,200,26.4684931506849,0.008
1.5,200,26.6328767123288,0.008
1.5,200,26.7972602739726,0.008
1.5,200,26.9616438356164,0.009
1.5,200,27.1260273972603,0.0095
1.5,200,27.2904109589041,0.0095
1.5,200,27.4547945205479,0.0105
1.5,200,27.6191780821918,0.0105
1.5,200,27.7835616438356,0.0115
1.5,200,27.9479452054795,0.0125
1.5,200,28.1123287671233,0.0135
1.5,200,28.2767123287671,0.0145
1.5,200,28.441095890411,0.0145
1.5,200,28.6054794520548,0.015
1.5,200,28.7698630136986,0.0165
1.5,200,28.9342465753425,0.0165
1.5,200,29.0986301369863,0.0165
1.5,200,29.2630136986301,0.017
1.5,200,29.427397260274,0.0175
1.5,200,29.5917808219178,0.019
1.5,200,29.7561643835616,0.0195
1.5,200,29.9205479452055,0.02
1.5,200,30.0849315068493,0.0205
1.5,200,30.2493150684931,0.021
1.5,200,30.413698630137,0.0225
1.5,200,30.5780821917808,0.023
1.5,200,30.7424657534247,0.0235
1.5,200,30.9068493150685,0.0245
1.5,200,31.0712328767123,0.026
1.5,200,31.2356164383562,0.0265
1.5,200,31.4,0.0275
1.5,200,31.5643835616438,0.029
1.5,200,31.7287671232877,0.0295
1.5,200,31.8931506849315,0.03
1.5,200,32.0575342465753,0.0305
1.5,200,32.2219178082192,0.0305
1.5,200,32.386301369863,0.0305
1.5,200,32.5506849315069,0.031
1.5,200,32.7150684931507,0.032
1.5,200,32.8794520547945,0.0325
1.5,200,33.0438356164384,0.0335
1.5,200,33.2082191780822,0.0335
1.5,200,33.372602739726,0.0355
1.5,200,33.5369863013699,0.038
1.5,200,33.7013698630137,0.04
1.5,200,33.8657534246575,0.0405
1.5,200,34.0301369863014,0.0415
1.5,200,34.1945205479452,0.0425
1.5,200,34.358904109589,0.0425
1.5,200,34.5232876712329,0.044
1.5,200,34.6876712328767,0.0455
1.5,200,34.8520547945205,0.0475
1.5,200,35.0164383561644,0.0485
1.5,200,35.1808219178082,0.0495
1.5,200,35.3452054794521,0.051
1.5,200,35.5095890410959,0.0525
1.5,200,35.6739726027397,0.054
1.5,200,35.8383561643836,0.054
1.5,200,36.0027397260274,0.0555
1.5,200,36.1671232876712,0.056
1.5,200,36.3315068493151,0.058
1.5,200,36.4958904109589,0.059
1.5,200,36.6602739726027,0.0595
1.5,200,36.8246575342466,0.06
1.5,200,36.9890410958904,0.0625
1.5,200,37.1534246575342,0.063
1.5,200,37.3178082191781,0.065
1.5,200,37.4821917808219,0.067
1.5,200,37.6465753424658,0.067
1.5,200,37.8109589041096,0.068
1.5,200,37.9753424657534,0.069
1.5,200,38.1397260273973,0.071
1.5,200,38.3041095890411,0.0735
1.5,200,38.4684931506849,0.0735
1.5,200,38.6328767123288,0.075
1.5,200,38.7972602739726,0.078
1.5,200,38.9616438356164,0.08
1.5,200,39.1260273972603,0.0805
1.5,200,39.2904109589041,0.0815
1.5,200,39.4547945205479,0.0825
1.5,200,39.6191780821918,0.084
1.5,200,39.7835616438356,0.0845
1.5,200,39.9479452054794,0.085
1.5,200,40.1123287671233,0.087
1.5,200,40.2767123287671,0.0875
1.5,200,40.441095890411,0.0885
1.5,200,40.6054794520548,0.0895
1.5,200,40.7698630136986,0.091
1.5,200,40.9342465753425,0.094
1.5,200,41.0986301369863,0.0955
1.5,200,41.2630136986301,0.0975
1.5,200,41.427397260274,0.098
1.5,200,41.5917808219178,0.099
1.5,200,41.7561643835616,0.1
1.5,200,41.9205479452055,0.101
1.5,200,42.0849315068493,0.102
1.5,200,42.2493150684932,0.1025
1.5,200,42.413698630137,0.1045
1.5,200,42.5780821917808,0.1055
1.5,200,42.7424657534247,0.107
1.5,200,42.9068493150685,0.109
1.5,200,43.0712328767123,0.1095
1.5,200,43.2356164383562,0.1095
1.5,200,43.4,0.11
1.5,200,43.5643835616438,0.112
1.5,200,43.7287671232877,0.1145
1.5,200,43.8931506849315,0.1175
1.5,200,44.0575342465753,0.1185
1.5,200,44.2219178082192,0.122
1.5,200,44.386301369863,0.125
1.5,200,44.5506849315069,0.1255
1.5,200,44.7150684931507,0.1265
1.5,200,44.8794520547945,0.127
1.5,200,45.0438356164384,0.1295
1.5,200,45.2082191780822,0.1315
1.5,200,45.372602739726,0.132
1.5,200,45.5369863013699,0.1325
1.5,200,45.7013698630137,0.133
1.5,200,45.8657534246575,0.135
1.5,200,46.0301369863014,0.1385
1.5,200,46.1945205479452,0.1405
1.5,200,46.358904109589,0.1425
1.5,200,46.5232876712329,0.143
1.5,200,46.6876712328767,0.1445
1.5,200,46.8520547945205,0.146
1.5,200,47.0164383561644,0.147
1.5,200,47.1808219178082,0.1485
1.5,200,47.3452054794521,0.149
1.5,200,47.5095890410959,0.1495
1.5,200,47.6739726027397,0.1545
1.5,200,47.8383561643836,0.157
1.5,200,48.0027397260274,0.158
1.5,200,48.1671232876712,0.1605
1.5,200,48.3315068493151,0.1625
1.5,200,48.4958904109589,0.164
1.5,200,48.6602739726027,0.165
1.5,200,48.8246575342466,0.1685
1.5,200,48.9890410958904,0.1705
1.5,200,49.1534246575342,0.1715
1.5,200,49.3178082191781,0.172
1.5,200,49.4821917808219,0.173
1.5,200,49.6465753424658,0.1755
1.5,200,49.8109589041096,0.176
1.5,200,49.9753424657534,0.177
2,10,0.00273972602739726,0
2,10,0.167123287671233,0
2,10,0.331506849315069,0
2,10,0.495890410958904,5e-04
2,10,0.66027397260274,5e-04
2,10,0.824657534246575,5e-04
2,10,0.989041095890411,0.001
2,10,1.15342465753425,0.001
2,10,1.31780821917808,0.0015
2,10,1.48219178082192,0.003
2,10,1.64657534246575,0.0035
2,10,1.81095890410959,0.0045
2,10,1.97534246575342,0.0055
2,10,2.13972602739726,0.0065
2,10,2.3041095890411,0.009
2,10,2.46849315068493,0.012
2,10,2.63287671232877,0.014
2,10,2.7972602739726,0.018
2,10,2.96164383561644,0.021
2,10,3.12602739726027,0.022
2,10,3.29041095890411,0.023
2,10,3.45479452054795,0.027
2,10,3.61917808219178,0.0305
2,10,3.78356164383562,0.033
2,10,3.94794520547945,0.0385
2,10,4.11232876712329,0.0415
2,10,4.27671232876712,0.047
2,10,4.44109589041096,0.0545
2,10,4.60547945205479,0.0625
2,10,4.76986301369863,0.068
2,10,4.93424657534247,0.072
2,10,5.0986301369863,0.0785
2,10,5.26301369863014,0.0835
2,10,5.42739726027397,0.09
2,10,5.59178082191781,0.095
2,10,5.75616438356164,0.101
2,10,5.92054794520548,0.1045
2,10,6.08493150684932,0.11
2,10,6.24931506849315,0.1155
2,10,6.41369863013699,0.122
2,10,6.57808219178082,0.13
2,10,6.74246575342466,0.1375
2,10,6.90684931506849,0.143
2,10,7.07123287671233,0.1485
2,10,7.23561643835616,0.158
2,10,7.4,0.1655
2,10,7.56438356164384,0.172
2,10,7.72876712328767,0.177
2,10,7.89315068493151,0.1835
2,10,8.05753424657534,0.1905
2,10,8.22191780821918,0.196
2,10,8.38630136986301,0.2005
2,10,8.55068493150685,0.207
2,10,8.71506849315069,0.2145
2,10,8.87945205479452,0.22
2,10,9.04383561643836,0.227
2,10,9.20821917808219,0.235
2,10,9.37260273972603,0.2405
2,10,9.53698630136986,0.248
2,10,9.7013698630137,0.2525
2,10,9.86575342465753,0.2575
2,10,10.0301369863014,0.267
2,10,10.1945205479452,0.272136068034017
2,10,10.358904109589,0.2795
2,10,10.5232876712329,0.285
2,10,10.6876712328767,0.2925
2,10,10.8520547945205,0.3015
2,10,11.0164383561644,0.3095
2,10,11.1808219178082,0.3155
2,10,11.3452054794521,0.3225
2,10,11.5095890410959,0.3275
2,10,11.6739726027397,0.335
2,10,11.8383561643836,0.3425
2,10,12.0027397260274,0.348674337168584
2,10,12.1671232876712,0.3545
2,10,12.3315068493151,0.362
2,10,12.4958904109589,0.3685
2,10,12.6602739726027,0.373
2,10,12.8246575342466,0.3815
2,10,12.9890410958904,0.387
2,10,13.1534246575342,0.394
2,10,13.3178082191781,0.4035
2,10,13.4821917808219,0.4105
2,10,13.6465753424658,0.4145
2,10,13.8109589041096,0.4215
2,10,13.9753424657534,0.4275
2,10,14.1397260273973,0.4315
2,10,14.3041095890411,0.435
2,10,14.4684931506849,0.44
2,10,14.6328767123288,0.4455
2,10,14.7972602739726,0.451
2,10,14.9616438356164,0.4555
2,10,15.1260273972603,0.462
2,10,15.2904109589041,0.4695
2,10,15.4547945205479,0.479
2,10,15.6191780821918,0.482
2,10,15.7835616438356,0.4885
2,10,15.9479452054795,0.4935
2,10,16.1123287671233,0.497
2,10,16.2767123287671,0.502
2,10,16.441095890411,0.506
2,10,16.6054794520548,0.513
2,10,16.7698630136986,0.52
2,10,16.9342465753425,0.525
2,10,17.0986301369863,0.5305
2,10,17.2630136986301,0.535
2,10,17.427397260274,0.5405
2,10,17.5917808219178,0.549
2,10,17.7561643835616,0.5545
2,10,17.9205479452055,0.558
2,10,18.0849315068493,0.5615
2,10,18.2493150684931,0.5665
2,10,18.413698630137,0.5705
2,10,18.5780821917808,0.5725
2,10,18.7424657534247,0.5785
2,10,18.9068493150685,0.5815
2,10,19.0712328767123,0.5855
2,10,19.2356164383562,0.5905
2,10,19.4,0.5945
2,10,19.5643835616438,0.597
2,10,19.7287671232877,0.6005
2,10,19.8931506849315,0.6055
2,10,20.0575342465753,0.61
2,10,20.2219178082192,0.6165
2,10,20.386301369863,0.62
2,10,20.5506849315069,0.6255
2,10,20.7150684931507,0.63
2,10,20.8794520547945,0.633
2,10,21.0438356164384,0.636
2,10,21.2082191780822,0.6395
2,10,21.372602739726,0.643
2,10,21.5369863013699,0.646
2,10,21.7013698630137,0.648
2,10,21.8657534246575,0.6505
2,10,22.0301369863014,0.6545
2,10,22.1945205479452,0.658
2,10,22.358904109589,0.6615
2,10,22.5232876712329,0.668
2,10,22.6876712328767,0.6725
2,10,22.8520547945205,0.675
2,10,23.0164383561644,0.679
2,10,23.1808219178082,0.683
2,10,23.3452054794521,0.6855
2,10,23.5095890410959,0.6895
2,10,23.6739726027397,0.6915
2,10,23.8383561643836,0.695
2,10,24.0027397260274,0.699
2,10,24.1671232876712,0.703
2,10,24.3315068493151,0.706
2,10,24.4958904109589,0.709
2,10,24.6602739726027,0.71
2,10,24.8246575342466,0.710855427713857
2,10,24.9890410958904,0.713856928464232
2,10,25.1534246575342,0.718
2,10,25.3178082191781,0.7225
2,10,25.4821917808219,0.725
2,10,25.6465753424658,0.7265
2,10,25.8109589041096,0.7295
2,10,25.9753424657534,0.731
2,10,26.1397260273973,0.7355
2,10,26.3041095890411,0.739
2,10,26.4684931506849,0.7415
2,10,26.6328767123288,0.7435
2,10,26.7972602739726,0.7465
2,10,26.9616438356164,0.7475
2,10,27.1260273972603,0.7505
2,10,27.2904109589041,0.7525
2,10,27.4547945205479,0.7555
2,10,27.6191780821918,0.758
2,10,27.7835616438356,0.762
2,10,27.9479452054795,0.7635
2,10,28.1123287671233,0.7675
2,10,28.2767123287671,0.769
2,10,28.441095890411,0.7745
2,10,28.6054794520548,0.778
2,10,28.7698630136986,0.779
2,10,28.9342465753425,0.786
2,10,29.0986301369863,0.7885
2,10,29.2630136986301,0.7895
2,10,29.427397260274,0.791
2,10,29.5917808219178,0.7935
2,10,29.7561643835616,0.794
2,10,29.9205479452055,0.795
2,10,30.0849315068493,0.7985
2,10,30.2493150684931,0.8035
2,10,30.413698630137,0.807
2,10,30.5780821917808,0.8085
2,10,30.7424657534247,0.811
2,10,30.9068493150685,0.8135
2,10,31.0712328767123,0.816
2,10,31.2356164383562,0.8165
2,10,31.4,0.8195
2,10,31.5643835616438,0.824
2,10,31.7287671232877,0.8255
2,10,31.8931506849315,0.827
2,10,32.0575342465753,0.829
2,10,32.2219178082192,0.83
2,10,32.386301369863,0.832
2,10,32.5506849315069,0.8345
2,10,32.7150684931507,0.8355
2,10,32.8794520547945,0.837
2,10,33.0438356164384,0.839
2,10,33.2082191780822,0.842
2,10,33.372602739726,0.8435
2,10,33.5369863013699,0.845
2,10,33.7013698630137,0.8465
2,10,33.8657534246575,0.8485
2,10,34.0301369863014,0.849
2,10,34.1945205479452,0.8505
2,10,34.358904109589,0.854
2,10,34.5232876712329,0.8555
2,10,34.6876712328767,0.8565
2,10,34.8520547945205,0.8585
2,10,35.0164383561644,0.859
2,10,35.1808219178082,0.861
2,10,35.3452054794521,0.8645
2,10,35.5095890410959,0.8655
2,10,35.6739726027397,0.868
2,10,35.8383561643836,0.869
2,10,36.0027397260274,0.870935467733867
2,10,36.1671232876712,0.87343671835918
2,10,36.3315068493151,0.874437218609305
2,10,36.4958904109589,0.875937968984492
2,10,36.6602739726027,0.8765
2,10,36.8246575342466,0.8775
2,10,36.9890410958904,0.8795
2,10,37.1534246575342,0.8805
2,10,37.3178082191781,0.8835
2,10,37.4821917808219,0.884
2,10,37.6465753424658,0.885
2,10,37.8109589041096,0.8855
2,10,37.9753424657534,0.8855
2,10,38.1397260273973,0.8885
2,10,38.3041095890411,0.889
2,10,38.4684931506849,0.892
2,10,38.6328767123288,0.8925
2,10,38.7972602739726,0.8925
2,10,38.9616438356164,0.893
2,10,39.1260273972603,0.8945
2,10,39.2904109589041,0.8945
2,10,39.4547945205479,0.8965
2,10,39.6191780821918,0.8975
2,10,39.7835616438356,0.898
2,10,39.9479452054794,0.8985
2,10,40.1123287671233,0.9
2,10,40.2767123287671,0.9005
2,10,40.441095890411,0.9015
2,10,40.6054794520548,0.9015
2,10,40.7698630136986,0.903
2,10,40.9342465753425,0.9035
2,10,41.0986301369863,0.904
2,10,41.2630136986301,0.906
2,10,41.427397260274,0.906
2,10,41.5917808219178,0.907
2,10,41.7561643835616,0.9085
2,10,41.9205479452055,0.909
2,10,42.0849315068493,0.9095
2,10,42.2493150684932,0.9105
2,10,42.413698630137,0.9115
2,10,42.5780821917808,0.913
2,10,42.7424657534247,0.9155
2,10,42.9068493150685,0.916
2,10,43.0712328767123,0.9185
2,10,43.2356164383562,0.92
2,10,43.4,0.922
2,10,43.5643835616438,0.9235
2,10,43.7287671232877,0.9245
2,10,43.8931506849315,0.9255
2,10,44.0575342465753,0.926
2,10,44.2219178082192,0.927
2,10,44.386301369863,0.9275
2,10,44.5506849315069,0.9275
2,10,44.7150684931507,0.9275
2,10,44.8794520547945,0.9285
2,10,45.0438356164384,0.9285
2,10,45.2082191780822,0.929
2,10,45.372602739726,0.9295
2,10,45.5369863013699,0.9295
2,10,45.7013698630137,0.9295
2,10,45.8657534246575,0.9295
2,10,46.0301369863014,0.9295
2,10,46.1945205479452,0.93
2,10,46.358904109589,0.931
2,10,46.5232876712329,0.932
2,10,46.6876712328767,0.933
2,10,46.8520547945205,0.933
2,10,47.0164383561644,0.934
2,10,47.1808219178082,0.934
2,10,47.3452054794521,0.935
2,10,47.5095890410959,0.9355
2,10,47.6739726027397,0.9365
2,10,47.8383561643836,0.937
2,10,48.0027397260274,0.9375
2,10,48.1671232876712,0.9385
2,10,48.3315068493151,0.9395
2,10,48.4958904109589,0.94
2,10,48.6602739726027,0.9405
2,10,48.8246575342466,0.941
2,10,48.9890410958904,0.941
2,10,49.1534246575342,0.9415
2,10,49.3178082191781,0.9425
2,10,49.4821917808219,0.9425
2,10,49.6465753424658,0.943
2,10,49.8109589041096,0.943971985992996
2,10,49.9753424657534,0.9445
2,20,0.00273972602739726,0
2,20,0.167123287671233,0
2,20,0.331506849315069,0
2,20,0.495890410958904,0
2,20,0.66027397260274,0
2,20,0.824657534246575,0
2,20,0.989041095890411,0
2,20,1.15342465753425,0
2,20,1.31780821917808,0
2,20,1.48219178082192,0
2,20,1.64657534246575,0
2,20,1.81095890410959,0
2,20,1.97534246575342,0
2,20,2.13972602739726,0
2,20,2.3041095890411,0
2,20,2.46849315068493,0
2,20,2.63287671232877,0
2,20,2.7972602739726,0
2,20,2.96164383561644,0
2,20,3.12602739726027,0
2,20,3.29041095890411,5e-04
2,20,3.45479452054795,0.001
2,20,3.61917808219178,0.001
2,20,3.78356164383562,0.001
2,20,3.94794520547945,0.002
2,20,4.11232876712329,0.002
2,20,4.27671232876712,0.0025
2,20,4.44109589041096,0.003
2,20,4.60547945205479,0.003
2,20,4.76986301369863,0.004
2,20,4.93424657534247,0.004
2,20,5.0986301369863,0.006
2,20,5.26301369863014,0.0065
2,20,5.42739726027397,0.0065
2,20,5.59178082191781,0.007
2,20,5.75616438356164,0.0075
2,20,5.92054794520548,0.0075
2,20,6.08493150684932,0.009
2,20,6.24931506849315,0.01
2,20,6.41369863013699,0.0105
2,20,6.57808219178082,0.0115
2,20,6.74246575342466,0.0135
2,20,6.90684931506849,0.015
2,20,7.07123287671233,0.017
2,20,7.23561643835616,0.019
2,20,7.4,0.02
2,20,7.56438356164384,0.022
2,20,7.72876712328767,0.025
2,20,7.89315068493151,0.028
2,20,8.05753424657534,0.0295
2,20,8.22191780821918,0.0315
2,20,8.38630136986301,0.035
2,20,8.55068493150685,0.0385
2,20,8.71506849315069,0.0405
2,20,8.87945205479452,0.0435
2,20,9.04383561643836,0.0485
2,20,9.20821917808219,0.0515
2,20,9.37260273972603,0.055
2,20,9.53698630136986,0.059
2,20,9.7013698630137,0.061
2,20,9.86575342465753,0.0635
2,20,10.0301369863014,0.0655
2,20,10.1945205479452,0.071
2,20,10.358904109589,0.074
2,20,10.5232876712329,0.077
2,20,10.6876712328767,0.081
2,20,10.8520547945205,0.0845
2,20,11.0164383561644,0.0915
2,20,11.1808219178082,0.098
2,20,11.3452054794521,0.101
2,20,11.5095890410959,0.106
2,20,11.6739726027397,0.11
2,20,11.8383561643836,0.1115
2,20,12.0027397260274,0.1145
2,20,12.1671232876712,0.1195
2,20,12.3315068493151,0.1235
2,20,12.4958904109589,0.128
2,20,12.6602739726027,0.132
2,20,12.8246575342466,0.134
2,20,12.9890410958904,0.1395
2,20,13.1534246575342,0.1425
2,20,13.3178082191781,0.1475
2,20,13.4821917808219,0.153
2,20,13.6465753424658,0.157
2,20,13.8109589041096,0.1625
2,20,13.9753424657534,0.165
2,20,14.1397260273973,0.168
2,20,14.3041095890411,0.1715
2,20,14.4684931506849,0.174
2,20,14.6328767123288,0.1815
2,20,14.7972602739726,0.186
2,20,14.9616438356164,0.1905
2,20,15.1260273972603,0.197
2,20,15.2904109589041,0.2015
2,20,15.4547945205479,0.204
2,20,15.6191780821918,0.2075
2,20,15.7835616438356,0.2145
2,20,15.9479452054795,0.2195
2,20,16.1123287671233,0.226
2,20,16.2767123287671,0.2325
2,20,16.441095890411,0.238
2,20,16.6054794520548,0.2425
2,20,16.7698630136986,0.2465
2,20,16.9342465753425,0.252
2,20,17.0986301369863,0.257
2,20,17.2630136986301,0.2615
2,20,17.427397260274,0.267
2,20,17.5917808219178,0.273
2,20,17.7561643835616,0.2785
2,20,17.9205479452055,0.284
2,20,18.0849315068493,0.2875
2,20,18.2493150684931,0.292
2,20,18.413698630137,0.299
2,20,18.5780821917808,0.304
2,20,18.7424657534247,0.308
2,20,18.9068493150685,0.3105
2,20,19.0712328767123,0.3145
2,20,19.2356164383562,0.319
2,20,19.4,0.3245
2,20,19.5643835616438,0.3275
2,20,19.7287671232877,0.331
2,20,19.8931506849315,0.3355
2,20,20.0575342465753,0.3375
2,20,20.2219178082192,0.34
2,20,20.386301369863,0.344
2,20,20.5506849315069,0.3475
2,20,20.7150684931507,0.353
2,20,20.8794520547945,0.3585
2,20,21.0438356164384,0.3635
2,20,21.2082191780822,0.3665
2,20,21.372602739726,0.371
2,20,21.5369863013699,0.374
2,20,21.7013698630137,0.3775
2,20,21.8657534246575,0.3785
2,20,22.0301369863014,0.385
2,20,22.1945205479452,0.391
2,20,22.358904109589,0.3935
2,20,22.5232876712329,0.396
2,20,22.6876712328767,0.4005
2,20,22.8520547945205,0.406
2,20,23.0164383561644,0.4095
2,20,23.1808219178082,0.411
2,20,23.3452054794521,0.417
2,20,23.5095890410959,0.4215
2,20,23.6739726027397,0.4255
2,20,23.8383561643836,0.428
2,20,24.0027397260274,0.4315
2,20,24.1671232876712,0.4345
2,20,24.3315068493151,0.4365
2,20,24.4958904109589,0.4405
2,20,24.6602739726027,0.4435
2,20,24.8246575342466,0.447
2,20,24.9890410958904,0.4515
2,20,25.1534246575342,0.4545
2,20,25.3178082191781,0.4575
2,20,25.4821917808219,0.463
2,20,25.6465753424658,0.466
2,20,25.8109589041096,0.47
2,20,25.9753424657534,0.4755
2,20,26.1397260273973,0.4795
2,20,26.3041095890411,0.482
2,20,26.4684931506849,0.486
2,20,26.6328767123288,0.4895
2,20,26.7972602739726,0.4915
2,20,26.9616438356164,0.496
2,20,27.1260273972603,0.4975
2,20,27.2904109589041,0.504
2,20,27.4547945205479,0.5055
2,20,27.6191780821918,0.5095
2,20,27.7835616438356,0.515
2,20,27.9479452054795,0.5195
2,20,28.1123287671233,0.5215
2,20,28.2767123287671,0.5235
2,20,28.441095890411,0.527
2,20,28.6054794520548,0.5295
2,20,28.7698630136986,0.5325
2,20,28.9342465753425,0.537
2,20,29.0986301369863,0.542
2,20,29.2630136986301,0.546
2,20,29.427397260274,0.55
2,20,29.5917808219178,0.5525
2,20,29.7561643835616,0.5555
2,20,29.9205479452055,0.5575
2,20,30.0849315068493,0.561
2,20,30.2493150684931,0.563
2,20,30.413698630137,0.5645
2,20,30.5780821917808,0.5685
2,20,30.7424657534247,0.5715
2,20,30.9068493150685,0.5735
2,20,31.0712328767123,0.575
2,20,31.2356164383562,0.5785
2,20,31.4,0.5815
2,20,31.5643835616438,0.585
2,20,31.7287671232877,0.587
2,20,31.8931506849315,0.5875
2,20,32.0575342465753,0.59
2,20,32.2219178082192,0.5905
2,20,32.386301369863,0.594
2,20,32.5506849315069,0.597
2,20,32.7150684931507,0.6005
2,20,32.8794520547945,0.603
2,20,33.0438356164384,0.6045
2,20,33.2082191780822,0.6085
2,20,33.372602739726,0.6115
2,20,33.5369863013699,0.6135
2,20,33.7013698630137,0.6175
2,20,33.8657534246575,0.6195
2,20,34.0301369863014,0.621
2,20,34.1945205479452,0.6225
2,20,34.358904109589,0.6255
2,20,34.5232876712329,0.6285
2,20,34.6876712328767,0.63
2,20,34.8520547945205,0.6325
2,20,35.0164383561644,0.633
2,20,35.1808219178082,0.6355
2,20,35.3452054794521,0.6365
2,20,35.5095890410959,0.6405
2,20,35.6739726027397,0.6455
2,20,35.8383561643836,0.6475
2,20,36.0027397260274,0.648
2,20,36.1671232876712,0.649
2,20,36.3315068493151,0.6515
2,20,36.4958904109589,0.6545
2,20,36.6602739726027,0.657
2,20,36.8246575342466,0.6605
2,20,36.9890410958904,0.6645
2,20,37.1534246575342,0.668
2,20,37.3178082191781,0.6715
2,20,37.4821917808219,0.6735
2,20,37.6465753424658,0.676
2,20,37.8109589041096,0.6785
2,20,37.9753424657534,0.682
2,20,38.1397260273973,0.6835
2,20,38.3041095890411,0.686
2,20,38.4684931506849,0.6895
2,20,38.6328767123288,0.6915
2,20,38.7972602739726,0.6935
2,20,38.9616438356164,0.695
2,20,39.1260273972603,0.696
2,20,39.2904109589041,0.6995
2,20,39.4547945205479,0.7015
2,20,39.6191780821918,0.704
2,20,39.7835616438356,0.706
2,20,39.9479452054794,0.709
2,20,40.1123287671233,0.711
2,20,40.2767123287671,0.7115
2,20,40.441095890411,0.713
2,20,40.6054794520548,0.7165
2,20,40.7698630136986,0.718
2,20,40.9342465753425,0.7195
2,20,41.0986301369863,0.721
2,20,41.2630136986301,0.724
2,20,41.427397260274,0.7255
2,20,41.5917808219178,0.7285
2,20,41.7561643835616,0.731
2,20,41.9205479452055,0.7335
2,20,42.0849315068493,0.7355
2,20,42.2493150684932,0.738
2,20,42.413698630137,0.74
2,20,42.5780821917808,0.7405
2,20,42.7424657534247,0.742
2,20,42.9068493150685,0.7435
2,20,43.0712328767123,0.744
2,20,43.2356164383562,0.746
2,20,43.4,0.749
2,20,43.5643835616438,0.751
2,20,43.7287671232877,0.7525
2,20,43.8931506849315,0.753
2,20,44.0575342465753,0.754
2,20,44.2219178082192,0.755
2,20,44.386301369863,0.756
2,20,44.5506849315069,0.7585
2,20,44.7150684931507,0.759
2,20,44.8794520547945,0.76
2,20,45.0438356164384,0.7605
2,20,45.2082191780822,0.761
2,20,45.372602739726,0.762
2,20,45.5369863013699,0.7635
2,20,45.7013698630137,0.765
2,20,45.8657534246575,0.7655
2,20,46.0301369863014,0.7655
2,20,46.1945205479452,0.766
2,20,46.358904109589,0.7665
2,20,46.5232876712329,0.7685
2,20,46.6876712328767,0.771
2,20,46.8520547945205,0.7735
2,20,47.0164383561644,0.774
2,20,47.1808219178082,0.777
2,20,47.3452054794521,0.78
2,20,47.5095890410959,0.783
2,20,47.6739726027397,0.7845
2,20,47.8383561643836,0.7845
2,20,48.0027397260274,0.786
2,20,48.1671232876712,0.7865
2,20,48.3315068493151,0.7885
2,20,48.4958904109589,0.79
2,20,48.6602739726027,0.7925
2,20,48.8246575342466,0.795
2,20,48.9890410958904,0.7955
2,20,49.1534246575342,0.796
2,20,49.3178082191781,0.797
2,20,49.4821917808219,0.798
2,20,49.6465753424658,0.799
2,20,49.8109589041096,0.8
2,20,49.9753424657534,0.803
2,50,0.00273972602739726,0
2,50,0.167123287671233,0
2,50,0.331506849315069,0
2,50,0.495890410958904,0
2,50,0.66027397260274,0
2,50,0.824657534246575,0
2,50,0.989041095890411,0
2,50,1.15342465753425,0
2,50,1.31780821917808,0
2,50,1.48219178082192,0
2,50,1.64657534246575,0
2,50,1.81095890410959,0
2,50,1.97534246575342,0
2,50,2.13972602739726,0
2,50,2.3041095890411,0
2,50,2.46849315068493,0
2,50,2.63287671232877,0
2,50,2.7972602739726,0
2,50,2.96164383561644,0
2,50,3.12602739726027,0
2,50,3.29041095890411,0
2,50,3.45479452054795,0
2,50,3.61917808219178,0
2,50,3.78356164383562,0
2,50,3.94794520547945,0
2,50,4.11232876712329,0
2,50,4.27671232876712,0
2,50,4.44109589041096,0
2,50,4.60547945205479,0
2,50,4.76986301369863,0
2,50,4.93424657534247,0
2,50,5.0986301369863,0
2,50,5.26301369863014,0
2,50,5.42739726027397,0
2,50,5.59178082191781,0
2,50,5.75616438356164,0
2,50,5.92054794520548,0
2,50,6.08493150684932,0
2,50,6.24931506849315,0
2,50,6.41369863013699,0
2,50,6.57808219178082,0
2,50,6.74246575342466,0
2,50,6.90684931506849,0
2,50,7.07123287671233,0
2,50,7.23561643835616,0
2,50,7.4,0
2,50,7.56438356164384,0
2,50,7.72876712328767,0
2,50,7.89315068493151,0
2,50,8.05753424657534,0
2,50,8.22191780821918,0
2,50,8.38630136986301,0
2,50,8.55068493150685,0
2,50,8.71506849315069,0
2,50,8.87945205479452,0
2,50,9.04383561643836,0
2,50,9.20821917808219,0
2,50,9.37260273972603,0
2,50,9.53698630136986,0
2,50,9.7013698630137,0
2,50,9.86575342465753,0
2,50,10.0301369863014,0
2,50,10.1945205479452,0
2,50,10.358904109589,0
2,50,10.5232876712329,0
2,50,10.6876712328767,0
2,50,10.8520547945205,5e-04
2,50,11.0164383561644,5e-04
2,50,11.1808219178082,5e-04
2,50,11.3452054794521,0.001
2,50,11.5095890410959,0.001
2,50,11.6739726027397,0.0015
2,50,11.8383561643836,0.002
2,50,12.0027397260274,0.0025
2,50,12.1671232876712,0.0025
2,50,12.3315068493151,0.003
2,50,12.4958904109589,0.003
2,50,12.6602739726027,0.003
2,50,12.8246575342466,0.0035
2,50,12.9890410958904,0.005
2,50,13.1534246575342,0.0065
2,50,13.3178082191781,0.0065
2,50,13.4821917808219,0.0075
2,50,13.6465753424658,0.0075
2,50,13.8109589041096,0.008
2,50,13.9753424657534,0.0085
2,50,14.1397260273973,0.0095
2,50,14.3041095890411,0.01
2,50,14.4684931506849,0.01
2,50,14.6328767123288,0.0105
2,50,14.7972602739726,0.0105
2,50,14.9616438356164,0.011
2,50,15.1260273972603,0.013
2,50,15.2904109589041,0.0155
2,50,15.4547945205479,0.0165
2,50,15.6191780821918,0.018
2,50,15.7835616438356,0.019
2,50,15.9479452054795,0.0195
2,50,16.1123287671233,0.0215
2,50,16.2767123287671,0.0225
2,50,16.441095890411,0.0235
2,50,16.6054794520548,0.0245
2,50,16.7698630136986,0.0245
2,50,16.9342465753425,0.0265
2,50,17.0986301369863,0.0265
2,50,17.2630136986301,0.027
2,50,17.427397260274,0.0275
2,50,17.5917808219178,0.028
2,50,17.7561643835616,0.029
2,50,17.9205479452055,0.03
2,50,18.0849315068493,0.0325
2,50,18.2493150684931,0.033
2,50,18.413698630137,0.034
2,50,18.5780821917808,0.0355
2,50,18.7424657534247,0.0365
2,50,18.9068493150685,0.038
2,50,19.0712328767123,0.0395
2,50,19.2356164383562,0.0415
2,50,19.4,0.042
2,50,19.5643835616438,0.044
2,50,19.7287671232877,0.045
2,50,19.8931506849315,0.046
2,50,20.0575342465753,0.047
2,50,20.2219178082192,0.048
2,50,20.386301369863,0.05
2,50,20.5506849315069,0.0515
2,50,20.7150684931507,0.052
2,50,20.8794520547945,0.052
2,50,21.0438356164384,0.0525
2,50,21.2082191780822,0.054
2,50,21.372602739726,0.0545
2,50,21.5369863013699,0.0555
2,50,21.7013698630137,0.0575
2,50,21.8657534246575,0.059
2,50,22.0301369863014,0.0615
2,50,22.1945205479452,0.063
2,50,22.358904109589,0.065
2,50,22.5232876712329,0.066
2,50,22.6876712328767,0.0685
2,50,22.8520547945205,0.07
2,50,23.0164383561644,0.071
2,50,23.1808219178082,0.0725
2,50,23.3452054794521,0.074
2,50,23.5095890410959,0.0755
2,50,23.6739726027397,0.0765
2,50,23.8383561643836,0.0775
2,50,24.0027397260274,0.078
2,50,24.1671232876712,0.081
2,50,24.3315068493151,0.082
2,50,24.4958904109589,0.083
2,50,24.6602739726027,0.083
2,50,24.8246575342466,0.085
2,50,24.9890410958904,0.0855
2,50,25.1534246575342,0.0865
2,50,25.3178082191781,0.088
2,50,25.4821917808219,0.09
2,50,25.6465753424658,0.0915
2,50,25.8109589041096,0.0925
2,50,25.9753424657534,0.0935
2,50,26.1397260273973,0.0955
2,50,26.3041095890411,0.096
2,50,26.4684931506849,0.0975
2,50,26.6328767123288,0.1
2,50,26.7972602739726,0.1005
2,50,26.9616438356164,0.1025
2,50,27.1260273972603,0.1035
2,50,27.2904109589041,0.1055
2,50,27.4547945205479,0.1085
2,50,27.6191780821918,0.109
2,50,27.7835616438356,0.1105
2,50,27.9479452054795,0.1125
2,50,28.1123287671233,0.114
2,50,28.2767123287671,0.1165
2,50,28.441095890411,0.1175
2,50,28.6054794520548,0.119
2,50,28.7698630136986,0.1225
2,50,28.9342465753425,0.124
2,50,29.0986301369863,0.1265
2,50,29.2630136986301,0.1275
2,50,29.427397260274,0.129
2,50,29.5917808219178,0.13
2,50,29.7561643835616,0.1335
2,50,29.9205479452055,0.135
2,50,30.0849315068493,0.136
2,50,30.2493150684931,0.1375
2,50,30.413698630137,0.139
2,50,30.5780821917808,0.1415
2,50,30.7424657534247,0.1415
2,50,30.9068493150685,0.1425
2,50,31.0712328767123,0.1425
2,50,31.2356164383562,0.146
2,50,31.4,0.149
2,50,31.5643835616438,0.15
2,50,31.7287671232877,0.1505
2,50,31.8931506849315,0.153
2,50,32.0575342465753,0.154
2,50,32.2219178082192,0.156
2,50,32.386301369863,0.157
2,50,32.5506849315069,0.159
2,50,32.7150684931507,0.161
2,50,32.8794520547945,0.1615
2,50,33.0438356164384,0.1635
2,50,33.2082191780822,0.167
2,50,33.372602739726,0.1695
2,50,33.5369863013699,0.1705
2,50,33.7013698630137,0.173
2,50,33.8657534246575,0.173
2,50,34.0301369863014,0.1735
2,50,34.1945205479452,0.175
2,50,34.358904109589,0.176
2,50,34.5232876712329,0.1795
2,50,34.6876712328767,0.1795
2,50,34.8520547945205,0.182
2,50,35.0164383561644,0.1845
2,50,35.1808219178082,0.186
2,50,35.3452054794521,0.188
2,50,35.5095890410959,0.189
2,50,35.6739726027397,0.1895
2,50,35.8383561643836,0.192
2,50,36.0027397260274,0.195
2,50,36.1671232876712,0.198
2,50,36.3315068493151,0.2005
2,50,36.4958904109589,0.202
2,50,36.6602739726027,0.2035
2,50,36.8246575342466,0.206
2,50,36.9890410958904,0.2075
2,50,37.1534246575342,0.21
2,50,37.3178082191781,0.211
2,50,37.4821917808219,0.2125
2,50,37.6465753424658,0.2145
2,50,37.8109589041096,0.2165
2,50,37.9753424657534,0.217
2,50,38.1397260273973,0.2185
2,50,38.3041095890411,0.2205
2,50,38.4684931506849,0.222
2,50,38.6328767123288,0.223
2,50,38.7972602739726,0.223
2,50,38.9616438356164,0.225
2,50,39.1260273972603,0.2255
2,50,39.2904109589041,0.227
2,50,39.4547945205479,0.2285
2,50,39.6191780821918,0.2295
2,50,39.7835616438356,0.232
2,50,39.9479452054794,0.2335
2,50,40.1123287671233,0.235
2,50,40.2767123287671,0.2375
2,50,40.441095890411,0.238
2,50,40.6054794520548,0.239
2,50,40.7698630136986,0.2415
2,50,40.9342465753425,0.2435
2,50,41.0986301369863,0.245
2,50,41.2630136986301,0.2455
2,50,41.427397260274,0.2465
2,50,41.5917808219178,0.248
2,50,41.7561643835616,0.249
2,50,41.9205479452055,0.2515
2,50,42.0849315068493,0.256
2,50,42.2493150684932,0.256
2,50,42.413698630137,0.258
2,50,42.5780821917808,0.2605
2,50,42.7424657534247,0.262
2,50,42.9068493150685,0.2625
2,50,43.0712328767123,0.264
2,50,43.2356164383562,0.2665
2,50,43.4,0.2705
2,50,43.5643835616438,0.2725
2,50,43.7287671232877,0.2745
2,50,43.8931506849315,0.2765
2,50,44.0575342465753,0.279
2,50,44.2219178082192,0.281
2,50,44.386301369863,0.284
2,50,44.5506849315069,0.2865
2,50,44.7150684931507,0.2875
2,50,44.8794520547945,0.291
2,50,45.0438356164384,0.293
2,50,45.2082191780822,0.2945
2,50,45.372602739726,0.2955
2,50,45.5369863013699,0.2995
2,50,45.7013698630137,0.3015
2,50,45.8657534246575,0.3035
2,50,46.0301369863014,0.306
2,50,46.1945205479452,0.3065
2,50,46.358904109589,0.3095
2,50,46.5232876712329,0.311
2,50,46.6876712328767,0.3125
2,50,46.8520547945205,0.315
2,50,47.0164383561644,0.317
2,50,47.1808219178082,0.319
2,50,47.3452054794521,0.3205
2,50,47.5095890410959,0.321
2,50,47.6739726027397,0.321
2,50,47.8383561643836,0.3215
2,50,48.0027397260274,0.3215
2,50,48.1671232876712,0.323
2,50,48.3315068493151,0.3245
2,50,48.4958904109589,0.3255
2,50,48.6602739726027,0.327
2,50,48.8246575342466,0.3285
2,50,48.9890410958904,0.3295
2,50,49.1534246575342,0.3305
2,50,49.3178082191781,0.331
2,50,49.4821917808219,0.332
2,50,49.6465753424658,0.3345
2,50,49.8109589041096,0.3355
2,50,49.9753424657534,0.3355
2,100,0.00273972602739726,0
2,100,0.167123287671233,0
2,100,0.331506849315069,0
2,100,0.495890410958904,0
2,100,0.66027397260274,0
2,100,0.824657534246575,0
2,100,0.989041095890411,0
2,100,1.15342465753425,0
2,100,1.31780821917808,0
2,100,1.48219178082192,0
2,100,1.64657534246575,0
2,100,1.81095890410959,0
2,100,1.97534246575342,0
2,100,2.13972602739726,0
2,100,2.3041095890411,0
2,100,2.46849315068493,0
2,100,2.63287671232877,0
2,100,2.7972602739726,0
2,100,2.96164383561644,0
2,100,3.12602739726027,0
2,100,3.29041095890411,0
2,100,3.45479452054795,0
2,100,3.61917808219178,0
2,100,3.78356164383562,0
2,100,3.94794520547945,0
2,100,4.11232876712329,0
2,100,4.27671232876712,0
2,100,4.44109589041096,0
2,100,4.60547945205479,0
2,100,4.76986301369863,0
2,100,4.93424657534247,0
2,100,5.0986301369863,0
2,100,5.26301369863014,0
2,100,5.42739726027397,0
2,100,5.59178082191781,0
2,100,5.75616438356164,0
2,100,5.92054794520548,0
2,100,6.08493150684932,0
2,100,6.24931506849315,0
2,100,6.41369863013699,0
2,100,6.57808219178082,0
2,100,6.74246575342466,0
2,100,6.90684931506849,0
2,100,7.07123287671233,0
2,100,7.23561643835616,0
2,100,7.4,0
2,100,7.56438356164384,0
2,100,7.72876712328767,0
2,100,7.89315068493151,0
2,100,8.05753424657534,0
2,100,8.22191780821918,0
2,100,8.38630136986301,0
2,100,8.55068493150685,0
2,100,8.71506849315069,0
2,100,8.87945205479452,0
2,100,9.04383561643836,0
2,100,9.20821917808219,0
2,100,9.37260273972603,0
2,100,9.53698630136986,0
2,100,9.7013698630137,0
2,100,9.86575342465753,0
2,100,10.0301369863014,0
2,100,10.1945205479452,0
2,100,10.358904109589,0
2,100,10.5232876712329,0
2,100,10.6876712328767,0
2,100,10.8520547945205,0
2,100,11.0164383561644,0
2,100,11.1808219178082,0
2,100,11.3452054794521,0
2,100,11.5095890410959,0
2,100,11.6739726027397,0
2,100,11.8383561643836,0
2,100,12.0027397260274,0
2,100,12.1671232876712,0
2,100,12.3315068493151,0
2,100,12.4958904109589,0
2,100,12.6602739726027,0
2,100,12.8246575342466,0
2,100,12.9890410958904,0
2,100,13.1534246575342,0
2,100,13.3178082191781,0
2,100,13.4821917808219,0
2,100,13.6465753424658,0
2,100,13.8109589041096,0
2,100,13.9753424657534,0
2,100,14.1397260273973,0
2,100,14.3041095890411,0
2,100,14.4684931506849,0
2,100,14.6328767123288,0
2,100,14.7972602739726,0
2,100,14.9616438356164,0
2,100,15.1260273972603,0
2,100,15.2904109589041,0
2,100,15.4547945205479,0
2,100,15.6191780821918,0
2,100,15.7835616438356,0
2,100,15.9479452054795,0
2,100,16.1123287671233,0
2,100,16.2767123287671,0
2,100,16.441095890411,5e-04
2,100,16.6054794520548,5e-04
2,100,16.7698630136986,5e-04
2,100,16.9342465753425,5e-04
2,100,17.0986301369863,5e-04
2,100,17.2630136986301,5e-04
2,100,17.427397260274,5e-04
2,100,17.5917808219178,5e-04
2,100,17.7561643835616,5e-04
2,100,17.9205479452055,0.001
2,100,18.0849315068493,0.001
2,100,18.2493150684931,0.001
2,100,18.413698630137,0.001
2,100,18.5780821917808,0.001
2,100,18.7424657534247,0.001
2,100,18.9068493150685,0.001
2,100,19.0712328767123,0.0015
2,100,19.2356164383562,0.0015
2,100,19.4,0.0015
2,100,19.5643835616438,0.0015
2,100,19.7287671232877,0.0015
2,100,19.8931506849315,0.0015
2,100,20.0575342465753,0.0015
2,100,20.2219178082192,0.0015
2,100,20.386301369863,0.0015
2,100,20.5506849315069,0.002
2,100,20.7150684931507,0.002
2,100,20.8794520547945,0.0025
2,100,21.0438356164384,0.0025
2,100,21.2082191780822,0.0025
2,100,21.372602739726,0.0025
2,100,21.5369863013699,0.0025
2,100,21.7013698630137,0.0025
2,100,21.8657534246575,0.0025
2,100,22.0301369863014,0.0025
2,100,22.1945205479452,0.0025
2,100,22.358904109589,0.0025
2,100,22.5232876712329,0.0025
2,100,22.6876712328767,0.003
2,100,22.8520547945205,0.003
2,100,23.0164383561644,0.003
2,100,23.1808219178082,0.003
2,100,23.3452054794521,0.003
2,100,23.5095890410959,0.0035
2,100,23.6739726027397,0.004
2,100,23.8383561643836,0.004
2,100,24.0027397260274,0.0045
2,100,24.1671232876712,0.0045
2,100,24.3315068493151,0.005
2,100,24.4958904109589,0.005
2,100,24.6602739726027,0.0055
2,100,24.8246575342466,0.0055
2,100,24.9890410958904,0.0055
2,100,25.1534246575342,0.0055
2,100,25.3178082191781,0.0055
2,100,25.4821917808219,0.0055
2,100,25.6465753424658,0.0055
2,100,25.8109589041096,0.0055
2,100,25.9753424657534,0.0055
2,100,26.1397260273973,0.0055
2,100,26.3041095890411,0.0055
2,100,26.4684931506849,0.0055
2,100,26.6328767123288,0.006
2,100,26.7972602739726,0.006
2,100,26.9616438356164,0.006
2,100,27.1260273972603,0.0065
2,100,27.2904109589041,0.0065
2,100,27.4547945205479,0.0065
2,100,27.6191780821918,0.0065
2,100,27.7835616438356,0.0065
2,100,27.9479452054795,0.007
2,100,28.1123287671233,0.007
2,100,28.2767123287671,0.007
2,100,28.441095890411,0.007
2,100,28.6054794520548,0.0075
2,100,28.7698630136986,0.0075
2,100,28.9342465753425,0.0075
2,100,29.0986301369863,0.0085
2,100,29.2630136986301,0.0085
2,100,29.427397260274,0.0085
2,100,29.5917808219178,0.009
2,100,29.7561643835616,0.0095
2,100,29.9205479452055,0.0095
2,100,30.0849315068493,0.0105
2,100,30.2493150684931,0.0105
2,100,30.413698630137,0.0105
2,100,30.5780821917808,0.011
2,100,30.7424657534247,0.011
2,100,30.9068493150685,0.0115
2,100,31.0712328767123,0.012
2,100,31.2356164383562,0.012
2,100,31.4,0.012
2,100,31.5643835616438,0.0125
2,100,31.7287671232877,0.0125
2,100,31.8931506849315,0.0125
2,100,32.0575342465753,0.013
2,100,32.2219178082192,0.013
2,100,32.386301369863,0.014
2,100,32.5506849315069,0.0145
2,100,32.7150684931507,0.0155
2,100,32.8794520547945,0.0155
2,100,33.0438356164384,0.0165
2,100,33.2082191780822,0.0165
2,100,33.372602739726,0.017
2,100,33.5369863013699,0.017
2,100,33.7013698630137,0.017
2,100,33.8657534246575,0.0175
2,100,34.0301369863014,0.0175
2,100,34.1945205479452,0.018
2,100,34.358904109589,0.019
2,100,34.5232876712329,0.0195
2,100,34.6876712328767,0.02
2,100,34.8520547945205,0.0205
2,100,35.0164383561644,0.021
2,100,35.1808219178082,0.021
2,100,35.3452054794521,0.0215
2,100,35.5095890410959,0.022
2,100,35.6739726027397,0.0225
2,100,35.8383561643836,0.023
2,100,36.0027397260274,0.023
2,100,36.1671232876712,0.023
2,100,36.3315068493151,0.023
2,100,36.4958904109589,0.023
2,100,36.6602739726027,0.0235
2,100,36.8246575342466,0.024
2,100,36.9890410958904,0.0245
2,100,37.1534246575342,0.025
2,100,37.3178082191781,0.026
2,100,37.4821917808219,0.027
2,100,37.6465753424658,0.0275
2,100,37.8109589041096,0.0275
2,100,37.9753424657534,0.0275
2,100,38.1397260273973,0.0275
2,100,38.3041095890411,0.028
2,100,38.4684931506849,0.028
2,100,38.6328767123288,0.0285
2,100,38.7972602739726,0.029
2,100,38.9616438356164,0.029
2,100,39.1260273972603,0.029
2,100,39.2904109589041,0.0305
2,100,39.4547945205479,0.031
2,100,39.6191780821918,0.031
2,100,39.7835616438356,0.031
2,100,39.9479452054794,0.031
2,100,40.1123287671233,0.0315
2,100,40.2767123287671,0.032
2,100,40.441095890411,0.032
2,100,40.6054794520548,0.0325
2,100,40.7698630136986,0.0325
2,100,40.9342465753425,0.0335
2,100,41.0986301369863,0.0335
2,100,41.2630136986301,0.0345
2,100,41.427397260274,0.035
2,100,41.5917808219178,0.035
2,100,41.7561643835616,0.0355
2,100,41.9205479452055,0.036
2,100,42.0849315068493,0.036
2,100,42.2493150684932,0.0365
2,100,42.413698630137,0.0365
2,100,42.5780821917808,0.037
2,100,42.7424657534247,0.037
2,100,42.9068493150685,0.0375
2,100,43.0712328767123,0.0385
2,100,43.2356164383562,0.039
2,100,43.4,0.04
2,100,43.5643835616438,0.041
2,100,43.7287671232877,0.041
2,100,43.8931506849315,0.041
2,100,44.0575342465753,0.041
2,100,44.2219178082192,0.042
2,100,44.386301369863,0.042
2,100,44.5506849315069,0.043
2,100,44.7150684931507,0.043
2,100,44.8794520547945,0.044
2,100,45.0438356164384,0.0455
2,100,45.2082191780822,0.046
2,100,45.372602739726,0.046
2,100,45.5369863013699,0.046
2,100,45.7013698630137,0.0465
2,100,45.8657534246575,0.0475
2,100,46.0301369863014,0.0475
2,100,46.1945205479452,0.048
2,100,46.358904109589,0.0485
2,100,46.5232876712329,0.049
2,100,46.6876712328767,0.05
2,100,46.8520547945205,0.0505
2,100,47.0164383561644,0.0505
2,100,47.1808219178082,0.051
2,100,47.3452054794521,0.0515
2,100,47.5095890410959,0.0515
2,100,47.6739726027397,0.053
2,100,47.8383561643836,0.0545
2,100,48.0027397260274,0.0545
2,100,48.1671232876712,0.0545
2,100,48.3315068493151,0.0545
2,100,48.4958904109589,0.055
2,100,48.6602739726027,0.0555
2,100,48.8246575342466,0.0555
2,100,48.9890410958904,0.0565
2,100,49.1534246575342,0.0575
2,100,49.3178082191781,0.058
2,100,49.4821917808219,0.058
2,100,49.6465753424658,0.058
2,100,49.8109589041096,0.0585
2,100,49.9753424657534,0.059
2,200,0.00273972602739726,0
2,200,0.167123287671233,0
2,200,0.331506849315069,0
2,200,0.495890410958904,0
2,200,0.66027397260274,0
2,200,0.824657534246575,0
2,200,0.989041095890411,0
2,200,1.15342465753425,0
2,200,1.31780821917808,0
2,200,1.48219178082192,0
2,200,1.64657534246575,0
2,200,1.81095890410959,0
2,200,1.97534246575342,0
2,200,2.13972602739726,0
2,200,2.3041095890411,0
2,200,2.46849315068493,0
2,200,2.63287671232877,0
2,200,2.7972602739726,0
2,200,2.96164383561644,0
2,200,3.12602739726027,0
2,200,3.29041095890411,0
2,200,3.45479452054795,0
2,200,3.61917808219178,0
2,200,3.78356164383562,0
2,200,3.94794520547945,0
2,200,4.11232876712329,0
2,200,4.27671232876712,0
2,200,4.44109589041096,0
2,200,4.60547945205479,0
2,200,4.76986301369863,0
2,200,4.93424657534247,0
2,200,5.0986301369863,0
2,200,5.26301369863014,0
2,200,5.42739726027397,0
2,200,5.59178082191781,0
2,200,5.75616438356164,0
2,200,5.92054794520548,0
2,200,6.08493150684932,0
2,200,6.24931506849315,0
2,200,6.41369863013699,0
2,200,6.57808219178082,0
2,200,6.74246575342466,0
2,200,6.90684931506849,0
2,200,7.07123287671233,0
2,200,7.23561643835616,0
2,200,7.4,0
2,200,7.56438356164384,0
2,200,7.72876712328767,0
2,200,7.89315068493151,0
2,200,8.05753424657534,0
2,200,8.22191780821918,0
2,200,8.38630136986301,0
2,200,8.55068493150685,0
2,200,8.71506849315069,0
2,200,8.87945205479452,0
2,200,9.04383561643836,0
2,200,9.20821917808219,0
2,200,9.37260273972603,0
2,200,9.53698630136986,0
2,200,9.7013698630137,0
2,200,9.86575342465753,0
2,200,10.0301369863014,0
2,200,10.1945205479452,0
2,200,10.358904109589,0
2,200,10.5232876712329,0
2,200,10.6876712328767,0
2,200,10.8520547945205,0
2,200,11.0164383561644,0
2,200,11.1808219178082,0
2,200,11.3452054794521,0
2,200,11.5095890410959,0
2,200,11.6739726027397,0
2,200,11.8383561643836,0
2,200,12.0027397260274,0
2,200,12.1671232876712,0
2,200,12.3315068493151,0
2,200,12.4958904109589,0
2,200,12.6602739726027,0
2,200,12.8246575342466,0
2,200,12.9890410958904,0
2,200,13.1534246575342,0
2,200,13.3178082191781,0
2,200,13.4821917808219,0
2,200,13.6465753424658,0
2,200,13.8109589041096,0
2,200,13.9753424657534,0
2,200,14.1397260273973,0
2,200,14.3041095890411,0
2,200,14.4684931506849,0
2,200,14.6328767123288,0
2,200,14.7972602739726,0
2,200,14.9616438356164,0
2,200,15.1260273972603,0
2,200,15.2904109589041,0
2,200,15.4547945205479,0
2,200,15.6191780821918,0
2,200,15.7835616438356,0
2,200,15.9479452054795,0
2,200,16.1123287671233,0
2,200,16.2767123287671,0
2,200,16.441095890411,0
2,200,16.6054794520548,0
2,200,16.7698630136986,0
2,200,16.9342465753425,0
2,200,17.0986301369863,0
2,200,17.2630136986301,0
2,200,17.427397260274,0
2,200,17.5917808219178,0
2,200,17.7561643835616,0
2,200,17.9205479452055,0
2,200,18.0849315068493,0
2,200,18.2493150684931,0
2,200,18.413698630137,0
2,200,18.5780821917808,0
2,200,18.7424657534247,0
2,200,18.9068493150685,0
2,200,19.0712328767123,0
2,200,19.2356164383562,0
2,200,19.4,0
2,200,19.5643835616438,0
2,200,19.7287671232877,0
2,200,19.8931506849315,0
2,200,20.0575342465753,0
2,200,20.2219178082192,0
2,200,20.386301369863,0
2,200,20.5506849315069,0
2,200,20.7150684931507,0
2,200,20.8794520547945,0
2,200,21.0438356164384,0
2,200,21.2082191780822,0
2,200,21.372602739726,0
2,200,21.5369863013699,0
2,200,21.7013698630137,0
2,200,21.8657534246575,0
2,200,22.0301369863014,0
2,200,22.1945205479452,0
2,200,22.358904109589,0
2,200,22.5232876712329,0
2,200,22.6876712328767,0
2,200,22.8520547945205,0
2,200,23.0164383561644,0
2,200,23.1808219178082,0
2,200,23.3452054794521,0
2,200,23.5095890410959,0
2,200,23.6739726027397,0
2,200,23.8383561643836,0
2,200,24.0027397260274,0
2,200,24.1671232876712,0
2,200,24.3315068493151,0
2,200,24.4958904109589,0
2,200,24.6602739726027,0
2,200,24.8246575342466,0
2,200,24.9890410958904,0
2,200,25.1534246575342,0
2,200,25.3178082191781,0
2,200,25.4821917808219,0
2,200,25.6465753424658,0
2,200,25.8109589041096,0
2,200,25.9753424657534,0
2,200,26.1397260273973,0
2,200,26.3041095890411,0
2,200,26.4684931506849,0
2,200,26.6328767123288,0
2,200,26.7972602739726,0
2,200,26.9616438356164,0
2,200,27.1260273972603,0
2,200,27.2904109589041,0
2,200,27.4547945205479,0
2,200,27.6191780821918,0
2,200,27.7835616438356,0
2,200,27.9479452054795,0
2,200,28.1123287671233,0
2,200,28.2767123287671,0
2,200,28.441095890411,0
2,200,28.6054794520548,0
2,200,28.7698630136986,0
2,200,28.9342465753425,0
2,200,29.0986301369863,0
2,200,29.2630136986301,0
2,200,29.427397260274,0
2,200,29.5917808219178,0
2,200,29.7561643835616,0
2,200,29.9205479452055,0
2,200,30.0849315068493,0
2,200,30.2493150684931,0
2,200,30.413698630137,0
2,200,30.5780821917808,0
2,200,30.7424657534247,0
2,200,30.9068493150685,0
2,200,31.0712328767123,0
2,200,31.2356164383562,0
2,200,31.4,0
2,200,31.5643835616438,0
2,200,31.7287671232877,0
2,200,31.8931506849315,0
2,200,32.0575342465753,0
2,200,32.2219178082192,0
2,200,32.386301369863,0
2,200,32.5506849315069,0
2,200,32.7150684931507,0
2,200,32.8794520547945,0
2,200,33.0438356164384,0
2,200,33.2082191780822,0
2,200,33.372602739726,0
2,200,33.5369863013699,0
2,200,33.7013698630137,0
2,200,33.8657534246575,0
2,200,34.0301369863014,0
2,200,34.1945205479452,0
2,200,34.358904109589,0
2,200,34.5232876712329,0
2,200,34.6876712328767,0
2,200,34.8520547945205,0
2,200,35.0164383561644,0
2,200,35.1808219178082,0
2,200,35.3452054794521,0
2,200,35.5095890410959,0
2,200,35.6739726027397,0
2,200,35.8383561643836,0
2,200,36.0027397260274,0
2,200,36.1671232876712,0
2,200,36.3315068493151,0
2,200,36.4958904109589,0
2,200,36.6602739726027,0
2,200,36.8246575342466,0
2,200,36.9890410958904,0
2,200,37.1534246575342,0
2,200,37.3178082191781,0
2,200,37.4821917808219,0
2,200,37.6465753424658,0
2,200,37.8109589041096,0
2,200,37.9753424657534,0
2,200,38.1397260273973,0
2,200,38.3041095890411,0
2,200,38.4684931506849,0
2,200,38.6328767123288,0
2,200,38.7972602739726,0
2,200,38.9616438356164,0
2,200,39.1260273972603,0
2,200,39.2904109589041,0
2,200,39.4547945205479,0
2,200,39.6191780821918,0
2,200,39.7835616438356,0
2,200,39.9479452054794,0
2,200,40.1123287671233,0
2,200,40.2767123287671,0
2,200,40.441095890411,0
2,200,40.6054794520548,0
2,200,40.7698630136986,0
2,200,40.9342465753425,0
2,200,41.0986301369863,0
2,200,41.2630136986301,0
2,200,41.427397260274,0
2,200,41.5917808219178,0
2,200,41.7561643835616,0
2,200,41.9205479452055,0
2,200,42.0849315068493,0
2,200,42.2493150684932,0
2,200,42.413698630137,0
2,200,42.5780821917808,0
2,200,42.7424657534247,0
2,200,42.9068493150685,0
2,200,43.0712328767123,0
2,200,43.2356164383562,0
2,200,43.4,0
2,200,43.5643835616438,0
2,200,43.7287671232877,0
2,200,43.8931506849315,0
2,200,44.0575342465753,0
2,200,44.2219178082192,0
2,200,44.386301369863,0
2,200,44.5506849315069,0
2,200,44.7150684931507,0
2,200,44.8794520547945,0
2,200,45.0438356164384,0
2,200,45.2082191780822,5e-04
2,200,45.372602739726,5e-04
2,200,45.5369863013699,5e-04
2,200,45.7013698630137,5e-04
2,200,45.8657534246575,5e-04
2,200,46.0301369863014,5e-04
2,200,46.1945205479452,5e-04
2,200,46.358904109589,5e-04
2,200,46.5232876712329,5e-04
2,200,46.6876712328767,5e-04
2,200,46.8520547945205,5e-04
2,200,47.0164383561644,5e-04
2,200,47.1808219178082,5e-04
2,200,47.3452054794521,5e-04
2,200,47.5095890410959,5e-04
2,200,47.6739726027397,5e-04
2,200,47.8383561643836,5e-04
2,200,48.0027397260274,5e-04
2,200,48.1671232876712,5e-04
2,200,48.3315068493151,5e-04
2,200,48.4958904109589,5e-04
2,200,48.6602739726027,5e-04
2,200,48.8246575342466,5e-04
2,200,48.9890410958904,5e-04
2,200,49.1534246575342,5e-04
2,200,49.3178082191781,5e-04
2,200,49.4821917808219,5e-04
2,200,49.6465753424658,5e-04
2,200,49.8109589041096,5e-04
2,200,49.9753424657534,5e-04
3,10,0.00273972602739726,0
3,10,0.167123287671233,0
3,10,0.331506849315069,0
3,10,0.495890410958904,0
3,10,0.66027397260274,0
3,10,0.824657534246575,0
3,10,0.989041095890411,0
3,10,1.15342465753425,0
3,10,1.31780821917808,0
3,10,1.48219178082192,5e-04
3,10,1.64657534246575,5e-04
3,10,1.81095890410959,5e-04
3,10,1.97534246575342,5e-04
3,10,2.13972602739726,0.001
3,10,2.3041095890411,0.001
3,10,2.46849315068493,0.001
3,10,2.63287671232877,0.001
3,10,2.7972602739726,0.001
3,10,2.96164383561644,0.001
3,10,3.12602739726027,0.002
3,10,3.29041095890411,0.003
3,10,3.45479452054795,0.004
3,10,3.61917808219178,0.0055
3,10,3.78356164383562,0.008
3,10,3.94794520547945,0.0105
3,10,4.11232876712329,0.013
3,10,4.27671232876712,0.015
3,10,4.44109589041096,0.0165
3,10,4.60547945205479,0.0185
3,10,4.76986301369863,0.0205
3,10,4.93424657534247,0.021
3,10,5.0986301369863,0.024
3,10,5.26301369863014,0.027
3,10,5.42739726027397,0.03
3,10,5.59178082191781,0.034
3,10,5.75616438356164,0.0355
3,10,5.92054794520548,0.038
3,10,6.08493150684932,0.042
3,10,6.24931506849315,0.046
3,10,6.41369863013699,0.0495
3,10,6.57808219178082,0.0535
3,10,6.74246575342466,0.0560280140070035
3,10,6.90684931506849,0.06
3,10,7.07123287671233,0.0635
3,10,7.23561643835616,0.066
3,10,7.4,0.069
3,10,7.56438356164384,0.072
3,10,7.72876712328767,0.0775
3,10,7.89315068493151,0.0805
3,10,8.05753424657534,0.083
3,10,8.22191780821918,0.086
3,10,8.38630136986301,0.0905
3,10,8.55068493150685,0.0945
3,10,8.71506849315069,0.0995
3,10,8.87945205479452,0.1035
3,10,9.04383561643836,0.109
3,10,9.20821917808219,0.115
3,10,9.37260273972603,0.1195
3,10,9.53698630136986,0.125
3,10,9.7013698630137,0.131
3,10,9.86575342465753,0.136
3,10,10.0301369863014,0.142
3,10,10.1945205479452,0.1445
3,10,10.358904109589,0.1485
3,10,10.5232876712329,0.15
3,10,10.6876712328767,0.155
3,10,10.8520547945205,0.162
3,10,11.0164383561644,0.165
3,10,11.1808219178082,0.173
3,10,11.3452054794521,0.1785
3,10,11.5095890410959,0.182
3,10,11.6739726027397,0.189
3,10,11.8383561643836,0.191595797898949
3,10,12.0027397260274,0.196098049024512
3,10,12.1671232876712,0.200100050025012
3,10,12.3315068493151,0.2055
3,10,12.4958904109589,0.2125
3,10,12.6602739726027,0.216
3,10,12.8246575342466,0.2235
3,10,12.9890410958904,0.23
3,10,13.1534246575342,0.233
3,10,13.3178082191781,0.2395
3,10,13.4821917808219,0.246
3,10,13.6465753424658,0.252
3,10,13.8109589041096,0.2575
3,10,13.9753424657534,0.26
3,10,14.1397260273973,0.2625
3,10,14.3041095890411,0.2675
3,10,14.4684931506849,0.273
3,10,14.6328767123288,0.277
3,10,14.7972602739726,0.2805
3,10,14.9616438356164,0.287
3,10,15.1260273972603,0.292
3,10,15.2904109589041,0.299
3,10,15.4547945205479,0.305
3,10,15.6191780821918,0.3085
3,10,15.7835616438356,0.312
3,10,15.9479452054795,0.316
3,10,16.1123287671233,0.32
3,10,16.2767123287671,0.324
3,10,16.441095890411,0.3295
3,10,16.6054794520548,0.3355
3,10,16.7698630136986,0.3405
3,10,16.9342465753425,0.344
3,10,17.0986301369863,0.347
3,10,17.2630136986301,0.3485
3,10,17.427397260274,0.3525
3,10,17.5917808219178,0.355
3,10,17.7561643835616,0.3595
3,10,17.9205479452055,0.363
3,10,18.0849315068493,0.366
3,10,18.2493150684931,0.3685
3,10,18.413698630137,0.3745
3,10,18.5780821917808,0.3775
3,10,18.7424657534247,0.3835
3,10,18.9068493150685,0.39
3,10,19.0712328767123,0.395
3,10,19.2356164383562,0.4
3,10,19.4,0.4025
3,10,19.5643835616438,0.4035
3,10,19.7287671232877,0.4065
3,10,19.8931506849315,0.412
3,10,20.0575342465753,0.4155
3,10,20.2219178082192,0.4175
3,10,20.386301369863,0.4215
3,10,20.5506849315069,0.427
3,10,20.7150684931507,0.4305
3,10,20.8794520547945,0.435
3,10,21.0438356164384,0.44
3,10,21.2082191780822,0.444
3,10,21.372602739726,0.4495
3,10,21.5369863013699,0.454
3,10,21.7013698630137,0.4575
3,10,21.8657534246575,0.4595
3,10,22.0301369863014,0.463
3,10,22.1945205479452,0.466
3,10,22.358904109589,0.4705
3,10,22.5232876712329,0.474
3,10,22.6876712328767,0.478
3,10,22.8520547945205,0.481
3,10,23.0164383561644,0.484
3,10,23.1808219178082,0.4865
3,10,23.3452054794521,0.489
3,10,23.5095890410959,0.491
3,10,23.6739726027397,0.493
3,10,23.8383561643836,0.497
3,10,24.0027397260274,0.5025
3,10,24.1671232876712,0.5085
3,10,24.3315068493151,0.51
3,10,24.4958904109589,0.5145
3,10,24.6602739726027,0.518
3,10,24.8246575342466,0.5205
3,10,24.9890410958904,0.5245
3,10,25.1534246575342,0.527
3,10,25.3178082191781,0.5325
3,10,25.4821917808219,0.5345
3,10,25.6465753424658,0.5385
3,10,25.8109589041096,0.5415
3,10,25.9753424657534,0.5445
3,10,26.1397260273973,0.5485
3,10,26.3041095890411,0.55
3,10,26.4684931506849,0.5545
3,10,26.6328767123288,0.5585
3,10,26.7972602739726,0.561
3,10,26.9616438356164,0.5645
3,10,27.1260273972603,0.568
3,10,27.2904109589041,0.5715
3,10,27.4547945205479,0.575
3,10,27.6191780821918,0.578
3,10,27.7835616438356,0.5805
3,10,27.9479452054795,0.583291645822911
3,10,28.1123287671233,0.587
3,10,28.2767123287671,0.5895
3,10,28.441095890411,0.591
3,10,28.6054794520548,0.5935
3,10,28.7698630136986,0.5965
3,10,28.9342465753425,0.6015
3,10,29.0986301369863,0.603
3,10,29.2630136986301,0.6055
3,10,29.427397260274,0.6088044022011
3,10,29.5917808219178,0.612806403201601
3,10,29.7561643835616,0.614807403701851
3,10,29.9205479452055,0.6175
3,10,30.0849315068493,0.621
3,10,30.2493150684931,0.6235
3,10,30.413698630137,0.627
3,10,30.5780821917808,0.63
3,10,30.7424657534247,0.634
3,10,30.9068493150685,0.6355
3,10,31.0712328767123,0.6385
3,10,31.2356164383562,0.641
3,10,31.4,0.644
3,10,31.5643835616438,0.646
3,10,31.7287671232877,0.6475
3,10,31.8931506849315,0.651
3,10,32.0575342465753,0.652
3,10,32.2219178082192,0.6535
3,10,32.386301369863,0.654
3,10,32.5506849315069,0.6575
3,10,32.7150684931507,0.6595
3,10,32.8794520547945,0.663
3,10,33.0438356164384,0.665
3,10,33.2082191780822,0.666
3,10,33.372602739726,0.667
3,10,33.5369863013699,0.6685
3,10,33.7013698630137,0.6715
3,10,33.8657534246575,0.6745
3,10,34.0301369863014,0.6795
3,10,34.1945205479452,0.6835
3,10,34.358904109589,0.685
3,10,34.5232876712329,0.687
3,10,34.6876712328767,0.6885
3,10,34.8520547945205,0.692
3,10,35.0164383561644,0.696
3,10,35.1808219178082,0.698
3,10,35.3452054794521,0.7
3,10,35.5095890410959,0.7015
3,10,35.6739726027397,0.7035
3,10,35.8383561643836,0.7055
3,10,36.0027397260274,0.7075
3,10,36.1671232876712,0.709
3,10,36.3315068493151,0.712
3,10,36.4958904109589,0.714
3,10,36.6602739726027,0.71535767883942
3,10,36.8246575342466,0.71735867933967
3,10,36.9890410958904,0.719219219219219
3,10,37.1534246575342,0.720860430215108
3,10,37.3178082191781,0.721721721721722
3,10,37.4821917808219,0.722
3,10,37.6465753424658,0.7225
3,10,37.8109589041096,0.7245
3,10,37.9753424657534,0.727
3,10,38.1397260273973,0.729
3,10,38.3041095890411,0.7305
3,10,38.4684931506849,0.7325
3,10,38.6328767123288,0.7335
3,10,38.7972602739726,0.7355
3,10,38.9616438356164,0.737
3,10,39.1260273972603,0.7395
3,10,39.2904109589041,0.7405
3,10,39.4547945205479,0.741870935467734
3,10,39.6191780821918,0.743371685842921
3,10,39.7835616438356,0.746873436718359
3,10,39.9479452054794,0.748374187093547
3,10,40.1123287671233,0.749374687343672
3,10,40.2767123287671,0.752
3,10,40.441095890411,0.757
3,10,40.6054794520548,0.7575
3,10,40.7698630136986,0.758
3,10,40.9342465753425,0.761
3,10,41.0986301369863,0.7635
3,10,41.2630136986301,0.7665
3,10,41.427397260274,0.7665
3,10,41.5917808219178,0.769
3,10,41.7561643835616,0.771
3,10,41.9205479452055,0.772386193096548
3,10,42.0849315068493,0.775
3,10,42.2493150684932,0.774887443721861
3,10,42.413698630137,0.7755
3,10,42.5780821917808,0.777
3,10,42.7424657534247,0.779
3,10,42.9068493150685,0.78
3,10,43.0712328767123,0.7815
3,10,43.2356164383562,0.783
3,10,43.4,0.7865
3,10,43.5643835616438,0.787
3,10,43.7287671232877,0.788
3,10,43.8931506849315,0.79
3,10,44.0575342465753,0.7905
3,10,44.2219178082192,0.792
3,10,44.386301369863,0.792
3,10,44.5506849315069,0.794
3,10,44.7150684931507,0.795
3,10,44.8794520547945,0.7965
3,10,45.0438356164384,0.7985
3,10,45.2082191780822,0.7995
3,10,45.372602739726,0.8
3,10,45.5369863013699,0.8015
3,10,45.7013698630137,0.8035
3,10,45.8657534246575,0.805
3,10,46.0301369863014,0.8065
3,10,46.1945205479452,0.808
3,10,46.358904109589,0.8095
3,10,46.5232876712329,0.812
3,10,46.6876712328767,0.812
3,10,46.8520547945205,0.814
3,10,47.0164383561644,0.816
3,10,47.1808219178082,0.8165
3,10,47.3452054794521,0.8175
3,10,47.5095890410959,0.8185
3,10,47.6739726027397,0.82
3,10,47.8383561643836,0.821
3,10,48.0027397260274,0.8215
3,10,48.1671232876712,0.823
3,10,48.3315068493151,0.8235
3,10,48.4958904109589,0.825
3,10,48.6602739726027,0.8255
3,10,48.8246575342466,0.826
3,10,48.9890410958904,0.828
3,10,49.1534246575342,0.829
3,10,49.3178082191781,0.83
3,10,49.4821917808219,0.8305
3,10,49.6465753424658,0.8315
3,10,49.8109589041096,0.832
3,10,49.9753424657534,0.833
3,20,0.00273972602739726,0
3,20,0.167123287671233,0
3,20,0.331506849315069,0
3,20,0.495890410958904,0
3,20,0.66027397260274,0
3,20,0.824657534246575,0
3,20,0.989041095890411,0
3,20,1.15342465753425,0
3,20,1.31780821917808,0
3,20,1.48219178082192,0
3,20,1.64657534246575,0
3,20,1.81095890410959,0
3,20,1.97534246575342,0
3,20,2.13972602739726,0
3,20,2.3041095890411,0
3,20,2.46849315068493,0
3,20,2.63287671232877,0
3,20,2.7972602739726,0
3,20,2.96164383561644,0
3,20,3.12602739726027,0
3,20,3.29041095890411,0
3,20,3.45479452054795,0
3,20,3.61917808219178,0
3,20,3.78356164383562,5e-04
3,20,3.94794520547945,5e-04
3,20,4.11232876712329,5e-04
3,20,4.27671232876712,5e-04
3,20,4.44109589041096,5e-04
3,20,4.60547945205479,5e-04
3,20,4.76986301369863,0.001
3,20,4.93424657534247,0.0015
3,20,5.0986301369863,0.0015
3,20,5.26301369863014,0.0015
3,20,5.42739726027397,0.0015
3,20,5.59178082191781,0.0015
3,20,5.75616438356164,0.0015
3,20,5.92054794520548,0.0025
3,20,6.08493150684932,0.004
3,20,6.24931506849315,0.004
3,20,6.41369863013699,0.004
3,20,6.57808219178082,0.0045
3,20,6.74246575342466,0.005
3,20,6.90684931506849,0.0055
3,20,7.07123287671233,0.0055
3,20,7.23561643835616,0.006
3,20,7.4,0.0065
3,20,7.56438356164384,0.0085
3,20,7.72876712328767,0.0085
3,20,7.89315068493151,0.0095
3,20,8.05753424657534,0.0095
3,20,8.22191780821918,0.0095
3,20,8.38630136986301,0.01
3,20,8.55068493150685,0.0105
3,20,8.71506849315069,0.0105
3,20,8.87945205479452,0.0105
3,20,9.04383561643836,0.0115
3,20,9.20821917808219,0.0115
3,20,9.37260273972603,0.0125
3,20,9.53698630136986,0.014
3,20,9.7013698630137,0.0145
3,20,9.86575342465753,0.015
3,20,10.0301369863014,0.016
3,20,10.1945205479452,0.018
3,20,10.358904109589,0.0185
3,20,10.5232876712329,0.0185
3,20,10.6876712328767,0.0195
3,20,10.8520547945205,0.0225
3,20,11.0164383561644,0.0235
3,20,11.1808219178082,0.025
3,20,11.3452054794521,0.025
3,20,11.5095890410959,0.0255
3,20,11.6739726027397,0.028
3,20,11.8383561643836,0.029
3,20,12.0027397260274,0.0305
3,20,12.1671232876712,0.032
3,20,12.3315068493151,0.033
3,20,12.4958904109589,0.0335
3,20,12.6602739726027,0.0355
3,20,12.8246575342466,0.0375
3,20,12.9890410958904,0.04
3,20,13.1534246575342,0.0425
3,20,13.3178082191781,0.043
3,20,13.4821917808219,0.046
3,20,13.6465753424658,0.046
3,20,13.8109589041096,0.0475
3,20,13.9753424657534,0.0495
3,20,14.1397260273973,0.0525
3,20,14.3041095890411,0.0565
3,20,14.4684931506849,0.059
3,20,14.6328767123288,0.0595
3,20,14.7972602739726,0.0615
3,20,14.9616438356164,0.064
3,20,15.1260273972603,0.068
3,20,15.2904109589041,0.07
3,20,15.4547945205479,0.0715
3,20,15.6191780821918,0.0755
3,20,15.7835616438356,0.077
3,20,15.9479452054795,0.0785
3,20,16.1123287671233,0.081
3,20,16.2767123287671,0.083
3,20,16.441095890411,0.085
3,20,16.6054794520548,0.087
3,20,16.7698630136986,0.0895
3,20,16.9342465753425,0.0925
3,20,17.0986301369863,0.0945
3,20,17.2630136986301,0.0985
3,20,17.427397260274,0.1005
3,20,17.5917808219178,0.101
3,20,17.7561643835616,0.1015
3,20,17.9205479452055,0.103
3,20,18.0849315068493,0.105
3,20,18.2493150684931,0.1055
3,20,18.413698630137,0.1065
3,20,18.5780821917808,0.111
3,20,18.7424657534247,0.114
3,20,18.9068493150685,0.115
3,20,19.0712328767123,0.116
3,20,19.2356164383562,0.118
3,20,19.4,0.119
3,20,19.5643835616438,0.121
3,20,19.7287671232877,0.1215
3,20,19.8931506849315,0.1225
3,20,20.0575342465753,0.1235
3,20,20.2219178082192,0.1255
3,20,20.386301369863,0.1275
3,20,20.5506849315069,0.1305
3,20,20.7150684931507,0.134
3,20,20.8794520547945,0.137
3,20,21.0438356164384,0.1395
3,20,21.2082191780822,0.141
3,20,21.372602739726,0.1415
3,20,21.5369863013699,0.143
3,20,21.7013698630137,0.1455
3,20,21.8657534246575,0.1495
3,20,22.0301369863014,0.1505
3,20,22.1945205479452,0.1515
3,20,22.358904109589,0.1535
3,20,22.5232876712329,0.156
3,20,22.6876712328767,0.1565
3,20,22.8520547945205,0.1585
3,20,23.0164383561644,0.159
3,20,23.1808219178082,0.1615
3,20,23.3452054794521,0.165
3,20,23.5095890410959,0.1665
3,20,23.6739726027397,0.168
3,20,23.8383561643836,0.169
3,20,24.0027397260274,0.1715
3,20,24.1671232876712,0.174
3,20,24.3315068493151,0.175
3,20,24.4958904109589,0.1775
3,20,24.6602739726027,0.18
3,20,24.8246575342466,0.1825
3,20,24.9890410958904,0.1845
3,20,25.1534246575342,0.186
3,20,25.3178082191781,0.188
3,20,25.4821917808219,0.19
3,20,25.6465753424658,0.191
3,20,25.8109589041096,0.1935
3,20,25.9753424657534,0.1945
3,20,26.1397260273973,0.1965
3,20,26.3041095890411,0.1975
3,20,26.4684931506849,0.1985
3,20,26.6328767123288,0.201
3,20,26.7972602739726,0.2015
3,20,26.9616438356164,0.2025
3,20,27.1260273972603,0.2045
3,20,27.2904109589041,0.207
3,20,27.4547945205479,0.2095
3,20,27.6191780821918,0.2115
3,20,27.7835616438356,0.214
3,20,27.9479452054795,0.218
3,20,28.1123287671233,0.2195
3,20,28.2767123287671,0.2205
3,20,28.441095890411,0.222
3,20,28.6054794520548,0.2245
3,20,28.7698630136986,0.2265
3,20,28.9342465753425,0.229
3,20,29.0986301369863,0.232
3,20,29.2630136986301,0.234
3,20,29.427397260274,0.235
3,20,29.5917808219178,0.2375
3,20,29.7561643835616,0.239
3,20,29.9205479452055,0.24
3,20,30.0849315068493,0.2405
3,20,30.2493150684931,0.2425
3,20,30.413698630137,0.2455
3,20,30.5780821917808,0.246
3,20,30.7424657534247,0.248
3,20,30.9068493150685,0.2505
3,20,31.0712328767123,0.254
3,20,31.2356164383562,0.257
3,20,31.4,0.2585
3,20,31.5643835616438,0.2605
3,20,31.7287671232877,0.263
3,20,31.8931506849315,0.265
3,20,32.0575342465753,0.268
3,20,32.2219178082192,0.269
3,20,32.386301369863,0.27
3,20,32.5506849315069,0.2715
3,20,32.7150684931507,0.2725
3,20,32.8794520547945,0.2745
3,20,33.0438356164384,0.2785
3,20,33.2082191780822,0.281
3,20,33.372602739726,0.282
3,20,33.5369863013699,0.2825
3,20,33.7013698630137,0.283
3,20,33.8657534246575,0.2835
3,20,34.0301369863014,0.285
3,20,34.1945205479452,0.287
3,20,34.358904109589,0.2875
3,20,34.5232876712329,0.2875
3,20,34.6876712328767,0.2895
3,20,34.8520547945205,0.291
3,20,35.0164383561644,0.2915
3,20,35.1808219178082,0.2955
3,20,35.3452054794521,0.297
3,20,35.5095890410959,0.298
3,20,35.6739726027397,0.3005
3,20,35.8383561643836,0.3035
3,20,36.0027397260274,0.3045
3,20,36.1671232876712,0.3045
3,20,36.3315068493151,0.3055
3,20,36.4958904109589,0.3065
3,20,36.6602739726027,0.3085
3,20,36.8246575342466,0.3105
3,20,36.9890410958904,0.3135
3,20,37.1534246575342,0.314
3,20,37.3178082191781,0.3155
3,20,37.4821917808219,0.3175
3,20,37.6465753424658,0.3175
3,20,37.8109589041096,0.3185
3,20,37.9753424657534,0.321
3,20,38.1397260273973,0.323
3,20,38.3041095890411,0.3255
3,20,38.4684931506849,0.3265
3,20,38.6328767123288,0.3295
3,20,38.7972602739726,0.33
3,20,38.9616438356164,0.3305
3,20,39.1260273972603,0.333
3,20,39.2904109589041,0.3345
3,20,39.4547945205479,0.335
3,20,39.6191780821918,0.336
3,20,39.7835616438356,0.338
3,20,39.9479452054794,0.3415
3,20,40.1123287671233,0.3435
3,20,40.2767123287671,0.344
3,20,40.441095890411,0.345
3,20,40.6054794520548,0.348
3,20,40.7698630136986,0.349
3,20,40.9342465753425,0.3505
3,20,41.0986301369863,0.353
3,20,41.2630136986301,0.355
3,20,41.427397260274,0.356
3,20,41.5917808219178,0.356
3,20,41.7561643835616,0.357
3,20,41.9205479452055,0.358
3,20,42.0849315068493,0.361
3,20,42.2493150684932,0.362
3,20,42.413698630137,0.363
3,20,42.5780821917808,0.3635
3,20,42.7424657534247,0.3655
3,20,42.9068493150685,0.3665
3,20,43.0712328767123,0.368
3,20,43.2356164383562,0.3705
3,20,43.4,0.373
3,20,43.5643835616438,0.374
3,20,43.7287671232877,0.3765
3,20,43.8931506849315,0.377
3,20,44.0575342465753,0.377
3,20,44.2219178082192,0.378
3,20,44.386301369863,0.3795
3,20,44.5506849315069,0.3815
3,20,44.7150684931507,0.3825
3,20,44.8794520547945,0.3845
3,20,45.0438356164384,0.3845
3,20,45.2082191780822,0.3865
3,20,45.372602739726,0.3875
3,20,45.5369863013699,0.3885
3,20,45.7013698630137,0.391
3,20,45.8657534246575,0.3925
3,20,46.0301369863014,0.395
3,20,46.1945205479452,0.397
3,20,46.358904109589,0.3985
3,20,46.5232876712329,0.4005
3,20,46.6876712328767,0.4015
3,20,46.8520547945205,0.402
3,20,47.0164383561644,0.4025
3,20,47.1808219178082,0.404
3,20,47.3452054794521,0.405
3,20,47.5095890410959,0.407
3,20,47.6739726027397,0.4075
3,20,47.8383561643836,0.409
3,20,48.0027397260274,0.41
3,20,48.1671232876712,0.4115
3,20,48.3315068493151,0.4125
3,20,48.4958904109589,0.4135
3,20,48.6602739726027,0.415
3,20,48.8246575342466,0.417
3,20,48.9890410958904,0.4185
3,20,49.1534246575342,0.419
3,20,49.3178082191781,0.422
3,20,49.4821917808219,0.4235
3,20,49.6465753424658,0.424
3,20,49.8109589041096,0.4245
3,20,49.9753424657534,0.425
3,50,0.00273972602739726,0
3,50,0.167123287671233,0
3,50,0.331506849315069,0
3,50,0.495890410958904,0
3,50,0.66027397260274,0
3,50,0.824657534246575,0
3,50,0.989041095890411,0
3,50,1.15342465753425,0
3,50,1.31780821917808,0
3,50,1.48219178082192,0
3,50,1.64657534246575,0
3,50,1.81095890410959,0
3,50,1.97534246575342,0
3,50,2.13972602739726,0
3,50,2.3041095890411,0
3,50,2.46849315068493,0
3,50,2.63287671232877,0
3,50,2.7972602739726,0
3,50,2.96164383561644,0
3,50,3.12602739726027,0
3,50,3.29041095890411,0
3,50,3.45479452054795,0
3,50,3.61917808219178,0
3,50,3.78356164383562,0
3,50,3.94794520547945,0
3,50,4.11232876712329,0
3,50,4.27671232876712,0
3,50,4.44109589041096,0
3,50,4.60547945205479,0
3,50,4.76986301369863,0
3,50,4.93424657534247,0
3,50,5.0986301369863,0
3,50,5.26301369863014,0
3,50,5.42739726027397,0
3,50,5.59178082191781,0
3,50,5.75616438356164,0
3,50,5.92054794520548,0
3,50,6.08493150684932,0
3,50,6.24931506849315,0
3,50,6.41369863013699,0
3,50,6.57808219178082,0
3,50,6.74246575342466,0
3,50,6.90684931506849,0
3,50,7.07123287671233,0
3,50,7.23561643835616,0
3,50,7.4,0
3,50,7.56438356164384,0
3,50,7.72876712328767,0
3,50,7.89315068493151,0
3,50,8.05753424657534,0
3,50,8.22191780821918,0
3,50,8.38630136986301,0
3,50,8.55068493150685,0
3,50,8.71506849315069,0
3,50,8.87945205479452,0
3,50,9.04383561643836,0
3,50,9.20821917808219,0
3,50,9.37260273972603,0
3,50,9.53698630136986,0
3,50,9.7013698630137,0
3,50,9.86575342465753,0
3,50,10.0301369863014,0
3,50,10.1945205479452,0
3,50,10.358904109589,0
3,50,10.5232876712329,0
3,50,10.6876712328767,0
3,50,10.8520547945205,0
3,50,11.0164383561644,0
3,50,11.1808219178082,0
3,50,11.3452054794521,0
3,50,11.5095890410959,0
3,50,11.6739726027397,0
3,50,11.8383561643836,0
3,50,12.0027397260274,0
3,50,12.1671232876712,0
3,50,12.3315068493151,0
3,50,12.4958904109589,0
3,50,12.6602739726027,0
3,50,12.8246575342466,0
3,50,12.9890410958904,0
3,50,13.1534246575342,0
3,50,13.3178082191781,0
3,50,13.4821917808219,0
3,50,13.6465753424658,0
3,50,13.8109589041096,0
3,50,13.9753424657534,0
3,50,14.1397260273973,0
3,50,14.3041095890411,0
3,50,14.4684931506849,0
3,50,14.6328767123288,0
3,50,14.7972602739726,0
3,50,14.9616438356164,0
3,50,15.1260273972603,0
3,50,15.2904109589041,0
3,50,15.4547945205479,0
3,50,15.6191780821918,0
3,50,15.7835616438356,5e-04
3,50,15.9479452054795,5e-04
3,50,16.1123287671233,5e-04
3,50,16.2767123287671,5e-04
3,50,16.441095890411,5e-04
3,50,16.6054794520548,5e-04
3,50,16.7698630136986,5e-04
3,50,16.9342465753425,5e-04
3,50,17.0986301369863,5e-04
3,50,17.2630136986301,5e-04
3,50,17.427397260274,5e-04
3,50,17.5917808219178,5e-04
3,50,17.7561643835616,5e-04
3,50,17.9205479452055,0.001
3,50,18.0849315068493,0.001
3,50,18.2493150684931,0.001
3,50,18.413698630137,0.001
3,50,18.5780821917808,0.001
3,50,18.7424657534247,0.001
3,50,18.9068493150685,0.001
3,50,19.0712328767123,0.001
3,50,19.2356164383562,0.001
3,50,19.4,0.001
3,50,19.5643835616438,0.001
3,50,19.7287671232877,0.001
3,50,19.8931506849315,0.001
3,50,20.0575342465753,0.001
3,50,20.2219178082192,0.001
3,50,20.386301369863,0.001
3,50,20.5506849315069,0.001
3,50,20.7150684931507,0.0015
3,50,20.8794520547945,0.0015
3,50,21.0438356164384,0.0015
3,50,21.2082191780822,0.0015
3,50,21.372602739726,0.002
3,50,21.5369863013699,0.002
3,50,21.7013698630137,0.0025
3,50,21.8657534246575,0.004
3,50,22.0301369863014,0.004
3,50,22.1945205479452,0.004
3,50,22.358904109589,0.004
3,50,22.5232876712329,0.0045
3,50,22.6876712328767,0.0045
3,50,22.8520547945205,0.0045
3,50,23.0164383561644,0.0045
3,50,23.1808219178082,0.0045
3,50,23.3452054794521,0.0045
3,50,23.5095890410959,0.0045
3,50,23.6739726027397,0.0045
3,50,23.8383561643836,0.0045
3,50,24.0027397260274,0.0045
3,50,24.1671232876712,0.0045
3,50,24.3315068493151,0.0045
3,50,24.4958904109589,0.0045
3,50,24.6602739726027,0.0045
3,50,24.8246575342466,0.0045
3,50,24.9890410958904,0.0045
3,50,25.1534246575342,0.0045
3,50,25.3178082191781,0.0045
3,50,25.4821917808219,0.0045
3,50,25.6465753424658,0.0045
3,50,25.8109589041096,0.0045
3,50,25.9753424657534,0.0045
3,50,26.1397260273973,0.0045
3,50,26.3041095890411,0.005
3,50,26.4684931506849,0.005
3,50,26.6328767123288,0.005
3,50,26.7972602739726,0.005
3,50,26.9616438356164,0.005
3,50,27.1260273972603,0.005
3,50,27.2904109589041,0.005
3,50,27.4547945205479,0.005
3,50,27.6191780821918,0.0055
3,50,27.7835616438356,0.0055
3,50,27.9479452054795,0.0055
3,50,28.1123287671233,0.0065
3,50,28.2767123287671,0.007
3,50,28.441095890411,0.007
3,50,28.6054794520548,0.007
3,50,28.7698630136986,0.007
3,50,28.9342465753425,0.007
3,50,29.0986301369863,0.007
3,50,29.2630136986301,0.007
3,50,29.427397260274,0.0075
3,50,29.5917808219178,0.0075
3,50,29.7561643835616,0.0075
3,50,29.9205479452055,0.0075
3,50,30.0849315068493,0.0075
3,50,30.2493150684931,0.0075
3,50,30.413698630137,0.0075
3,50,30.5780821917808,0.0075
3,50,30.7424657534247,0.008
3,50,30.9068493150685,0.0085
3,50,31.0712328767123,0.009
3,50,31.2356164383562,0.009
3,50,31.4,0.009
3,50,31.5643835616438,0.009
3,50,31.7287671232877,0.009
3,50,31.8931506849315,0.009
3,50,32.0575342465753,0.0095
3,50,32.2219178082192,0.0095
3,50,32.386301369863,0.0095
3,50,32.5506849315069,0.0095
3,50,32.7150684931507,0.0095
3,50,32.8794520547945,0.0095
3,50,33.0438356164384,0.0095
3,50,33.2082191780822,0.0095
3,50,33.372602739726,0.0095
3,50,33.5369863013699,0.0095
3,50,33.7013698630137,0.0095
3,50,33.8657534246575,0.01
3,50,34.0301369863014,0.0105
3,50,34.1945205479452,0.0105
3,50,34.358904109589,0.0105
3,50,34.5232876712329,0.011
3,50,34.6876712328767,0.011
3,50,34.8520547945205,0.011
3,50,35.0164383561644,0.011
3,50,35.1808219178082,0.011
3,50,35.3452054794521,0.0115
3,50,35.5095890410959,0.0115
3,50,35.6739726027397,0.0115
3,50,35.8383561643836,0.0115
3,50,36.0027397260274,0.0115
3,50,36.1671232876712,0.012
3,50,36.3315068493151,0.012
3,50,36.4958904109589,0.012
3,50,36.6602739726027,0.012
3,50,36.8246575342466,0.013
3,50,36.9890410958904,0.013
3,50,37.1534246575342,0.013
3,50,37.3178082191781,0.013
3,50,37.4821917808219,0.013
3,50,37.6465753424658,0.013
3,50,37.8109589041096,0.013
3,50,37.9753424657534,0.013
3,50,38.1397260273973,0.014
3,50,38.3041095890411,0.014
3,50,38.4684931506849,0.0145
3,50,38.6328767123288,0.015
3,50,38.7972602739726,0.015
3,50,38.9616438356164,0.015
3,50,39.1260273972603,0.015
3,50,39.2904109589041,0.015
3,50,39.4547945205479,0.015
3,50,39.6191780821918,0.0155
3,50,39.7835616438356,0.0155
3,50,39.9479452054794,0.0155
3,50,40.1123287671233,0.016
3,50,40.2767123287671,0.016
3,50,40.441095890411,0.016
3,50,40.6054794520548,0.016
3,50,40.7698630136986,0.016
3,50,40.9342465753425,0.0165
3,50,41.0986301369863,0.0165
3,50,41.2630136986301,0.0165
3,50,41.427397260274,0.0165
3,50,41.5917808219178,0.0165
3,50,41.7561643835616,0.0165
3,50,41.9205479452055,0.0165
3,50,42.0849315068493,0.0165
3,50,42.2493150684932,0.017
3,50,42.413698630137,0.017
3,50,42.5780821917808,0.0175
3,50,42.7424657534247,0.0185
3,50,42.9068493150685,0.0185
3,50,43.0712328767123,0.0185
3,50,43.2356164383562,0.0185
3,50,43.4,0.019
3,50,43.5643835616438,0.0195
3,50,43.7287671232877,0.0195
3,50,43.8931506849315,0.0195
3,50,44.0575342465753,0.0195
3,50,44.2219178082192,0.0195
3,50,44.386301369863,0.0195
3,50,44.5506849315069,0.0195
3,50,44.7150684931507,0.0195
3,50,44.8794520547945,0.0195
3,50,45.0438356164384,0.02
3,50,45.2082191780822,0.02
3,50,45.372602739726,0.02
3,50,45.5369863013699,0.02
3,50,45.7013698630137,0.02
3,50,45.8657534246575,0.02
3,50,46.0301369863014,0.02
3,50,46.1945205479452,0.02
3,50,46.358904109589,0.02
3,50,46.5232876712329,0.02
3,50,46.6876712328767,0.0205
3,50,46.8520547945205,0.0205
3,50,47.0164383561644,0.0205
3,50,47.1808219178082,0.0205
3,50,47.3452054794521,0.0205
3,50,47.5095890410959,0.0205
3,50,47.6739726027397,0.0205
3,50,47.8383561643836,0.0205
3,50,48.0027397260274,0.0205
3,50,48.1671232876712,0.0205
3,50,48.3315068493151,0.0205
3,50,48.4958904109589,0.0205
3,50,48.6602739726027,0.0205
3,50,48.8246575342466,0.0205
3,50,48.9890410958904,0.0205
3,50,49.1534246575342,0.0205
3,50,49.3178082191781,0.021
3,50,49.4821917808219,0.0215
3,50,49.6465753424658,0.022
3,50,49.8109589041096,0.022
3,50,49.9753424657534,0.022
3,100,0.00273972602739726,0
3,100,0.167123287671233,0
3,100,0.331506849315069,0
3,100,0.495890410958904,0
3,100,0.66027397260274,0
3,100,0.824657534246575,0
3,100,0.989041095890411,0
3,100,1.15342465753425,0
3,100,1.31780821917808,0
3,100,1.48219178082192,0
3,100,1.64657534246575,0
3,100,1.81095890410959,0
3,100,1.97534246575342,0
3,100,2.13972602739726,0
3,100,2.3041095890411,0
3,100,2.46849315068493,0
3,100,2.63287671232877,0
3,100,2.7972602739726,0
3,100,2.96164383561644,0
3,100,3.12602739726027,0
3,100,3.29041095890411,0
3,100,3.45479452054795,0
3,100,3.61917808219178,0
3,100,3.78356164383562,0
3,100,3.94794520547945,0
3,100,4.11232876712329,0
3,100,4.27671232876712,0
3,100,4.44109589041096,0
3,100,4.60547945205479,0
3,100,4.76986301369863,0
3,100,4.93424657534247,0
3,100,5.0986301369863,0
3,100,5.26301369863014,0
3,100,5.42739726027397,0
3,100,5.59178082191781,0
3,100,5.75616438356164,0
3,100,5.92054794520548,0
3,100,6.08493150684932,0
3,100,6.24931506849315,0
3,100,6.41369863013699,0
3,100,6.57808219178082,0
3,100,6.74246575342466,0
3,100,6.90684931506849,0
3,100,7.07123287671233,0
3,100,7.23561643835616,0
3,100,7.4,0
3,100,7.56438356164384,0
3,100,7.72876712328767,0
3,100,7.89315068493151,0
3,100,8.05753424657534,0
3,100,8.22191780821918,0
3,100,8.38630136986301,0
3,100,8.55068493150685,0
3,100,8.71506849315069,0
3,100,8.87945205479452,0
3,100,9.04383561643836,0
3,100,9.20821917808219,0
3,100,9.37260273972603,0
3,100,9.53698630136986,0
3,100,9.7013698630137,0
3,100,9.86575342465753,0
3,100,10.0301369863014,0
3,100,10.1945205479452,0
3,100,10.358904109589,0
3,100,10.5232876712329,0
3,100,10.6876712328767,0
3,100,10.8520547945205,0
3,100,11.0164383561644,0
3,100,11.1808219178082,0
3,100,11.3452054794521,0
3,100,11.5095890410959,0
3,100,11.6739726027397,0
3,100,11.8383561643836,0
3,100,12.0027397260274,0
3,100,12.1671232876712,0
3,100,12.3315068493151,0
3,100,12.4958904109589,0
3,100,12.6602739726027,0
3,100,12.8246575342466,0
3,100,12.9890410958904,0
3,100,13.1534246575342,0
3,100,13.3178082191781,0
3,100,13.4821917808219,0
3,100,13.6465753424658,0
3,100,13.8109589041096,0
3,100,13.9753424657534,0
3,100,14.1397260273973,0
3,100,14.3041095890411,0
3,100,14.4684931506849,0
3,100,14.6328767123288,0
3,100,14.7972602739726,0
3,100,14.9616438356164,0
3,100,15.1260273972603,0
3,100,15.2904109589041,0
3,100,15.4547945205479,0
3,100,15.6191780821918,0
3,100,15.7835616438356,0
3,100,15.9479452054795,0
3,100,16.1123287671233,0
3,100,16.2767123287671,0
3,100,16.441095890411,0
3,100,16.6054794520548,0
3,100,16.7698630136986,0
3,100,16.9342465753425,0
3,100,17.0986301369863,0
3,100,17.2630136986301,0
3,100,17.427397260274,0
3,100,17.5917808219178,0
3,100,17.7561643835616,0
3,100,17.9205479452055,0
3,100,18.0849315068493,0
3,100,18.2493150684931,0
3,100,18.413698630137,0
3,100,18.5780821917808,0
3,100,18.7424657534247,0
3,100,18.9068493150685,0
3,100,19.0712328767123,0
3,100,19.2356164383562,0
3,100,19.4,0
3,100,19.5643835616438,0
3,100,19.7287671232877,0
3,100,19.8931506849315,0
3,100,20.0575342465753,0
3,100,20.2219178082192,0
3,100,20.386301369863,0
3,100,20.5506849315069,0
3,100,20.7150684931507,0
3,100,20.8794520547945,0
3,100,21.0438356164384,0
3,100,21.2082191780822,0
3,100,21.372602739726,0
3,100,21.5369863013699,0
3,100,21.7013698630137,0
3,100,21.8657534246575,0
3,100,22.0301369863014,0
3,100,22.1945205479452,0
3,100,22.358904109589,0
3,100,22.5232876712329,0
3,100,22.6876712328767,0
3,100,22.8520547945205,0
3,100,23.0164383561644,0
3,100,23.1808219178082,0
3,100,23.3452054794521,0
3,100,23.5095890410959,0
3,100,23.6739726027397,0
3,100,23.8383561643836,0
3,100,24.0027397260274,0
3,100,24.1671232876712,0
3,100,24.3315068493151,0
3,100,24.4958904109589,0
3,100,24.6602739726027,0
3,100,24.8246575342466,0
3,100,24.9890410958904,0
3,100,25.1534246575342,0
3,100,25.3178082191781,0
3,100,25.4821917808219,0
3,100,25.6465753424658,0
3,100,25.8109589041096,0
3,100,25.9753424657534,0
3,100,26.1397260273973,0
3,100,26.3041095890411,0
3,100,26.4684931506849,0
3,100,26.6328767123288,0
3,100,26.7972602739726,0
3,100,26.9616438356164,0
3,100,27.1260273972603,0
3,100,27.2904109589041,0
3,100,27.4547945205479,0
3,100,27.6191780821918,0
3,100,27.7835616438356,0
3,100,27.9479452054795,0
3,100,28.1123287671233,0
3,100,28.2767123287671,0
3,100,28.441095890411,0
3,100,28.6054794520548,0
3,100,28.7698630136986,0
3,100,28.9342465753425,0
3,100,29.0986301369863,0
3,100,29.2630136986301,0
3,100,29.427397260274,0
3,100,29.5917808219178,0
3,100,29.7561643835616,0
3,100,29.9205479452055,0
3,100,30.0849315068493,0
3,100,30.2493150684931,0
3,100,30.413698630137,0
3,100,30.5780821917808,0
3,100,30.7424657534247,0
3,100,30.9068493150685,0
3,100,31.0712328767123,0
3,100,31.2356164383562,0
3,100,31.4,0
3,100,31.5643835616438,0
3,100,31.7287671232877,0
3,100,31.8931506849315,0
3,100,32.0575342465753,0
3,100,32.2219178082192,0
3,100,32.386301369863,0
3,100,32.5506849315069,0
3,100,32.7150684931507,0
3,100,32.8794520547945,0
3,100,33.0438356164384,0
3,100,33.2082191780822,0
3,100,33.372602739726,0
3,100,33.5369863013699,0
3,100,33.7013698630137,0
3,100,33.8657534246575,0
3,100,34.0301369863014,0
3,100,34.1945205479452,0
3,100,34.358904109589,0
3,100,34.5232876712329,0
3,100,34.6876712328767,0
3,100,34.8520547945205,0
3,100,35.0164383561644,0
3,100,35.1808219178082,0
3,100,35.3452054794521,0
3,100,35.5095890410959,0
3,100,35.6739726027397,0
3,100,35.8383561643836,0
3,100,36.0027397260274,0
3,100,36.1671232876712,0
3,100,36.3315068493151,0
3,100,36.4958904109589,0
3,100,36.6602739726027,0
3,100,36.8246575342466,0
3,100,36.9890410958904,0
3,100,37.1534246575342,0
3,100,37.3178082191781,0
3,100,37.4821917808219,0
3,100,37.6465753424658,0
3,100,37.8109589041096,0
3,100,37.9753424657534,0
3,100,38.1397260273973,0
3,100,38.3041095890411,0
3,100,38.4684931506849,0
3,100,38.6328767123288,0
3,100,38.7972602739726,0
3,100,38.9616438356164,0
3,100,39.1260273972603,0
3,100,39.2904109589041,0
3,100,39.4547945205479,0
3,100,39.6191780821918,0
3,100,39.7835616438356,0
3,100,39.9479452054794,0
3,100,40.1123287671233,0
3,100,40.2767123287671,0
3,100,40.441095890411,0
3,100,40.6054794520548,0
3,100,40.7698630136986,0
3,100,40.9342465753425,0
3,100,41.0986301369863,0
3,100,41.2630136986301,0
3,100,41.427397260274,0
3,100,41.5917808219178,0
3,100,41.7561643835616,0
3,100,41.9205479452055,0
3,100,42.0849315068493,0
3,100,42.2493150684932,0
3,100,42.413698630137,0
3,100,42.5780821917808,0
3,100,42.7424657534247,0
3,100,42.9068493150685,0
3,100,43.0712328767123,0
3,100,43.2356164383562,0
3,100,43.4,0
3,100,43.5643835616438,0
3,100,43.7287671232877,0
3,100,43.8931506849315,0
3,100,44.0575342465753,0
3,100,44.2219178082192,0
3,100,44.386301369863,0
3,100,44.5506849315069,0
3,100,44.7150684931507,0
3,100,44.8794520547945,0
3,100,45.0438356164384,0
3,100,45.2082191780822,0
3,100,45.372602739726,0
3,100,45.5369863013699,0
3,100,45.7013698630137,0
3,100,45.8657534246575,0
3,100,46.0301369863014,0
3,100,46.1945205479452,0
3,100,46.358904109589,0
3,100,46.5232876712329,0
3,100,46.6876712328767,0
3,100,46.8520547945205,0
3,100,47.0164383561644,0
3,100,47.1808219178082,0
3,100,47.3452054794521,0
3,100,47.5095890410959,0
3,100,47.6739726027397,0
3,100,47.8383561643836,0
3,100,48.0027397260274,0
3,100,48.1671232876712,0
3,100,48.3315068493151,0
3,100,48.4958904109589,0
3,100,48.6602739726027,0
3,100,48.8246575342466,0
3,100,48.9890410958904,0
3,100,49.1534246575342,0
3,100,49.3178082191781,0
3,100,49.4821917808219,0
3,100,49.6465753424658,0
3,100,49.8109589041096,0
3,100,49.9753424657534,0
3,200,0.00273972602739726,0
3,200,0.167123287671233,0
3,200,0.331506849315069,0
3,200,0.495890410958904,0
3,200,0.66027397260274,0
3,200,0.824657534246575,0
3,200,0.989041095890411,0
3,200,1.15342465753425,0
3,200,1.31780821917808,0
3,200,1.48219178082192,0
3,200,1.64657534246575,0
3,200,1.81095890410959,0
3,200,1.97534246575342,0
3,200,2.13972602739726,0
3,200,2.3041095890411,0
3,200,2.46849315068493,0
3,200,2.63287671232877,0
3,200,2.7972602739726,0
3,200,2.96164383561644,0
3,200,3.12602739726027,0
3,200,3.29041095890411,0
3,200,3.45479452054795,0
3,200,3.61917808219178,0
3,200,3.78356164383562,0
3,200,3.94794520547945,0
3,200,4.11232876712329,0
3,200,4.27671232876712,0
3,200,4.44109589041096,0
3,200,4.60547945205479,0
3,200,4.76986301369863,0
3,200,4.93424657534247,0
3,200,5.0986301369863,0
3,200,5.26301369863014,0
3,200,5.42739726027397,0
3,200,5.59178082191781,0
3,200,5.75616438356164,0
3,200,5.92054794520548,0
3,200,6.08493150684932,0
3,200,6.24931506849315,0
3,200,6.41369863013699,0
3,200,6.57808219178082,0
3,200,6.74246575342466,0
3,200,6.90684931506849,0
3,200,7.07123287671233,0
3,200,7.23561643835616,0
3,200,7.4,0
3,200,7.56438356164384,0
3,200,7.72876712328767,0
3,200,7.89315068493151,0
3,200,8.05753424657534,0
3,200,8.22191780821918,0
3,200,8.38630136986301,0
3,200,8.55068493150685,0
3,200,8.71506849315069,0
3,200,8.87945205479452,0
3,200,9.04383561643836,0
3,200,9.20821917808219,0
3,200,9.37260273972603,0
3,200,9.53698630136986,0
3,200,9.7013698630137,0
3,200,9.86575342465753,0
3,200,10.0301369863014,0
3,200,10.1945205479452,0
3,200,10.358904109589,0
3,200,10.5232876712329,0
3,200,10.6876712328767,0
3,200,10.8520547945205,0
3,200,11.0164383561644,0
3,200,11.1808219178082,0
3,200,11.3452054794521,0
3,200,11.5095890410959,0
3,200,11.6739726027397,0
3,200,11.8383561643836,0
3,200,12.0027397260274,0
3,200,12.1671232876712,0
3,200,12.3315068493151,0
3,200,12.4958904109589,0
3,200,12.6602739726027,0
3,200,12.8246575342466,0
3,200,12.9890410958904,0
3,200,13.1534246575342,0
3,200,13.3178082191781,0
3,200,13.4821917808219,0
3,200,13.6465753424658,0
3,200,13.8109589041096,0
3,200,13.9753424657534,0
3,200,14.1397260273973,0
3,200,14.3041095890411,0
3,200,14.4684931506849,0
3,200,14.6328767123288,0
3,200,14.7972602739726,0
3,200,14.9616438356164,0
3,200,15.1260273972603,0
3,200,15.2904109589041,0
3,200,15.4547945205479,0
3,200,15.6191780821918,0
3,200,15.7835616438356,0
3,200,15.9479452054795,0
3,200,16.1123287671233,0
3,200,16.2767123287671,0
3,200,16.441095890411,0
3,200,16.6054794520548,0
3,200,16.7698630136986,0
3,200,16.9342465753425,0
3,200,17.0986301369863,0
3,200,17.2630136986301,0
3,200,17.427397260274,0
3,200,17.5917808219178,0
3,200,17.7561643835616,0
3,200,17.9205479452055,0
3,200,18.0849315068493,0
3,200,18.2493150684931,0
3,200,18.413698630137,0
3,200,18.5780821917808,0
3,200,18.7424657534247,0
3,200,18.9068493150685,0
3,200,19.0712328767123,0
3,200,19.2356164383562,0
3,200,19.4,0
3,200,19.5643835616438,0
3,200,19.7287671232877,0
3,200,19.8931506849315,0
3,200,20.0575342465753,0
3,200,20.2219178082192,0
3,200,20.386301369863,0
3,200,20.5506849315069,0
3,200,20.7150684931507,0
3,200,20.8794520547945,0
3,200,21.0438356164384,0
3,200,21.2082191780822,0
3,200,21.372602739726,0
3,200,21.5369863013699,0
3,200,21.7013698630137,0
3,200,21.8657534246575,0
3,200,22.0301369863014,0
3,200,22.1945205479452,0
3,200,22.358904109589,0
3,200,22.5232876712329,0
3,200,22.6876712328767,0
3,200,22.8520547945205,0
3,200,23.0164383561644,0
3,200,23.1808219178082,0
3,200,23.3452054794521,0
3,200,23.5095890410959,0
3,200,23.6739726027397,0
3,200,23.8383561643836,0
3,200,24.0027397260274,0
3,200,24.1671232876712,0
3,200,24.3315068493151,0
3,200,24.4958904109589,0
3,200,24.6602739726027,0
3,200,24.8246575342466,0
3,200,24.9890410958904,0
3,200,25.1534246575342,0
3,200,25.3178082191781,0
3,200,25.4821917808219,0
3,200,25.6465753424658,0
3,200,25.8109589041096,0
3,200,25.9753424657534,0
3,200,26.1397260273973,0
3,200,26.3041095890411,0
3,200,26.4684931506849,0
3,200,26.6328767123288,0
3,200,26.7972602739726,0
3,200,26.9616438356164,0
3,200,27.1260273972603,0
3,200,27.2904109589041,0
3,200,27.4547945205479,0
3,200,27.6191780821918,0
3,200,27.7835616438356,0
3,200,27.9479452054795,0
3,200,28.1123287671233,0
3,200,28.2767123287671,0
3,200,28.441095890411,0
3,200,28.6054794520548,0
3,200,28.7698630136986,0
3,200,28.9342465753425,0
3,200,29.0986301369863,0
3,200,29.2630136986301,0
3,200,29.427397260274,0
3,200,29.5917808219178,0
3,200,29.7561643835616,0
3,200,29.9205479452055,0
3,200,30.0849315068493,0
3,200,30.2493150684931,0
3,200,30.413698630137,0
3,200,30.5780821917808,0
3,200,30.7424657534247,0
3,200,30.9068493150685,0
3,200,31.0712328767123,0
3,200,31.2356164383562,0
3,200,31.4,0
3,200,31.5643835616438,0
3,200,31.7287671232877,0
3,200,31.8931506849315,0
3,200,32.0575342465753,0
3,200,32.2219178082192,0
3,200,32.386301369863,0
3,200,32.5506849315069,0
3,200,32.7150684931507,0
3,200,32.8794520547945,0
3,200,33.0438356164384,0
3,200,33.2082191780822,0
3,200,33.372602739726,0
3,200,33.5369863013699,0
3,200,33.7013698630137,0
3,200,33.8657534246575,0
3,200,34.0301369863014,0
3,200,34.1945205479452,0
3,200,34.358904109589,0
3,200,34.5232876712329,0
3,200,34.6876712328767,0
3,200,34.8520547945205,0
3,200,35.0164383561644,0
3,200,35.1808219178082,0
3,200,35.3452054794521,0
3,200,35.5095890410959,0
3,200,35.6739726027397,0
3,200,35.8383561643836,0
3,200,36.0027397260274,0
3,200,36.1671232876712,0
3,200,36.3315068493151,0
3,200,36.4958904109589,0
3,200,36.6602739726027,0
3,200,36.8246575342466,0
3,200,36.9890410958904,0
3,200,37.1534246575342,0
3,200,37.3178082191781,0
3,200,37.4821917808219,0
3,200,37.6465753424658,0
3,200,37.8109589041096,0
3,200,37.9753424657534,0
3,200,38.1397260273973,0
3,200,38.3041095890411,0
3,200,38.4684931506849,0
3,200,38.6328767123288,0
3,200,38.7972602739726,0
3,200,38.9616438356164,0
3,200,39.1260273972603,0
3,200,39.2904109589041,0
3,200,39.4547945205479,0
3,200,39.6191780821918,0
3,200,39.7835616438356,0
3,200,39.9479452054794,0
3,200,40.1123287671233,0
3,200,40.2767123287671,0
3,200,40.441095890411,0
3,200,40.6054794520548,0
3,200,40.7698630136986,0
3,200,40.9342465753425,0
3,200,41.0986301369863,0
3,200,41.2630136986301,0
3,200,41.427397260274,0
3,200,41.5917808219178,0
3,200,41.7561643835616,0
3,200,41.9205479452055,0
3,200,42.0849315068493,0
3,200,42.2493150684932,0
3,200,42.413698630137,0
3,200,42.5780821917808,0
3,200,42.7424657534247,0
3,200,42.9068493150685,0
3,200,43.0712328767123,0
3,200,43.2356164383562,0
3,200,43.4,0
3,200,43.5643835616438,0
3,200,43.7287671232877,0
3,200,43.8931506849315,0
3,200,44.0575342465753,0
3,200,44.2219178082192,0
3,200,44.386301369863,0
3,200,44.5506849315069,0
3,200,44.7150684931507,0
3,200,44.8794520547945,0
3,200,45.0438356164384,0
3,200,45.2082191780822,0
3,200,45.372602739726,0
3,200,45.5369863013699,0
3,200,45.7013698630137,0
3,200,45.8657534246575,0
3,200,46.0301369863014,0
3,200,46.1945205479452,0
3,200,46.358904109589,0
3,200,46.5232876712329,0
3,200,46.6876712328767,0
3,200,46.8520547945205,0
3,200,47.0164383561644,0
3,200,47.1808219178082,0
3,200,47.3452054794521,0
3,200,47.5095890410959,0
3,200,47.6739726027397,0
3,200,47.8383561643836,0
3,200,48.0027397260274,0
3,200,48.1671232876712,0
3,200,48.3315068493151,0
3,200,48.4958904109589,0
3,200,48.6602739726027,0
3,200,48.8246575342466,0
3,200,48.9890410958904,0
3,200,49.1534246575342,0
3,200,49.3178082191781,0
3,200,49.4821917808219,0
3,200,49.6465753424658,0
3,200,49.8109589041096,0
3,200,49.9753424657534,0
5,10,0.00273972602739726,0
5,10,0.167123287671233,0
5,10,0.331506849315069,0
5,10,0.495890410958904,0
5,10,0.66027397260274,0
5,10,0.824657534246575,0
5,10,0.989041095890411,0
5,10,1.15342465753425,0
5,10,1.31780821917808,0
5,10,1.48219178082192,0
5,10,1.64657534246575,0
5,10,1.81095890410959,5e-04
5,10,1.97534246575342,5e-04
5,10,2.13972602739726,5e-04
5,10,2.3041095890411,5e-04
5,10,2.46849315068493,5e-04
5,10,2.63287671232877,5e-04
5,10,2.7972602739726,5e-04
5,10,2.96164383561644,0.0015
5,10,3.12602739726027,0.0015
5,10,3.29041095890411,0.002
5,10,3.45479452054795,0.0025
5,10,3.61917808219178,0.003
5,10,3.78356164383562,0.003
5,10,3.94794520547945,0.004
5,10,4.11232876712329,0.004
5,10,4.27671232876712,0.0045
5,10,4.44109589041096,0.0045
5,10,4.60547945205479,0.005
5,10,4.76986301369863,0.006
5,10,4.93424657534247,0.006
5,10,5.0986301369863,0.006
5,10,5.26301369863014,0.007
5,10,5.42739726027397,0.0075
5,10,5.59178082191781,0.0085
5,10,5.75616438356164,0.011
5,10,5.92054794520548,0.012
5,10,6.08493150684932,0.014
5,10,6.24931506849315,0.0145
5,10,6.41369863013699,0.0155
5,10,6.57808219178082,0.017
5,10,6.74246575342466,0.0195
5,10,6.90684931506849,0.0225
5,10,7.07123287671233,0.0245
5,10,7.23561643835616,0.0265
5,10,7.4,0.027
5,10,7.56438356164384,0.0295
5,10,7.72876712328767,0.03
5,10,7.89315068493151,0.031
5,10,8.05753424657534,0.032
5,10,8.22191780821918,0.035
5,10,8.38630136986301,0.038
5,10,8.55068493150685,0.04
5,10,8.71506849315069,0.042
5,10,8.87945205479452,0.0445
5,10,9.04383561643836,0.0455
5,10,9.20821917808219,0.048
5,10,9.37260273972603,0.0505
5,10,9.53698630136986,0.054
5,10,9.7013698630137,0.0565
5,10,9.86575342465753,0.058
5,10,10.0301369863014,0.0605
5,10,10.1945205479452,0.062
5,10,10.358904109589,0.0635
5,10,10.5232876712329,0.065
5,10,10.6876712328767,0.069
5,10,10.8520547945205,0.071
5,10,11.0164383561644,0.0735
5,10,11.1808219178082,0.075
5,10,11.3452054794521,0.0795
5,10,11.5095890410959,0.0815
5,10,11.6739726027397,0.084
5,10,11.8383561643836,0.0855
5,10,12.0027397260274,0.09
5,10,12.1671232876712,0.0925
5,10,12.3315068493151,0.0955
5,10,12.4958904109589,0.098
5,10,12.6602739726027,0.1005
5,10,12.8246575342466,0.1025
5,10,12.9890410958904,0.103
5,10,13.1534246575342,0.107
5,10,13.3178082191781,0.1105
5,10,13.4821917808219,0.1135
5,10,13.6465753424658,0.1165
5,10,13.8109589041096,0.117
5,10,13.9753424657534,0.119
5,10,14.1397260273973,0.122
5,10,14.3041095890411,0.1245
5,10,14.4684931506849,0.1275
5,10,14.6328767123288,0.132
5,10,14.7972602739726,0.1365
5,10,14.9616438356164,0.139
5,10,15.1260273972603,0.1425
5,10,15.2904109589041,0.1445
5,10,15.4547945205479,0.1475
5,10,15.6191780821918,0.151
5,10,15.7835616438356,0.153
5,10,15.9479452054795,0.156
5,10,16.1123287671233,0.1585
5,10,16.2767123287671,0.164
5,10,16.441095890411,0.1655
5,10,16.6054794520548,0.1675
5,10,16.7698630136986,0.173
5,10,16.9342465753425,0.177
5,10,17.0986301369863,0.179089544772386
5,10,17.2630136986301,0.182091045522761
5,10,17.427397260274,0.184592296148074
5,10,17.5917808219178,0.189
5,10,17.7561643835616,0.191
5,10,17.9205479452055,0.1925
5,10,18.0849315068493,0.199
5,10,18.2493150684931,0.2
5,10,18.413698630137,0.203
5,10,18.5780821917808,0.2045
5,10,18.7424657534247,0.207
5,10,18.9068493150685,0.2115
5,10,19.0712328767123,0.215
5,10,19.2356164383562,0.215
5,10,19.4,0.2205
5,10,19.5643835616438,0.222
5,10,19.7287671232877,0.224
5,10,19.8931506849315,0.226
5,10,20.0575342465753,0.227
5,10,20.2219178082192,0.23
5,10,20.386301369863,0.2315
5,10,20.5506849315069,0.235
5,10,20.7150684931507,0.2365
5,10,20.8794520547945,0.2375
5,10,21.0438356164384,0.2395
5,10,21.2082191780822,0.242
5,10,21.372602739726,0.244
5,10,21.5369863013699,0.2455
5,10,21.7013698630137,0.248
5,10,21.8657534246575,0.2505
5,10,22.0301369863014,0.2535
5,10,22.1945205479452,0.2555
5,10,22.358904109589,0.258
5,10,22.5232876712329,0.2605
5,10,22.6876712328767,0.2645
5,10,22.8520547945205,0.267
5,10,23.0164383561644,0.269
5,10,23.1808219178082,0.269
5,10,23.3452054794521,0.27
5,10,23.5095890410959,0.2725
5,10,23.6739726027397,0.276
5,10,23.8383561643836,0.278
5,10,24.0027397260274,0.281
5,10,24.1671232876712,0.285
5,10,24.3315068493151,0.2885
5,10,24.4958904109589,0.2905
5,10,24.6602739726027,0.2935
5,10,24.8246575342466,0.296
5,10,24.9890410958904,0.298
5,10,25.1534246575342,0.3005
5,10,25.3178082191781,0.3035
5,10,25.4821917808219,0.306
5,10,25.6465753424658,0.307
5,10,25.8109589041096,0.3105
5,10,25.9753424657534,0.3135
5,10,26.1397260273973,0.315157578789395
5,10,26.3041095890411,0.3175
5,10,26.4684931506849,0.3205
5,10,26.6328767123288,0.321160580290145
5,10,26.7972602739726,0.323161580790395
5,10,26.9616438356164,0.325662831415708
5,10,27.1260273972603,0.327163581790895
5,10,27.2904109589041,0.330165082541271
5,10,27.4547945205479,0.332166083041521
5,10,27.6191780821918,0.3345
5,10,27.7835616438356,0.335
5,10,27.9479452054795,0.3375
5,10,28.1123287671233,0.3395
5,10,28.2767123287671,0.342
5,10,28.441095890411,0.3435
5,10,28.6054794520548,0.345
5,10,28.7698630136986,0.348
5,10,28.9342465753425,0.35
5,10,29.0986301369863,0.3525
5,10,29.2630136986301,0.354
5,10,29.427397260274,0.358
5,10,29.5917808219178,0.3595
5,10,29.7561643835616,0.36
5,10,29.9205479452055,0.362
5,10,30.0849315068493,0.364
5,10,30.2493150684931,0.366
5,10,30.413698630137,0.369
5,10,30.5780821917808,0.3695
5,10,30.7424657534247,0.3715
5,10,30.9068493150685,0.3725
5,10,31.0712328767123,0.376
5,10,31.2356164383562,0.3785
5,10,31.4,0.380190095047524
5,10,31.5643835616438,0.384
5,10,31.7287671232877,0.386
5,10,31.8931506849315,0.3885
5,10,32.0575342465753,0.392
5,10,32.2219178082192,0.3925
5,10,32.386301369863,0.395
5,10,32.5506849315069,0.3965
5,10,32.7150684931507,0.3975
5,10,32.8794520547945,0.3995
5,10,33.0438356164384,0.401
5,10,33.2082191780822,0.4045
5,10,33.372602739726,0.405
5,10,33.5369863013699,0.4055
5,10,33.7013698630137,0.407703851925963
5,10,33.8657534246575,0.410205102551276
5,10,34.0301369863014,0.412206103051526
5,10,34.1945205479452,0.4155
5,10,34.358904109589,0.4165
5,10,34.5232876712329,0.419
5,10,34.6876712328767,0.4205
5,10,34.8520547945205,0.4245
5,10,35.0164383561644,0.4275
5,10,35.1808219178082,0.430215107553777
5,10,35.3452054794521,0.431715857928964
5,10,35.5095890410959,0.433
5,10,35.6739726027397,0.435
5,10,35.8383561643836,0.4375
5,10,36.0027397260274,0.4395
5,10,36.1671232876712,0.441720860430215
5,10,36.3315068493151,0.4465
5,10,36.4958904109589,0.448
5,10,36.6602739726027,0.451
5,10,36.8246575342466,0.4515
5,10,36.9890410958904,0.453
5,10,37.1534246575342,0.455
5,10,37.3178082191781,0.4575
5,10,37.4821917808219,0.4595
5,10,37.6465753424658,0.4615
5,10,37.8109589041096,0.4645
5,10,37.9753424657534,0.465
5,10,38.1397260273973,0.467
5,10,38.3041095890411,0.468
5,10,38.4684931506849,0.4685
5,10,38.6328767123288,0.4725
5,10,38.7972602739726,0.475
5,10,38.9616438356164,0.4775
5,10,39.1260273972603,0.4775
5,10,39.2904109589041,0.479
5,10,39.4547945205479,0.48
5,10,39.6191780821918,0.4825
5,10,39.7835616438356,0.4845
5,10,39.9479452054794,0.485
5,10,40.1123287671233,0.487
5,10,40.2767123287671,0.489
5,10,40.441095890411,0.4895
5,10,40.6054794520548,0.491
5,10,40.7698630136986,0.494
5,10,40.9342465753425,0.495
5,10,41.0986301369863,0.4955
5,10,41.2630136986301,0.4965
5,10,41.427397260274,0.498
5,10,41.5917808219178,0.4995
5,10,41.7561643835616,0.501
5,10,41.9205479452055,0.503
5,10,42.0849315068493,0.504
5,10,42.2493150684932,0.507
5,10,42.413698630137,0.5085
5,10,42.5780821917808,0.5095
5,10,42.7424657534247,0.512
5,10,42.9068493150685,0.515
5,10,43.0712328767123,0.5155
5,10,43.2356164383562,0.518
5,10,43.4,0.52
5,10,43.5643835616438,0.521
5,10,43.7287671232877,0.5235
5,10,43.8931506849315,0.5245
5,10,44.0575342465753,0.5275
5,10,44.2219178082192,0.531
5,10,44.386301369863,0.532
5,10,44.5506849315069,0.5325
5,10,44.7150684931507,0.535
5,10,44.8794520547945,0.5375
5,10,45.0438356164384,0.5385
5,10,45.2082191780822,0.539
5,10,45.372602739726,0.54
5,10,45.5369863013699,0.541
5,10,45.7013698630137,0.5415
5,10,45.8657534246575,0.542
5,10,46.0301369863014,0.5445
5,10,46.1945205479452,0.5465
5,10,46.358904109589,0.5475
5,10,46.5232876712329,0.5485
5,10,46.6876712328767,0.5505
5,10,46.8520547945205,0.5505
5,10,47.0164383561644,0.5535
5,10,47.1808219178082,0.5555
5,10,47.3452054794521,0.557
5,10,47.5095890410959,0.5585
5,10,47.6739726027397,0.5605
5,10,47.8383561643836,0.5615
5,10,48.0027397260274,0.5645
5,10,48.1671232876712,0.566
5,10,48.3315068493151,0.569
5,10,48.4958904109589,0.571
5,10,48.6602739726027,0.5735
5,10,48.8246575342466,0.574
5,10,48.9890410958904,0.575
5,10,49.1534246575342,0.578
5,10,49.3178082191781,0.5805
5,10,49.4821917808219,0.581
5,10,49.6465753424658,0.5825
5,10,49.8109589041096,0.5835
5,10,49.9753424657534,0.584
5,20,0.00273972602739726,0
5,20,0.167123287671233,0
5,20,0.331506849315069,0
5,20,0.495890410958904,0
5,20,0.66027397260274,0
5,20,0.824657534246575,0
5,20,0.989041095890411,0
5,20,1.15342465753425,0
5,20,1.31780821917808,0
5,20,1.48219178082192,0
5,20,1.64657534246575,0
5,20,1.81095890410959,0
5,20,1.97534246575342,0
5,20,2.13972602739726,0
5,20,2.3041095890411,0
5,20,2.46849315068493,0
5,20,2.63287671232877,0
5,20,2.7972602739726,0
5,20,2.96164383561644,0
5,20,3.12602739726027,0
5,20,3.29041095890411,0
5,20,3.45479452054795,0
5,20,3.61917808219178,0
5,20,3.78356164383562,0
5,20,3.94794520547945,0
5,20,4.11232876712329,0
5,20,4.27671232876712,0
5,20,4.44109589041096,0
5,20,4.60547945205479,0
5,20,4.76986301369863,0
5,20,4.93424657534247,0
5,20,5.0986301369863,0
5,20,5.26301369863014,0
5,20,5.42739726027397,0
5,20,5.59178082191781,0
5,20,5.75616438356164,0
5,20,5.92054794520548,0
5,20,6.08493150684932,0
5,20,6.24931506849315,5e-04
5,20,6.41369863013699,5e-04
5,20,6.57808219178082,5e-04
5,20,6.74246575342466,5e-04
5,20,6.90684931506849,5e-04
5,20,7.07123287671233,5e-04
5,20,7.23561643835616,5e-04
5,20,7.4,5e-04
5,20,7.56438356164384,5e-04
5,20,7.72876712328767,5e-04
5,20,7.89315068493151,5e-04
5,20,8.05753424657534,5e-04
5,20,8.22191780821918,5e-04
5,20,8.38630136986301,5e-04
5,20,8.55068493150685,5e-04
5,20,8.71506849315069,5e-04
5,20,8.87945205479452,5e-04
5,20,9.04383561643836,5e-04
5,20,9.20821917808219,0.001
5,20,9.37260273972603,0.0015
5,20,9.53698630136986,0.0015
5,20,9.7013698630137,0.0015
5,20,9.86575342465753,0.0015
5,20,10.0301369863014,0.0015
5,20,10.1945205479452,0.0015
5,20,10.358904109589,0.0025
5,20,10.5232876712329,0.0025
5,20,10.6876712328767,0.0035
5,20,10.8520547945205,0.005
5,20,11.0164383561644,0.005
5,20,11.1808219178082,0.0055
5,20,11.3452054794521,0.0055
5,20,11.5095890410959,0.0065
5,20,11.6739726027397,0.007
5,20,11.8383561643836,0.007
5,20,12.0027397260274,0.0075
5,20,12.1671232876712,0.0075
5,20,12.3315068493151,0.008
5,20,12.4958904109589,0.008
5,20,12.6602739726027,0.009
5,20,12.8246575342466,0.009
5,20,12.9890410958904,0.0095
5,20,13.1534246575342,0.0095
5,20,13.3178082191781,0.01
5,20,13.4821917808219,0.01
5,20,13.6465753424658,0.01
5,20,13.8109589041096,0.01
5,20,13.9753424657534,0.01
5,20,14.1397260273973,0.01
5,20,14.3041095890411,0.01
5,20,14.4684931506849,0.01
5,20,14.6328767123288,0.01
5,20,14.7972602739726,0.01
5,20,14.9616438356164,0.01
5,20,15.1260273972603,0.0105
5,20,15.2904109589041,0.0105
5,20,15.4547945205479,0.0105
5,20,15.6191780821918,0.011
5,20,15.7835616438356,0.011
5,20,15.9479452054795,0.0115
5,20,16.1123287671233,0.012
5,20,16.2767123287671,0.0125
5,20,16.441095890411,0.0135
5,20,16.6054794520548,0.0135
5,20,16.7698630136986,0.0135
5,20,16.9342465753425,0.015
5,20,17.0986301369863,0.017
5,20,17.2630136986301,0.018
5,20,17.427397260274,0.018
5,20,17.5917808219178,0.0185
5,20,17.7561643835616,0.019
5,20,17.9205479452055,0.0195
5,20,18.0849315068493,0.0205
5,20,18.2493150684931,0.0205
5,20,18.413698630137,0.021
5,20,18.5780821917808,0.0215
5,20,18.7424657534247,0.0225
5,20,18.9068493150685,0.0245
5,20,19.0712328767123,0.0245
5,20,19.2356164383562,0.0245
5,20,19.4,0.0245
5,20,19.5643835616438,0.025
5,20,19.7287671232877,0.027
5,20,19.8931506849315,0.0275
5,20,20.0575342465753,0.0275
5,20,20.2219178082192,0.0275
5,20,20.386301369863,0.0285
5,20,20.5506849315069,0.0285
5,20,20.7150684931507,0.0285
5,20,20.8794520547945,0.029
5,20,21.0438356164384,0.029
5,20,21.2082191780822,0.029
5,20,21.372602739726,0.029
5,20,21.5369863013699,0.03
5,20,21.7013698630137,0.0305
5,20,21.8657534246575,0.032
5,20,22.0301369863014,0.032
5,20,22.1945205479452,0.0335
5,20,22.358904109589,0.034
5,20,22.5232876712329,0.0345
5,20,22.6876712328767,0.035
5,20,22.8520547945205,0.035
5,20,23.0164383561644,0.036
5,20,23.1808219178082,0.036
5,20,23.3452054794521,0.0365
5,20,23.5095890410959,0.037
5,20,23.6739726027397,0.0385
5,20,23.8383561643836,0.0385
5,20,24.0027397260274,0.039
5,20,24.1671232876712,0.039
5,20,24.3315068493151,0.039
5,20,24.4958904109589,0.04
5,20,24.6602739726027,0.0405
5,20,24.8246575342466,0.041
5,20,24.9890410958904,0.041
5,20,25.1534246575342,0.0415
5,20,25.3178082191781,0.042
5,20,25.4821917808219,0.042
5,20,25.6465753424658,0.042
5,20,25.8109589041096,0.042
5,20,25.9753424657534,0.0425
5,20,26.1397260273973,0.043
5,20,26.3041095890411,0.043
5,20,26.4684931506849,0.0445
5,20,26.6328767123288,0.0455
5,20,26.7972602739726,0.046
5,20,26.9616438356164,0.0465
5,20,27.1260273972603,0.0475
5,20,27.2904109589041,0.0485
5,20,27.4547945205479,0.049
5,20,27.6191780821918,0.049
5,20,27.7835616438356,0.0495
5,20,27.9479452054795,0.0495
5,20,28.1123287671233,0.0495
5,20,28.2767123287671,0.051
5,20,28.441095890411,0.0515
5,20,28.6054794520548,0.0525
5,20,28.7698630136986,0.053
5,20,28.9342465753425,0.053
5,20,29.0986301369863,0.054
5,20,29.2630136986301,0.054
5,20,29.427397260274,0.0545
5,20,29.5917808219178,0.055
5,20,29.7561643835616,0.0555
5,20,29.9205479452055,0.056
5,20,30.0849315068493,0.057
5,20,30.2493150684931,0.057
5,20,30.413698630137,0.058
5,20,30.5780821917808,0.058
5,20,30.7424657534247,0.0585
5,20,30.9068493150685,0.059
5,20,31.0712328767123,0.06
5,20,31.2356164383562,0.06
5,20,31.4,0.061
5,20,31.5643835616438,0.0615
5,20,31.7287671232877,0.0615
5,20,31.8931506849315,0.062
5,20,32.0575342465753,0.0625
5,20,32.2219178082192,0.0625
5,20,32.386301369863,0.063
5,20,32.5506849315069,0.0635
5,20,32.7150684931507,0.0635
5,20,32.8794520547945,0.0645
5,20,33.0438356164384,0.0645
5,20,33.2082191780822,0.0645
5,20,33.372602739726,0.0645
5,20,33.5369863013699,0.0665
5,20,33.7013698630137,0.067
5,20,33.8657534246575,0.0675
5,20,34.0301369863014,0.068
5,20,34.1945205479452,0.0685
5,20,34.358904109589,0.069
5,20,34.5232876712329,0.069
5,20,34.6876712328767,0.07
5,20,34.8520547945205,0.07
5,20,35.0164383561644,0.07
5,20,35.1808219178082,0.07
5,20,35.3452054794521,0.0705
5,20,35.5095890410959,0.071
5,20,35.6739726027397,0.0725
5,20,35.8383561643836,0.0725
5,20,36.0027397260274,0.0735
5,20,36.1671232876712,0.075
5,20,36.3315068493151,0.0755
5,20,36.4958904109589,0.077
5,20,36.6602739726027,0.077
5,20,36.8246575342466,0.077
5,20,36.9890410958904,0.0775
5,20,37.1534246575342,0.078
5,20,37.3178082191781,0.079
5,20,37.4821917808219,0.079
5,20,37.6465753424658,0.0795
5,20,37.8109589041096,0.0805
5,20,37.9753424657534,0.082
5,20,38.1397260273973,0.082
5,20,38.3041095890411,0.082
5,20,38.4684931506849,0.082
5,20,38.6328767123288,0.0825
5,20,38.7972602739726,0.083
5,20,38.9616438356164,0.084
5,20,39.1260273972603,0.0845
5,20,39.2904109589041,0.0845
5,20,39.4547945205479,0.085
5,20,39.6191780821918,0.085
5,20,39.7835616438356,0.086
5,20,39.9479452054794,0.0865
5,20,40.1123287671233,0.0875
5,20,40.2767123287671,0.089
5,20,40.441095890411,0.0895
5,20,40.6054794520548,0.0895
5,20,40.7698630136986,0.0905
5,20,40.9342465753425,0.0905
5,20,41.0986301369863,0.091
5,20,41.2630136986301,0.092
5,20,41.427397260274,0.0925
5,20,41.5917808219178,0.0925
5,20,41.7561643835616,0.0925
5,20,41.9205479452055,0.0925
5,20,42.0849315068493,0.093
5,20,42.2493150684932,0.093
5,20,42.413698630137,0.093
5,20,42.5780821917808,0.093
5,20,42.7424657534247,0.0935
5,20,42.9068493150685,0.094
5,20,43.0712328767123,0.0945
5,20,43.2356164383562,0.095
5,20,43.4,0.0965
5,20,43.5643835616438,0.0965
5,20,43.7287671232877,0.0965
5,20,43.8931506849315,0.0965
5,20,44.0575342465753,0.0965
5,20,44.2219178082192,0.098
5,20,44.386301369863,0.0985
5,20,44.5506849315069,0.0995
5,20,44.7150684931507,0.101
5,20,44.8794520547945,0.102
5,20,45.0438356164384,0.1025
5,20,45.2082191780822,0.1025
5,20,45.372602739726,0.1025
5,20,45.5369863013699,0.103
5,20,45.7013698630137,0.103
5,20,45.8657534246575,0.1035
5,20,46.0301369863014,0.1035
5,20,46.1945205479452,0.1035
5,20,46.358904109589,0.1035
5,20,46.5232876712329,0.1045
5,20,46.6876712328767,0.1045
5,20,46.8520547945205,0.1045
5,20,47.0164383561644,0.1045
5,20,47.1808219178082,0.1055
5,20,47.3452054794521,0.106
5,20,47.5095890410959,0.106
5,20,47.6739726027397,0.106
5,20,47.8383561643836,0.106
5,20,48.0027397260274,0.107
5,20,48.1671232876712,0.108
5,20,48.3315068493151,0.1085
5,20,48.4958904109589,0.109
5,20,48.6602739726027,0.1095
5,20,48.8246575342466,0.1105
5,20,48.9890410958904,0.111
5,20,49.1534246575342,0.111
5,20,49.3178082191781,0.1115
5,20,49.4821917808219,0.1115
5,20,49.6465753424658,0.1125
5,20,49.8109589041096,0.1135
5,20,49.9753424657534,0.114
5,50,0.00273972602739726,0
5,50,0.167123287671233,0
5,50,0.331506849315069,0
5,50,0.495890410958904,0
5,50,0.66027397260274,0
5,50,0.824657534246575,0
5,50,0.989041095890411,0
5,50,1.15342465753425,0
5,50,1.31780821917808,0
5,50,1.48219178082192,0
5,50,1.64657534246575,0
5,50,1.81095890410959,0
5,50,1.97534246575342,0
5,50,2.13972602739726,0
5,50,2.3041095890411,0
5,50,2.46849315068493,0
5,50,2.63287671232877,0
5,50,2.7972602739726,0
5,50,2.96164383561644,0
5,50,3.12602739726027,0
5,50,3.29041095890411,0
5,50,3.45479452054795,0
5,50,3.61917808219178,0
5,50,3.78356164383562,0
5,50,3.94794520547945,0
5,50,4.11232876712329,0
5,50,4.27671232876712,0
5,50,4.44109589041096,0
5,50,4.60547945205479,0
5,50,4.76986301369863,0
5,50,4.93424657534247,0
5,50,5.0986301369863,0
5,50,5.26301369863014,0
5,50,5.42739726027397,0
5,50,5.59178082191781,0
5,50,5.75616438356164,0
5,50,5.92054794520548,0
5,50,6.08493150684932,0
5,50,6.24931506849315,0
5,50,6.41369863013699,0
5,50,6.57808219178082,0
5,50,6.74246575342466,0
5,50,6.90684931506849,0
5,50,7.07123287671233,0
5,50,7.23561643835616,0
5,50,7.4,0
5,50,7.56438356164384,0
5,50,7.72876712328767,0
5,50,7.89315068493151,0
5,50,8.05753424657534,0
5,50,8.22191780821918,0
5,50,8.38630136986301,0
5,50,8.55068493150685,0
5,50,8.71506849315069,0
5,50,8.87945205479452,0
5,50,9.04383561643836,0
5,50,9.20821917808219,0
5,50,9.37260273972603,0
5,50,9.53698630136986,0
5,50,9.7013698630137,0
5,50,9.86575342465753,0
5,50,10.0301369863014,0
5,50,10.1945205479452,0
5,50,10.358904109589,0
5,50,10.5232876712329,0
5,50,10.6876712328767,0
5,50,10.8520547945205,0
5,50,11.0164383561644,0
5,50,11.1808219178082,0
5,50,11.3452054794521,0
5,50,11.5095890410959,0
5,50,11.6739726027397,0
5,50,11.8383561643836,0
5,50,12.0027397260274,0
5,50,12.1671232876712,0
5,50,12.3315068493151,0
5,50,12.4958904109589,0
5,50,12.6602739726027,0
5,50,12.8246575342466,0
5,50,12.9890410958904,0
5,50,13.1534246575342,0
5,50,13.3178082191781,0
5,50,13.4821917808219,0
5,50,13.6465753424658,0
5,50,13.8109589041096,0
5,50,13.9753424657534,0
5,50,14.1397260273973,0
5,50,14.3041095890411,0
5,50,14.4684931506849,0
5,50,14.6328767123288,0
5,50,14.7972602739726,0
5,50,14.9616438356164,0
5,50,15.1260273972603,0
5,50,15.2904109589041,0
5,50,15.4547945205479,0
5,50,15.6191780821918,0
5,50,15.7835616438356,0
5,50,15.9479452054795,0
5,50,16.1123287671233,0
5,50,16.2767123287671,0
5,50,16.441095890411,0
5,50,16.6054794520548,0
5,50,16.7698630136986,0
5,50,16.9342465753425,0
5,50,17.0986301369863,0
5,50,17.2630136986301,0
5,50,17.427397260274,0
5,50,17.5917808219178,0
5,50,17.7561643835616,0
5,50,17.9205479452055,0
5,50,18.0849315068493,0
5,50,18.2493150684931,0
5,50,18.413698630137,0
5,50,18.5780821917808,0
5,50,18.7424657534247,0
5,50,18.9068493150685,0
5,50,19.0712328767123,0
5,50,19.2356164383562,0
5,50,19.4,0
5,50,19.5643835616438,0
5,50,19.7287671232877,0
5,50,19.8931506849315,0
5,50,20.0575342465753,0
5,50,20.2219178082192,0
5,50,20.386301369863,0
5,50,20.5506849315069,0
5,50,20.7150684931507,0
5,50,20.8794520547945,0
5,50,21.0438356164384,0
5,50,21.2082191780822,0
5,50,21.372602739726,0
5,50,21.5369863013699,0
5,50,21.7013698630137,0
5,50,21.8657534246575,0
5,50,22.0301369863014,0
5,50,22.1945205479452,0
5,50,22.358904109589,0
5,50,22.5232876712329,0
5,50,22.6876712328767,0
5,50,22.8520547945205,0
5,50,23.0164383561644,0
5,50,23.1808219178082,0
5,50,23.3452054794521,0
5,50,23.5095890410959,0
5,50,23.6739726027397,0
5,50,23.8383561643836,0
5,50,24.0027397260274,0
5,50,24.1671232876712,0
5,50,24.3315068493151,0
5,50,24.4958904109589,0
5,50,24.6602739726027,0
5,50,24.8246575342466,0
5,50,24.9890410958904,0
5,50,25.1534246575342,0
5,50,25.3178082191781,0
5,50,25.4821917808219,0
5,50,25.6465753424658,0
5,50,25.8109589041096,0
5,50,25.9753424657534,0
5,50,26.1397260273973,0
5,50,26.3041095890411,0
5,50,26.4684931506849,0
5,50,26.6328767123288,0
5,50,26.7972602739726,0
5,50,26.9616438356164,0
5,50,27.1260273972603,0
5,50,27.2904109589041,0
5,50,27.4547945205479,0
5,50,27.6191780821918,0
5,50,27.7835616438356,0
5,50,27.9479452054795,0
5,50,28.1123287671233,0
5,50,28.2767123287671,0
5,50,28.441095890411,0
5,50,28.6054794520548,0
5,50,28.7698630136986,0
5,50,28.9342465753425,0
5,50,29.0986301369863,0
5,50,29.2630136986301,0
5,50,29.427397260274,0
5,50,29.5917808219178,0
5,50,29.7561643835616,0
5,50,29.9205479452055,0
5,50,30.0849315068493,0
5,50,30.2493150684931,0
5,50,30.413698630137,0
5,50,30.5780821917808,0
5,50,30.7424657534247,0
5,50,30.9068493150685,0
5,50,31.0712328767123,0
5,50,31.2356164383562,0
5,50,31.4,0
5,50,31.5643835616438,0
5,50,31.7287671232877,0
5,50,31.8931506849315,0
5,50,32.0575342465753,0
5,50,32.2219178082192,0
5,50,32.386301369863,0
5,50,32.5506849315069,0
5,50,32.7150684931507,0
5,50,32.8794520547945,0
5,50,33.0438356164384,0
5,50,33.2082191780822,0
5,50,33.372602739726,0
5,50,33.5369863013699,0
5,50,33.7013698630137,0
5,50,33.8657534246575,0
5,50,34.0301369863014,0
5,50,34.1945205479452,0
5,50,34.358904109589,0
5,50,34.5232876712329,0
5,50,34.6876712328767,0
5,50,34.8520547945205,0
5,50,35.0164383561644,0
5,50,35.1808219178082,0
5,50,35.3452054794521,0
5,50,35.5095890410959,0
5,50,35.6739726027397,0
5,50,35.8383561643836,0
5,50,36.0027397260274,0
5,50,36.1671232876712,0
5,50,36.3315068493151,0
5,50,36.4958904109589,0
5,50,36.6602739726027,0
5,50,36.8246575342466,0
5,50,36.9890410958904,0
5,50,37.1534246575342,0
5,50,37.3178082191781,0
5,50,37.4821917808219,0
5,50,37.6465753424658,0
5,50,37.8109589041096,0
5,50,37.9753424657534,0
5,50,38.1397260273973,0
5,50,38.3041095890411,0
5,50,38.4684931506849,0
5,50,38.6328767123288,0
5,50,38.7972602739726,0
5,50,38.9616438356164,0
5,50,39.1260273972603,0
5,50,39.2904109589041,0
5,50,39.4547945205479,0
5,50,39.6191780821918,0
5,50,39.7835616438356,0
5,50,39.9479452054794,0
5,50,40.1123287671233,0
5,50,40.2767123287671,0
5,50,40.441095890411,0
5,50,40.6054794520548,0
5,50,40.7698630136986,0
5,50,40.9342465753425,0
5,50,41.0986301369863,0
5,50,41.2630136986301,0
5,50,41.427397260274,0
5,50,41.5917808219178,0
5,50,41.7561643835616,0
5,50,41.9205479452055,0
5,50,42.0849315068493,0
5,50,42.2493150684932,0
5,50,42.413698630137,0
5,50,42.5780821917808,0
5,50,42.7424657534247,0
5,50,42.9068493150685,0
5,50,43.0712328767123,0
5,50,43.2356164383562,0
5,50,43.4,0
5,50,43.5643835616438,0
5,50,43.7287671232877,0
5,50,43.8931506849315,0
5,50,44.0575342465753,0
5,50,44.2219178082192,0
5,50,44.386301369863,0
5,50,44.5506849315069,0
5,50,44.7150684931507,0
5,50,44.8794520547945,0
5,50,45.0438356164384,0
5,50,45.2082191780822,0
5,50,45.372602739726,0
5,50,45.5369863013699,0
5,50,45.7013698630137,0
5,50,45.8657534246575,0
5,50,46.0301369863014,0
5,50,46.1945205479452,0
5,50,46.358904109589,0
5,50,46.5232876712329,0
5,50,46.6876712328767,0
5,50,46.8520547945205,0
5,50,47.0164383561644,0
5,50,47.1808219178082,0
5,50,47.3452054794521,0
5,50,47.5095890410959,0
5,50,47.6739726027397,0
5,50,47.8383561643836,0
5,50,48.0027397260274,0
5,50,48.1671232876712,0
5,50,48.3315068493151,0
5,50,48.4958904109589,0
5,50,48.6602739726027,0
5,50,48.8246575342466,0
5,50,48.9890410958904,0
5,50,49.1534246575342,0
5,50,49.3178082191781,0
5,50,49.4821917808219,0
5,50,49.6465753424658,0
5,50,49.8109589041096,0
5,50,49.9753424657534,0
5,100,0.00273972602739726,0
5,100,0.167123287671233,0
5,100,0.331506849315069,0
5,100,0.495890410958904,0
5,100,0.66027397260274,0
5,100,0.824657534246575,0
5,100,0.989041095890411,0
5,100,1.15342465753425,0
5,100,1.31780821917808,0
5,100,1.48219178082192,0
5,100,1.64657534246575,0
5,100,1.81095890410959,0
5,100,1.97534246575342,0
5,100,2.13972602739726,0
5,100,2.3041095890411,0
5,100,2.46849315068493,0
5,100,2.63287671232877,0
5,100,2.7972602739726,0
5,100,2.96164383561644,0
5,100,3.12602739726027,0
5,100,3.29041095890411,0
5,100,3.45479452054795,0
5,100,3.61917808219178,0
5,100,3.78356164383562,0
5,100,3.94794520547945,0
5,100,4.11232876712329,0
5,100,4.27671232876712,0
5,100,4.44109589041096,0
5,100,4.60547945205479,0
5,100,4.76986301369863,0
5,100,4.93424657534247,0
5,100,5.0986301369863,0
5,100,5.26301369863014,0
5,100,5.42739726027397,0
5,100,5.59178082191781,0
5,100,5.75616438356164,0
5,100,5.92054794520548,0
5,100,6.08493150684932,0
5,100,6.24931506849315,0
5,100,6.41369863013699,0
5,100,6.57808219178082,0
5,100,6.74246575342466,0
5,100,6.90684931506849,0
5,100,7.07123287671233,0
5,100,7.23561643835616,0
5,100,7.4,0
5,100,7.56438356164384,0
5,100,7.72876712328767,0
5,100,7.89315068493151,0
5,100,8.05753424657534,0
5,100,8.22191780821918,0
5,100,8.38630136986301,0
5,100,8.55068493150685,0
5,100,8.71506849315069,0
5,100,8.87945205479452,0
5,100,9.04383561643836,0
5,100,9.20821917808219,0
5,100,9.37260273972603,0
5,100,9.53698630136986,0
5,100,9.7013698630137,0
5,100,9.86575342465753,0
5,100,10.0301369863014,0
5,100,10.1945205479452,0
5,100,10.358904109589,0
5,100,10.5232876712329,0
5,100,10.6876712328767,0
5,100,10.8520547945205,0
5,100,11.0164383561644,0
5,100,11.1808219178082,0
5,100,11.3452054794521,0
5,100,11.5095890410959,0
5,100,11.6739726027397,0
5,100,11.8383561643836,0
5,100,12.0027397260274,0
5,100,12.1671232876712,0
5,100,12.3315068493151,0
5,100,12.4958904109589,0
5,100,12.6602739726027,0
5,100,12.8246575342466,0
5,100,12.9890410958904,0
5,100,13.1534246575342,0
5,100,13.3178082191781,0
5,100,13.4821917808219,0
5,100,13.6465753424658,0
5,100,13.8109589041096,0
5,100,13.9753424657534,0
5,100,14.1397260273973,0
5,100,14.3041095890411,0
5,100,14.4684931506849,0
5,100,14.6328767123288,0
5,100,14.7972602739726,0
5,100,14.9616438356164,0
5,100,15.1260273972603,0
5,100,15.2904109589041,0
5,100,15.4547945205479,0
5,100,15.6191780821918,0
5,100,15.7835616438356,0
5,100,15.9479452054795,0
5,100,16.1123287671233,0
5,100,16.2767123287671,0
5,100,16.441095890411,0
5,100,16.6054794520548,0
5,100,16.7698630136986,0
5,100,16.9342465753425,0
5,100,17.0986301369863,0
5,100,17.2630136986301,0
5,100,17.427397260274,0
5,100,17.5917808219178,0
5,100,17.7561643835616,0
5,100,17.9205479452055,0
5,100,18.0849315068493,0
5,100,18.2493150684931,0
5,100,18.413698630137,0
5,100,18.5780821917808,0
5,100,18.7424657534247,0
5,100,18.9068493150685,0
5,100,19.0712328767123,0
5,100,19.2356164383562,0
5,100,19.4,0
5,100,19.5643835616438,0
5,100,19.7287671232877,0
5,100,19.8931506849315,0
5,100,20.0575342465753,0
5,100,20.2219178082192,0
5,100,20.386301369863,0
5,100,20.5506849315069,0
5,100,20.7150684931507,0
5,100,20.8794520547945,0
5,100,21.0438356164384,0
5,100,21.2082191780822,0
5,100,21.372602739726,0
5,100,21.5369863013699,0
5,100,21.7013698630137,0
5,100,21.8657534246575,0
5,100,22.0301369863014,0
5,100,22.1945205479452,0
5,100,22.358904109589,0
5,100,22.5232876712329,0
5,100,22.6876712328767,0
5,100,22.8520547945205,0
5,100,23.0164383561644,0
5,100,23.1808219178082,0
5,100,23.3452054794521,0
5,100,23.5095890410959,0
5,100,23.6739726027397,0
5,100,23.8383561643836,0
5,100,24.0027397260274,0
5,100,24.1671232876712,0
5,100,24.3315068493151,0
5,100,24.4958904109589,0
5,100,24.6602739726027,0
5,100,24.8246575342466,0
5,100,24.9890410958904,0
5,100,25.1534246575342,0
5,100,25.3178082191781,0
5,100,25.4821917808219,0
5,100,25.6465753424658,0
5,100,25.8109589041096,0
5,100,25.9753424657534,0
5,100,26.1397260273973,0
5,100,26.3041095890411,0
5,100,26.4684931506849,0
5,100,26.6328767123288,0
5,100,26.7972602739726,0
5,100,26.9616438356164,0
5,100,27.1260273972603,0
5,100,27.2904109589041,0
5,100,27.4547945205479,0
5,100,27.6191780821918,0
5,100,27.7835616438356,0
5,100,27.9479452054795,0
5,100,28.1123287671233,0
5,100,28.2767123287671,0
5,100,28.441095890411,0
5,100,28.6054794520548,0
5,100,28.7698630136986,0
5,100,28.9342465753425,0
5,100,29.0986301369863,0
5,100,29.2630136986301,0
5,100,29.427397260274,0
5,100,29.5917808219178,0
5,100,29.7561643835616,0
5,100,29.9205479452055,0
5,100,30.0849315068493,0
5,100,30.2493150684931,0
5,100,30.413698630137,0
5,100,30.5780821917808,0
5,100,30.7424657534247,0
5,100,30.9068493150685,0
5,100,31.0712328767123,0
5,100,31.2356164383562,0
5,100,31.4,0
5,100,31.5643835616438,0
5,100,31.7287671232877,0
5,100,31.8931506849315,0
5,100,32.0575342465753,0
5,100,32.2219178082192,0
5,100,32.386301369863,0
5,100,32.5506849315069,0
5,100,32.7150684931507,0
5,100,32.8794520547945,0
5,100,33.0438356164384,0
5,100,33.2082191780822,0
5,100,33.372602739726,0
5,100,33.5369863013699,0
5,100,33.7013698630137,0
5,100,33.8657534246575,0
5,100,34.0301369863014,0
5,100,34.1945205479452,0
5,100,34.358904109589,0
5,100,34.5232876712329,0
5,100,34.6876712328767,0
5,100,34.8520547945205,0
5,100,35.0164383561644,0
5,100,35.1808219178082,0
5,100,35.3452054794521,0
5,100,35.5095890410959,0
5,100,35.6739726027397,0
5,100,35.8383561643836,0
5,100,36.0027397260274,0
5,100,36.1671232876712,0
5,100,36.3315068493151,0
5,100,36.4958904109589,0
5,100,36.6602739726027,0
5,100,36.8246575342466,0
5,100,36.9890410958904,0
5,100,37.1534246575342,0
5,100,37.3178082191781,0
5,100,37.4821917808219,0
5,100,37.6465753424658,0
5,100,37.8109589041096,0
5,100,37.9753424657534,0
5,100,38.1397260273973,0
5,100,38.3041095890411,0
5,100,38.4684931506849,0
5,100,38.6328767123288,0
5,100,38.7972602739726,0
5,100,38.9616438356164,0
5,100,39.1260273972603,0
5,100,39.2904109589041,0
5,100,39.4547945205479,0
5,100,39.6191780821918,0
5,100,39.7835616438356,0
5,100,39.9479452054794,0
5,100,40.1123287671233,0
5,100,40.2767123287671,0
5,100,40.441095890411,0
5,100,40.6054794520548,0
5,100,40.7698630136986,0
5,100,40.9342465753425,0
5,100,41.0986301369863,0
5,100,41.2630136986301,0
5,100,41.427397260274,0
5,100,41.5917808219178,0
5,100,41.7561643835616,0
5,100,41.9205479452055,0
5,100,42.0849315068493,0
5,100,42.2493150684932,0
5,100,42.413698630137,0
5,100,42.5780821917808,0
5,100,42.7424657534247,0
5,100,42.9068493150685,0
5,100,43.0712328767123,0
5,100,43.2356164383562,0
5,100,43.4,0
5,100,43.5643835616438,0
5,100,43.7287671232877,0
5,100,43.8931506849315,0
5,100,44.0575342465753,0
5,100,44.2219178082192,0
5,100,44.386301369863,0
5,100,44.5506849315069,0
5,100,44.7150684931507,0
5,100,44.8794520547945,0
5,100,45.0438356164384,0
5,100,45.2082191780822,0
5,100,45.372602739726,0
5,100,45.5369863013699,0
5,100,45.7013698630137,0
5,100,45.8657534246575,0
5,100,46.0301369863014,0
5,100,46.1945205479452,0
5,100,46.358904109589,0
5,100,46.5232876712329,0
5,100,46.6876712328767,0
5,100,46.8520547945205,0
5,100,47.0164383561644,0
5,100,47.1808219178082,0
5,100,47.3452054794521,0
5,100,47.5095890410959,0
5,100,47.6739726027397,0
5,100,47.8383561643836,0
5,100,48.0027397260274,0
5,100,48.1671232876712,0
5,100,48.3315068493151,0
5,100,48.4958904109589,0
5,100,48.6602739726027,0
5,100,48.8246575342466,0
5,100,48.9890410958904,0
5,100,49.1534246575342,0
5,100,49.3178082191781,0
5,100,49.4821917808219,0
5,100,49.6465753424658,0
5,100,49.8109589041096,0
5,100,49.9753424657534,0
5,200,0.00273972602739726,0
5,200,0.167123287671233,0
5,200,0.331506849315069,0
5,200,0.495890410958904,0
5,200,0.66027397260274,0
5,200,0.824657534246575,0
5,200,0.989041095890411,0
5,200,1.15342465753425,0
5,200,1.31780821917808,0
5,200,1.48219178082192,0
5,200,1.64657534246575,0
5,200,1.81095890410959,0
5,200,1.97534246575342,0
5,200,2.13972602739726,0
5,200,2.3041095890411,0
5,200,2.46849315068493,0
5,200,2.63287671232877,0
5,200,2.7972602739726,0
5,200,2.96164383561644,0
5,200,3.12602739726027,0
5,200,3.29041095890411,0
5,200,3.45479452054795,0
5,200,3.61917808219178,0
5,200,3.78356164383562,0
5,200,3.94794520547945,0
5,200,4.11232876712329,0
5,200,4.27671232876712,0
5,200,4.44109589041096,0
5,200,4.60547945205479,0
5,200,4.76986301369863,0
5,200,4.93424657534247,0
5,200,5.0986301369863,0
5,200,5.26301369863014,0
5,200,5.42739726027397,0
5,200,5.59178082191781,0
5,200,5.75616438356164,0
5,200,5.92054794520548,0
5,200,6.08493150684932,0
5,200,6.24931506849315,0
5,200,6.41369863013699,0
5,200,6.57808219178082,0
5,200,6.74246575342466,0
5,200,6.90684931506849,0
5,200,7.07123287671233,0
5,200,7.23561643835616,0
5,200,7.4,0
5,200,7.56438356164384,0
5,200,7.72876712328767,0
5,200,7.89315068493151,0
5,200,8.05753424657534,0
5,200,8.22191780821918,0
5,200,8.38630136986301,0
5,200,8.55068493150685,0
5,200,8.71506849315069,0
5,200,8.87945205479452,0
5,200,9.04383561643836,0
5,200,9.20821917808219,0
5,200,9.37260273972603,0
5,200,9.53698630136986,0
5,200,9.7013698630137,0
5,200,9.86575342465753,0
5,200,10.0301369863014,0
5,200,10.1945205479452,0
5,200,10.358904109589,0
5,200,10.5232876712329,0
5,200,10.6876712328767,0
5,200,10.8520547945205,0
5,200,11.0164383561644,0
5,200,11.1808219178082,0
5,200,11.3452054794521,0
5,200,11.5095890410959,0
5,200,11.6739726027397,0
5,200,11.8383561643836,0
5,200,12.0027397260274,0
5,200,12.1671232876712,0
5,200,12.3315068493151,0
5,200,12.4958904109589,0
5,200,12.6602739726027,0
5,200,12.8246575342466,0
5,200,12.9890410958904,0
5,200,13.1534246575342,0
5,200,13.3178082191781,0
5,200,13.4821917808219,0
5,200,13.6465753424658,0
5,200,13.8109589041096,0
5,200,13.9753424657534,0
5,200,14.1397260273973,0
5,200,14.3041095890411,0
5,200,14.4684931506849,0
5,200,14.6328767123288,0
5,200,14.7972602739726,0
5,200,14.9616438356164,0
5,200,15.1260273972603,0
5,200,15.2904109589041,0
5,200,15.4547945205479,0
5,200,15.6191780821918,0
5,200,15.7835616438356,0
5,200,15.9479452054795,0
5,200,16.1123287671233,0
5,200,16.2767123287671,0
5,200,16.441095890411,0
5,200,16.6054794520548,0
5,200,16.7698630136986,0
5,200,16.9342465753425,0
5,200,17.0986301369863,0
5,200,17.2630136986301,0
5,200,17.427397260274,0
5,200,17.5917808219178,0
5,200,17.7561643835616,0
5,200,17.9205479452055,0
5,200,18.0849315068493,0
5,200,18.2493150684931,0
5,200,18.413698630137,0
5,200,18.5780821917808,0
5,200,18.7424657534247,0
5,200,18.9068493150685,0
5,200,19.0712328767123,0
5,200,19.2356164383562,0
5,200,19.4,0
5,200,19.5643835616438,0
5,200,19.7287671232877,0
5,200,19.8931506849315,0
5,200,20.0575342465753,0
5,200,20.2219178082192,0
5,200,20.386301369863,0
5,200,20.5506849315069,0
5,200,20.7150684931507,0
5,200,20.8794520547945,0
5,200,21.0438356164384,0
5,200,21.2082191780822,0
5,200,21.372602739726,0
5,200,21.5369863013699,0
5,200,21.7013698630137,0
5,200,21.8657534246575,0
5,200,22.0301369863014,0
5,200,22.1945205479452,0
5,200,22.358904109589,0
5,200,22.5232876712329,0
5,200,22.6876712328767,0
5,200,22.8520547945205,0
5,200,23.0164383561644,0
5,200,23.1808219178082,0
5,200,23.3452054794521,0
5,200,23.5095890410959,0
5,200,23.6739726027397,0
5,200,23.8383561643836,0
5,200,24.0027397260274,0
5,200,24.1671232876712,0
5,200,24.3315068493151,0
5,200,24.4958904109589,0
5,200,24.6602739726027,0
5,200,24.8246575342466,0
5,200,24.9890410958904,0
5,200,25.1534246575342,0
5,200,25.3178082191781,0
5,200,25.4821917808219,0
5,200,25.6465753424658,0
5,200,25.8109589041096,0
5,200,25.9753424657534,0
5,200,26.1397260273973,0
5,200,26.3041095890411,0
5,200,26.4684931506849,0
5,200,26.6328767123288,0
5,200,26.7972602739726,0
5,200,26.9616438356164,0
5,200,27.1260273972603,0
5,200,27.2904109589041,0
5,200,27.4547945205479,0
5,200,27.6191780821918,0
5,200,27.7835616438356,0
5,200,27.9479452054795,0
5,200,28.1123287671233,0
5,200,28.2767123287671,0
5,200,28.441095890411,0
5,200,28.6054794520548,0
5,200,28.7698630136986,0
5,200,28.9342465753425,0
5,200,29.0986301369863,0
5,200,29.2630136986301,0
5,200,29.427397260274,0
5,200,29.5917808219178,0
5,200,29.7561643835616,0
5,200,29.9205479452055,0
5,200,30.0849315068493,0
5,200,30.2493150684931,0
5,200,30.413698630137,0
5,200,30.5780821917808,0
5,200,30.7424657534247,0
5,200,30.9068493150685,0
5,200,31.0712328767123,0
5,200,31.2356164383562,0
5,200,31.4,0
5,200,31.5643835616438,0
5,200,31.7287671232877,0
5,200,31.8931506849315,0
5,200,32.0575342465753,0
5,200,32.2219178082192,0
5,200,32.386301369863,0
5,200,32.5506849315069,0
5,200,32.7150684931507,0
5,200,32.8794520547945,0
5,200,33.0438356164384,0
5,200,33.2082191780822,0
5,200,33.372602739726,0
5,200,33.5369863013699,0
5,200,33.7013698630137,0
5,200,33.8657534246575,0
5,200,34.0301369863014,0
5,200,34.1945205479452,0
5,200,34.358904109589,0
5,200,34.5232876712329,0
5,200,34.6876712328767,0
5,200,34.8520547945205,0
5,200,35.0164383561644,0
5,200,35.1808219178082,0
5,200,35.3452054794521,0
5,200,35.5095890410959,0
5,200,35.6739726027397,0
5,200,35.8383561643836,0
5,200,36.0027397260274,0
5,200,36.1671232876712,0
5,200,36.3315068493151,0
5,200,36.4958904109589,0
5,200,36.6602739726027,0
5,200,36.8246575342466,0
5,200,36.9890410958904,0
5,200,37.1534246575342,0
5,200,37.3178082191781,0
5,200,37.4821917808219,0
5,200,37.6465753424658,0
5,200,37.8109589041096,0
5,200,37.9753424657534,0
5,200,38.1397260273973,0
5,200,38.3041095890411,0
5,200,38.4684931506849,0
5,200,38.6328767123288,0
5,200,38.7972602739726,0
5,200,38.9616438356164,0
5,200,39.1260273972603,0
5,200,39.2904109589041,0
5,200,39.4547945205479,0
5,200,39.6191780821918,0
5,200,39.7835616438356,0
5,200,39.9479452054794,0
5,200,40.1123287671233,0
5,200,40.2767123287671,0
5,200,40.441095890411,0
5,200,40.6054794520548,0
5,200,40.7698630136986,0
5,200,40.9342465753425,0
5,200,41.0986301369863,0
5,200,41.2630136986301,0
5,200,41.427397260274,0
5,200,41.5917808219178,0
5,200,41.7561643835616,0
5,200,41.9205479452055,0
5,200,42.0849315068493,0
5,200,42.2493150684932,0
5,200,42.413698630137,0
5,200,42.5780821917808,0
5,200,42.7424657534247,0
5,200,42.9068493150685,0
5,200,43.0712328767123,0
5,200,43.2356164383562,0
5,200,43.4,0
5,200,43.5643835616438,0
5,200,43.7287671232877,0
5,200,43.8931506849315,0
5,200,44.0575342465753,0
5,200,44.2219178082192,0
5,200,44.386301369863,0
5,200,44.5506849315069,0
5,200,44.7150684931507,0
5,200,44.8794520547945,0
5,200,45.0438356164384,0
5,200,45.2082191780822,0
5,200,45.372602739726,0
5,200,45.5369863013699,0
5,200,45.7013698630137,0
5,200,45.8657534246575,0
5,200,46.0301369863014,0
5,200,46.1945205479452,0
5,200,46.358904109589,0
5,200,46.5232876712329,0
5,200,46.6876712328767,0
5,200,46.8520547945205,0
5,200,47.0164383561644,0
5,200,47.1808219178082,0
5,200,47.3452054794521,0
5,200,47.5095890410959,0
5,200,47.6739726027397,0
5,200,47.8383561643836,0
5,200,48.0027397260274,0
5,200,48.1671232876712,0
5,200,48.3315068493151,0
5,200,48.4958904109589,0
5,200,48.6602739726027,0
5,200,48.8246575342466,0
5,200,48.9890410958904,0
5,200,49.1534246575342,0
5,200,49.3178082191781,0
5,200,49.4821917808219,0
5,200,49.6465753424658,0
5,200,49.8109589041096,0
5,200,49.9753424657534,0
