"e_s","e_i","D","p","T_elim","R_v","log10_prev50"
0.281959934721484,0.47317803395295,5.96305750726331,0.814690291084683,200,1.92676329595083,-0.379181017124199
0.558442430375648,0.729341811217798,2.84822380684245,0.667735869884002,200,2.08561220656433,-0.368902999920652
0.596485167039651,0.924257531814681,8.04405311796666,0.307244588075423,200,2.233258940736,-0.310157219309599
0.206564038488013,0.469676542896234,34.220959905045,0.798100174529237,200,1.6354060469574,-0.44071622211458
0.443320451075079,0.260879812301354,4.06394519947573,0.512146713878525,200,2.3627673811134,-0.274890686999716
0.51330590740263,0.596699063783251,5.05193874899069,0.45507805320456,200,2.21253224885587,-0.314723111448813
0.582406289867366,0.797557138951014,3.51961065301774,0.380134302136325,200,2.32906392006304,-0.294031649534506
0.788080927323123,0.787454383959039,2.56959551941806,0.944427897500837,200,1.76351427757236,-0.532495529430653
0.659129717709108,0.526348411585107,30.0233091113343,0.437477262072048,200,1.88989848614426,-0.408714682325177
0.388608181794523,0.684733337674251,9.57841231845822,0.984799074227634,200,1.19295094450889,-0.926630806915182
0.809048022735616,0.804064075166453,7.78102445179456,0.450225457863611,200,1.98045723428238,-0.41815283196222
0.330374002176438,0.194461716349904,3.42965604768277,0.380379148530665,200,2.57010495246197,-0.230747237535803
0.45693328400664,0.812836166464293,7.92441154217518,0.957054301842651,200,1.15660669164743,-1.02476025016103
0.703568672598596,0.181219148296975,4.59089200442516,0.317683750149041,200,2.43221355698419,-0.270664743109462
0.543016067933865,0.229881522947224,12.0364630715534,0.517358107701371,200,2.08613477327603,-0.334472684238623
0.541288256677558,0.673707062171896,20.5644728189272,0.405202928053223,200,1.98674404036243,-0.36301615581259
0.428002346589509,0.200328634625367,15.6565812232613,0.906350488657582,200,1.68881467303797,-0.444622727570148
0.28973536256038,0.597653349175859,24.4626069355502,0.778122759139872,200,1.45059911646992,-0.570949924864215
0.240513920717943,0.298076068400716,20.1429472338967,0.958812486353648,200,1.74430753809072,-0.400732560334687
0.670727190384556,0.89993187391907,2.60615399784866,0.717290104556254,200,1.99801393516731,-0.412604173898794
0.877429998287256,0.890951963609717,4.36455199282915,0.513130450967606,200,2.03488917834925,-0.413645390356868
0.77983184440032,0.0385467115237184,16.9650540915309,0.457185186657527,200,1.9756407926304,-0.401294074976414
0.237526082391307,0.190086263366688,7.83023606237759,0.848524303167849,200,2.1870842163398,-0.292466824976391
0.812767772980104,0.900899902596596,9.54121557773156,0.972515439079034,117.75722807591,0.871001258504573,-1.87729382188458
0.421339889978742,0.141187236725042,29.9431082069302,0.885878886867982,200,1.69302480773024,-0.42395704299172
0.409849600622679,0.0068431711236597,32.294983087991,0.707609030135993,200,2.06940354112866,-0.308270015662484
0.48863084779776,0.250215424874871,2.17552813122193,0.822113790959228,200,2.27746189786532,-0.308287475067569
0.577845655216944,0.76914337387492,11.2613630804519,0.315776592862459,200,2.20409775527033,-0.311879641387643
0.431382918557191,0.848400592504069,5.99473513990366,0.573494330053388,200,1.89439326576756,-0.409133659896529
0.697742795118356,0.721700571944956,13.808316147136,0.414719348665645,200,1.9649775782928,-0.398028174871605
0.282527476445135,0.796753585160869,6.71727837563746,0.966939628724699,200,1.30684930005681,-0.783178170153907
0.263786396536262,0.635482087072575,9.31019130597758,0.634743407199555,200,1.87202915534947,-0.386469536317392
0.47544877158762,0.147611406648112,18.379024551013,0.708332546704394,200,1.89102309135684,-0.373738381957457
0.812117727294999,0.455714824838603,13.3299903923433,0.459147420955977,200,1.89997635824335,-0.443920150343989
0.80372943360686,0.642726726587831,17.6762951746104,0.591868709232868,200,1.5277462499722,-0.64719881138332
0.315773049526188,0.887324729587281,8.31417456206691,0.4853935776748,200,1.93467360026574,-0.375222398564103
0.245367200707675,0.145858585319001,3.68173653163376,0.613798521255694,200,2.50088119072961,-0.240744281021456
0.434028959090426,0.0144839000550487,10.5130231222479,0.770327912102865,200,2.0985360794061,-0.316676723957134
0.834202231804204,0.211225656539924,2.11219370272795,0.451942127016699,200,2.40445412754089,-0.29114493468787
0.41355897842038,0.281068301956662,2.07383932141042,0.676885917366319,200,2.41048868886521,-0.27217757625447
0.457709311009788,0.845457557794009,3.78016385508016,0.663438309108109,200,1.94092224028768,-0.4072653183015
0.763885639444009,0.484693978705086,3.58616426541584,0.715529197424534,200,1.93473005944634,-0.439849010681209
0.471989955705722,0.57763383596276,5.8251796998596,0.750308545627127,200,1.80275767742543,-0.447682964224707
0.409297657312453,0.908883993004794,5.69791775625472,0.742242476292164,200,1.60735448146229,-0.550422106850092
0.219516482540678,0.904704875543834,17.0326562682741,0.785481657300028,200,1.12758769341983,-0.983759958161902
0.209781728766463,0.807923847530037,10.7021754060964,0.579638541707334,200,1.77932599087617,-0.415643123721227
0.811433719488396,0.564644747514802,2.14316743908984,0.713248147726882,200,2.12918160662759,-0.377499072005146
0.393718553291106,0.0429552472448287,6.57899566940476,0.628043866397937,200,2.33243601404711,-0.27050659194679
0.895525405417375,0.0241243329180366,4.02497259118655,0.500312911632882,200,2.14732080595467,-0.373750793703037
0.258890850176018,0.450136299589482,10.4844146766943,0.63153431509429,200,2.02926913988392,-0.331358075282453
0.635676815505372,0.814637219039859,25.0073242669119,0.386866699079649,200,1.92443763268185,-0.397238308556116
0.345738386099731,0.196246994178998,14.5635802451999,0.336123224117972,200,2.45045420952488,-0.241794011944973
0.763031734697234,0.713424536925073,34.0386698216086,0.367363856321077,200,1.93991186880425,-0.411709323644414
0.562031989150813,0.624626532917664,4.35640166861991,0.715212989316469,200,1.89614090060115,-0.428076966489111
0.210081530338658,0.310699645342655,5.08722060786903,0.30360910704562,200,2.58223998430054,-0.223947172609856
0.346619861837632,0.31739203934328,28.3964054571604,0.469476930999864,200,2.16112879477436,-0.291971608770657
0.54528834446026,0.0261471456550489,5.31012624241099,0.800917443043141,200,2.06630172649596,-0.350951657906687
0.57738891003038,0.600992596410824,6.39680945435876,0.564758408285367,200,1.9694859161341,-0.391685240101973
0.769756911888478,0.601855417203616,2.5605710358304,0.631144263494465,200,2.14547373560607,-0.366202521986038
0.542593087961509,0.306771283973781,4.11112271767749,0.794688498845627,200,2.00191876543556,-0.383106267177264
0.675932456977409,0.191765359177169,6.77307885619497,0.402023875113546,200,2.26718188194845,-0.306639369058754
0.386127252458533,0.542412697512381,2.53604160356989,0.546858854569697,200,2.35613944331834,-0.282546287104645
0.568357173689416,0.099148886380756,3.19586061531727,0.428044555343649,200,2.46567366180123,-0.259262339364769
0.453237196147776,0.907059955651332,8.07991831142373,0.783016194045,200,1.37174516140899,-0.72789029520085
0.339378488044511,0.875024416100455,15.7962956519937,0.411487713850204,200,1.94742936197122,-0.359458193675213
0.201191377216803,0.355164184891328,2.21315060425972,0.65243434016821,200,2.47334588102511,-0.252065196219418
0.764905068100415,0.401016898808015,36.1075788111218,0.363236568108868,200,2.01238485782493,-0.383190997925243
0.22342642444633,0.441654736660266,23.7278131974976,0.862098834302121,200,1.62016570765163,-0.455243397113701
0.476072587858466,0.862197317335184,11.9403027672423,0.405756451294439,200,1.99898743932362,-0.361206306629721
0.46035894276915,0.509831677854119,5.83158098823854,0.58418890958461,200,2.0668340178734,-0.349002305453249
0.773635890895477,0.249285451092315,29.9202554974764,0.840698177102231,200,1.06210913291881,-1.22836990737765
0.449266076612636,0.413466892613991,7.68171730017205,0.81216666670399,200,1.7624219014131,-0.448667554117448
0.676626405892568,0.221252435022849,17.6112282390767,0.464452152941384,200,2.00021446563005,-0.374111731340348
0.666097197259373,0.0582064821108322,6.48722650758917,0.720723349765797,200,1.92113318773608,-0.412889318369653
0.652225448341792,0.238635444334382,10.9853851389195,0.302326209140484,200,2.33991569235863,-0.282306561082538
0.797957121753312,0.843572660813481,23.6318860116069,0.426956161943777,200,1.80276586635927,-0.481566149480137
0.677140482393163,0.577434547545074,28.4065487648418,0.769098491601801,200,1.15593112881675,-1.01204072754367
0.697529790768299,0.317257309435723,7.83366873475966,0.391176925075015,200,2.21404545175898,-0.322310967237795
0.442608500688934,0.595083867890625,5.60382306666721,0.94945352228495,200,1.55935406827357,-0.577708078489513
0.698642912134016,0.242236906415849,4.7381309361415,0.788495291997958,200,1.84419468026469,-0.460639117347646
0.563987169579649,0.808838259406966,14.1257962389458,0.751681044154979,200,1.27142806085081,-0.83704881395023
0.56213814856254,0.123002325111441,34.3616250404433,0.838849674152847,200,1.49675968823464,-0.550663946491755
0.732098879794823,0.892830861689313,4.26044665681558,0.449001879689066,200,2.14938351911162,-0.355504897324688
0.73337408153691,0.761828766171696,2.94418961770893,0.665234413171001,200,2.02823827345642,-0.403764865496374
0.814266560027888,0.860587123815983,3.36279222661125,0.34327003891593,200,2.35849585127407,-0.300522662706028
0.601405295074297,0.941548286716927,25.0752517401802,0.762621654484452,200,0.982908102705349,-1.39325623798526
0.674330612714433,0.750017067268987,29.66766357973,0.753726632935267,200,1.07740090991322,-1.17457648938542
0.305109853579492,0.142217498156894,2.47514725227643,0.890469778042465,200,2.40062350472452,-0.26760636072046
0.490270574614592,0.409292548984871,6.86308857851315,0.335433477259132,200,2.37875679770045,-0.268107454069851
0.587732421284363,0.127543963782272,4.15127019754864,0.321809040630787,200,2.50059079749326,-0.25016173506912
0.576127660657031,0.143849947040648,3.96066050275354,0.468693055862592,200,2.3723146469991,-0.279094419976069
0.31629612281473,0.473092589917992,11.4729782630933,0.454588860043449,200,2.18895837733763,-0.294369793840846
0.200510431169136,0.530069839781193,19.3772735015777,0.47227471423711,200,2.11170123343378,-0.29944745696514
0.491407812021812,0.849009680408387,5.11092504154173,0.776395959152987,200,1.63528081197258,-0.546757225704967
0.24667442701507,0.359228958739395,24.3834578722397,0.446111284496604,200,2.24464836308361,-0.271329678149953
0.258137174109835,0.478190690435217,3.17036064406452,0.413246349452677,200,2.47799040285878,-0.248216853341103
0.746106240169797,0.438874171394657,22.7201640261618,0.860243718596765,200,1.0240237161692,-1.32253331846016
0.774353998664868,0.523425727613414,7.11668443629851,0.615954235498033,200,1.7887335591618,-0.495415195471181
0.327765776183976,0.278513140233315,3.03826015430254,0.827963750170551,200,2.26501390014522,-0.298055533270708
0.432310814868069,0.946905279835682,2.5465957256939,0.848004520700088,200,1.86055465686566,-0.452624917354587
0.785081729983375,0.654384660842413,19.0531790111699,0.466752547358427,200,1.79029487788848,-0.484565272661158
0.661273312452707,0.715996310028034,4.24595980441761,0.41615003176122,200,2.2408930158759,-0.32065097157698
0.621629148004996,0.385833793618988,11.0890713818232,0.448495474664611,200,2.08125842714467,-0.348289327976942
0.241455220659062,0.610742647954542,5.78638040863254,0.39363704660382,200,2.33093931336293,-0.2703131072787
0.587552445941364,0.92644267497112,2.97725571969336,0.57087897618964,200,2.11085890189024,-0.362515878756792
0.813570341446251,0.33689400233652,8.2228241196211,0.639375229264982,200,1.7192985833954,-0.536249928593261
0.52097605792246,0.368409410677194,3.17351853046201,0.91102022583518,200,1.9795281364118,-0.397156866818674
0.85699931034677,0.513385887203292,3.43927583461071,0.377507967969519,200,2.33029300181346,-0.311546123436567
0.606040413194165,0.0811480582850752,2.738002536654,0.519637644765844,200,2.40970470283182,-0.275628155439147
0.323874686044509,0.299635384803118,10.9279044637795,0.874641918023994,200,1.83949115308426,-0.389310152881414
0.696470739861166,0.69749843982507,37.9405372624738,0.907291167042265,67.5838118721092,0.69785496208783,-2.36101216747218
0.68545870805555,0.176143094094715,2.2371465338681,0.621027365078956,200,2.31799099205134,-0.306744429063444
0.395929457860176,0.579569088287729,13.7115379662283,0.352202317101803,200,2.22571936666584,-0.289776735684133
0.638258177337811,0.407836858556963,20.6516971211186,0.846746148087224,200,1.22099116934153,-0.887914509903134
0.27537476980874,0.4840780682241,4.72359123482727,0.319127101165615,200,2.4919505644046,-0.241742335584665
0.314319447566313,0.0570279173710228,22.4389396455932,0.904015091435759,200,2.03673381443212,-0.310798668552767
0.224139056423834,0.519865187300132,7.21322689038582,0.684224431237509,200,2.00831705956898,-0.344714317407384
0.805745585595785,0.752855008636799,10.195214664316,0.644768964538646,200,1.5398003364824,-0.64905066027388
0.874727575544431,0.00914506874909469,35.0846222737849,0.42507661525254,200,1.86137022753186,-0.468978329249683
0.541450567991799,0.328931377018243,35.3188352680739,0.839431883475697,200,1.32948285907102,-0.695995865297255
0.331501660392255,0.0964382000954822,10.4947295232722,0.706741957697823,200,2.2254586068062,-0.283291318311822
0.419998465843522,0.402149950825407,16.2723572684613,0.990607533200023,200,1.32464142823028,-0.701180720202769
0.658770130321042,0.828849754485872,3.34074159890626,0.811655797981921,200,1.78403812310216,-0.499876268203716
0.67855283385183,0.560715607760431,31.6542134548379,0.75571410647297,200,1.17453263058295,-0.977062599410832
0.620195789492146,0.571766579385408,16.7812448152515,0.441875958083787,200,1.95512654606452,-0.385395053068807
0.884262568502369,0.27800613041914,33.2125136793211,0.87164083035655,82.2688947998907,0.787649754225811,-2.16157833430504
0.238458406226826,0.604428930582323,6.12698562219239,0.702520619412038,200,1.94515883663742,-0.371400903312044
0.46553695990014,0.509851405009655,26.001362868551,0.440328223780178,200,2.008137390511,-0.343122545619069
0.369714479131081,0.639291070944602,9.86321723087242,0.705708926156955,200,1.69136697682506,-0.470572841734522
0.866477440916017,0.166115840910538,6.06457075217254,0.550855252891267,200,1.95086464832848,-0.441273759962526
0.459993002069633,0.653552971835923,10.0088852174957,0.884257127191832,200,1.33008839159315,-0.750434886335594
0.242368888234262,0.626560967252268,13.6552678909082,0.487673177042953,200,2.03369216047937,-0.326604380388299
0.853284098021267,0.696544863545658,9.97399341285687,0.372146002402071,200,2.07765843319738,-0.386430725890658
0.551771174897098,0.627190668956194,26.2048105757512,0.94772472766072,125.219752555808,0.86318060866586,-1.69751664851172
0.748716997815878,0.490988578134313,3.79646882576859,0.648663938695146,200,1.99933421374381,-0.410893996583651
0.375326553183476,0.261887691619624,12.2310210127814,0.356118622703214,200,2.39329451644327,-0.254142242312105
0.747596658023936,0.135998807096536,9.18626660360671,0.527753201099695,200,1.97947027757921,-0.401195947020555
0.606473005347055,0.90562689952179,18.970861260819,0.393870554765291,200,1.91538561149505,-0.399927697297436
0.399007278305478,0.399302819795348,15.2668741797345,0.704446511879501,200,1.78853052875238,-0.411971242907855
0.790274788696505,0.839237995481464,31.8508907719498,0.50127188716211,200,1.58813189466575,-0.596651658820055
0.533501173195615,0.22546960942935,21.7863067221714,0.341381910032057,200,2.28389701231387,-0.280687303709786
0.893564810890945,0.6691430191248,7.70537453848667,0.8328166217844,200,1.2784644256914,-0.948154474096749
0.879698412737452,0.926707235667792,39.0288638113636,0.594830633997157,200,1.29443940620174,-0.903744487593313
0.402556175423212,0.155645569778501,13.4449717550505,0.989886138298339,200,1.72539115025879,-0.426176208063985
0.353169222546842,0.540541887320586,7.34113575227195,0.373366110857343,200,2.31639593828806,-0.27458005375589
0.718128701375014,0.386042569602316,10.4476455313789,0.521929270746947,200,1.91055702044462,-0.422612099592691
0.68815716161908,0.468192509115018,27.0320857086989,0.894338729701447,200,0.963033544618703,-1.44499291734808
0.667542761296321,0.344197514209326,3.34834761382685,0.854580474293434,200,1.91159918767143,-0.437282398189161
0.592648751933027,0.0503542302433789,24.3650281207203,0.900768168005728,200,1.4597070252715,-0.584858438020211
0.758620602262478,0.59326966392505,3.53719242546232,0.323435254283195,200,2.40556403688921,-0.283341136053282
0.340881995290658,0.162318846766457,6.08814756740036,0.880907418129935,200,2.11619749375665,-0.319171797868429
0.384565671800131,0.773532399914662,25.6882089331376,0.976860191254652,79.6570126666819,0.741744143722308,-2.07360062911963
0.537188435999925,0.480588675760703,3.42341266761278,0.883816941297404,200,1.89701104113343,-0.430202373809061
0.565019037966834,0.857208536871565,18.6199388752604,0.601575591344573,200,1.48402573125471,-0.617844550257923
0.201955776644157,0.538468302474536,3.51698704305762,0.669731131785316,200,2.22597063597676,-0.30206806889252
0.799937422994571,0.714799425781153,2.22743579274105,0.549089539635895,200,2.25805624114319,-0.333046123675915
0.399533264463426,0.143128665825034,3.15924454008887,0.424006078319438,200,2.54030982300379,-0.238439016872169
0.203656577411022,0.568772299807468,4.48608028107316,0.857260302555623,200,1.93769169217158,-0.381992610560182
0.691062448935428,0.676510924111512,2.49869492606971,0.433639478417082,200,2.36344821017527,-0.294243676804376
0.796984827868997,0.373174106382742,29.5117381547782,0.814292845174647,200,1.03267346899506,-1.32155108367636
0.435504021989515,0.0382838192341733,2.97593903261014,0.90931127464304,200,2.28467553301341,-0.295715929776535
0.844821331472089,0.031241392865517,7.76219167968302,0.656972470547903,200,1.74289816226489,-0.530346999097082
0.602817350659263,0.121654297773819,6.2710027718834,0.71040037606707,200,1.98790295309354,-0.381334710418954
0.554092221349742,0.313468467799768,2.99878125289637,0.54313156659697,200,2.3315275876941,-0.292453385765989
0.561661548890104,0.71815427869227,29.2136396097322,0.784287878677264,200,1.09275332705425,-1.09546683820611
0.894723323066276,0.171752866352594,10.3439153475122,0.75007294526593,200,1.3880019117204,-0.808832594220314
0.872300992874514,0.804725138601048,37.0458894297909,0.832354517548151,69.9202748504534,0.733985023336489,-2.35842603501015
0.288672173475986,0.0990974163746539,27.1918742882024,0.633158401666714,200,2.24527025131216,-0.269112435216543
0.512173130353043,0.292819031850897,12.1516989946513,0.474648393112693,200,2.13714752273241,-0.318603759859526
0.762480413572552,0.115338113737199,2.13498065414359,0.610236635621583,200,2.30945712942913,-0.314289574580888
0.314744381803445,0.0814532200592686,7.78700627785139,0.878066938191171,200,2.18655906339286,-0.294138030783946
0.871424725970152,0.618113028584828,23.5222543242815,0.968559629846644,48.7615775411705,0.570098511963625,-3.06355799364027
0.623986430181237,0.640646363545822,4.0032138730188,0.632725904135476,200,2.00538353031963,-0.39460790742525
0.325751475568224,0.346399224889181,31.5682679296653,0.813740370832772,200,1.66282715934832,-0.436209605523636
0.41124531593509,0.290753397241134,11.3661527573083,0.723592028041603,200,1.91292804093218,-0.37282219383684
0.712313125527534,0.228325737002182,4.35023764848265,0.379629680321637,200,2.35768991289361,-0.290569408086905
0.576953375907149,0.19864880806969,32.9554491609836,0.685622277104994,200,1.66270800075172,-0.473998470873885
0.821230881046535,0.0970277062183013,6.60145606355203,0.898819231347204,200,1.44652217979118,-0.729694588464926
0.35237582508674,0.206287447704767,6.65294021416152,0.771733081378415,200,2.12872195262851,-0.316021775104681
0.636133663268007,0.45812609414908,2.78862722680169,0.498447943941628,200,2.32218406581119,-0.300895840277513
0.686247467377091,0.414268234828068,15.5446410676093,0.893093532345522,200,1.15123997995263,-1.03297566464911
0.720062994239518,0.483659138108899,2.79884236690997,0.749086288656822,200,2.02837172487594,-0.401949414665231
0.252347746282537,0.684538886571672,7.88490118966451,0.955669476979016,200,1.40758418889237,-0.657831920167875
0.569534435475191,0.0589886694274843,13.0906072364946,0.743136809149167,200,1.83788631369371,-0.40977181243876
0.83583007003159,0.194317313301253,3.83800038391916,0.625269954761257,200,2.02825952483399,-0.41007859325172
0.467272941935334,0.167797226104264,4.3320597183461,0.654088696046841,200,2.25390432669549,-0.300118171880016
0.359958708240371,0.684304306082144,29.0822193751422,0.96716187737997,145.684697790397,0.883246592739212,-1.56407617582235
0.297849244235487,0.359000039237097,18.6403195865178,0.704903693655723,200,1.8982253180687,-0.359063977080618
0.591233411403901,0.100031834063815,6.73122147306364,0.553905561083959,200,2.17120631888076,-0.32334083949131
0.375829353005059,0.638249249354114,38.5810063141134,0.875105225226547,200,1.07043711447668,-1.06189823788888
0.412953075083345,0.11934766227194,3.55536886101196,0.401108744393778,200,2.54002413324167,-0.237776720787003
0.607884809729527,0.0672535931724939,12.3667308089615,0.689345542335658,200,1.86073608607882,-0.410726970603015
0.289142470161679,0.452597252370235,8.53059818253327,0.928462413050203,200,1.69362191489964,-0.459678022410683
0.718860148227308,0.243574822907437,9.81179046358348,0.899157743645677,200,1.36025777023293,-0.766040876915246
0.388883342506962,0.154200693093892,5.35167029968262,0.734664392302333,200,2.21622974891085,-0.30031390200233
0.595254331610127,0.867671060626853,36.0647537651701,0.574585449767904,200,1.42172776383057,-0.663064675605662
0.267731848270795,0.445405082159202,2.45948809276614,0.745213511322788,200,2.30863253100202,-0.290452660258425
0.782292099606673,0.0414165733900581,2.29083852219686,0.443910764489222,200,2.42838861900269,-0.281126007719705
0.897578624176009,0.820399012258241,28.0080505458567,0.527997388893436,200,1.52091954621607,-0.68491331381767
0.448760423766752,0.585216248652475,3.0959287855607,0.603319485267508,200,2.2092740149761,-0.320802081876593
0.879221532539713,0.120978542449779,7.93128723998598,0.842242982932483,200,1.36164677888703,-0.83397453545437
0.210441794142826,0.501709421635369,32.7971377751182,0.301809187462072,200,2.34562723611693,-0.251628291286606
0.33714212521639,0.432218669767398,31.0963803010513,0.793023816156915,200,1.56557052096775,-0.489779231036192
0.293748064418649,0.693092637827449,2.64563889845859,0.610762201704294,200,2.2445093885185,-0.307822261715669
0.383356878449628,0.229180811688956,8.43577435460079,0.834680363339418,200,1.95045425408619,-0.363022862881845
0.836918598077772,0.696006102895989,20.5781629891698,0.503228931407863,200,1.6678550052134,-0.564005705507423
0.644766068946943,0.20170529993341,30.6635885042167,0.408920849130435,200,2.07316326900891,-0.342067428918035
0.797686084677093,0.481980332015381,3.30237909570574,0.428118800350752,200,2.29765581207969,-0.316829946772366
0.466356845721765,0.6648649927168,7.22805169975911,0.572109068881239,200,1.93235686882164,-0.390891698624612
0.829077163031674,0.829978555891465,2.59832714501451,0.76790328616472,200,1.93889558901935,-0.452676639054265
0.233315812232927,0.268765694683379,2.38108717452038,0.604499776981344,200,2.51413750783568,-0.243123141849728
0.646054324799683,0.730356230969657,8.33069576816028,0.738388573244874,200,1.50505577530805,-0.639676725103547
0.832291624892061,0.733399663328348,12.9328782967743,0.352019971681898,200,2.0720909163522,-0.382959915339648
0.20115280566207,0.592029538041423,28.7089366201408,0.610858471607068,200,1.78254150908122,-0.38792017278864
0.825310094840243,0.394416312969266,10.5436282120089,0.643140723823461,200,1.60932120041844,-0.60184456689093
0.317816262771864,0.40360920653292,2.52557041940838,0.902069688980227,200,2.19465428334184,-0.321825385147709
0.34120696664153,0.740053050376642,19.6632604757223,0.677694447895427,200,1.47847200739552,-0.572513616079176
0.388510677835213,0.320066493287329,2.39471362654775,0.875825362653324,200,2.23983569809474,-0.312674822915924
0.838460647322129,0.111053993036408,7.36474335834884,0.849569284462548,200,1.44331992259769,-0.736792517075515
0.635479582426542,0.704388141947589,33.015217273447,0.776084145982074,200,1.05767917268167,-1.19438863661583
0.258634213283868,0.84820223569201,2.91581625989413,0.347511034744116,200,2.42410334441058,-0.261296872433651
0.241828915470443,0.341146707063921,7.42651665575116,0.946068963111572,200,1.91747050735084,-0.36941353431729
0.297228561110973,0.726951736457006,9.44949270461092,0.907631081942096,200,1.32352391569948,-0.738919870205234
0.484562359430199,0.281766890710907,11.2065904893228,0.399868326180793,200,2.27502484341102,-0.284537327340172
0.337774263694688,0.375281021254417,3.63949356492577,0.346283704687143,200,2.5238479601608,-0.239466174318616
0.822619047143776,0.810001355886424,3.82506540324466,0.599580664990772,200,1.97672908125258,-0.430673441456295
0.651275820833468,0.578142492005062,32.2630089417741,0.707085955899659,200,1.28718235674153,-0.806713068029706
0.692583078306626,0.631095055025762,6.39317856976346,0.682546507312241,200,1.72749435345942,-0.514176148251613
0.768581377014712,0.512620811323519,9.67483697843723,0.998389921825317,200,1.00349147168128,-1.43162739503687
0.788266608248108,0.384970291767005,18.5246326040701,0.316493632660961,200,2.16262066137093,-0.342267727204217
0.245818976772352,0.710923792256861,13.1380822684575,0.300634733700116,200,2.29177764271071,-0.268999366622313
0.645433292022588,0.682299534441247,30.9017000375545,0.926028192572854,77.2914727417723,0.745018633348171,-2.15772497638141
0.316752349372262,0.34610085992954,6.28163240169842,0.331691001176392,200,2.48251728288121,-0.241683514073207
0.539106349348005,0.871208703930078,22.1430697836575,0.548481407656715,200,1.56484448925038,-0.552694422579169
0.736260071668603,0.31156319365364,3.81495144854138,0.973565168799452,200,1.66622406166808,-0.565645074550862
0.511193788753186,0.234501838704447,3.1494889937273,0.944478668102405,200,2.04045917141053,-0.372922257172018
0.475088400681984,0.250070194912939,33.7034233239166,0.494075013658878,200,2.04924362733186,-0.326538516116918
0.737976032295256,0.317966497016267,11.8547600894124,0.613388789011716,200,1.72720214023738,-0.505587998504797
0.704638880666966,0.641011601435087,10.3664509186331,0.523889809010713,200,1.83614064302978,-0.454164506653486
0.712442257083339,0.565839124014132,11.8969191886021,0.654431056385169,200,1.57822046595588,-0.589877819890148
0.44823567339653,0.782614352701604,5.84489170463218,0.685115420390324,200,1.766983724945,-0.465198183659218
0.525961645485569,0.76304891903998,37.8583525349796,0.680096076167848,200,1.26228930758775,-0.804048236663363
0.508736603260894,0.931048037930784,16.1825230560151,0.829481825298847,200,0.972853098217955,-1.41407188897937
0.603395243685576,0.39546576413111,9.2931145221709,0.79752726442782,200,1.58662740563974,-0.559318881413892
0.41545620117134,0.414731824837373,33.0487506063608,0.726839587571557,200,1.5992162159327,-0.482796152781232
0.567069368457515,0.0283227916527268,28.0006697512916,0.689620809175423,200,1.81590646527011,-0.403663762336062
0.366334077147619,0.692583227513098,27.8554378908187,0.308109348082899,200,2.1923417068321,-0.290134857104155
0.81168573888489,0.423428058951569,20.5120124138823,0.924124368852361,106.047803272786,0.845121031606847,-1.9108063008122
0.862537757968383,0.502355134860011,4.89346283454049,0.561707350149448,200,1.96746698976374,-0.436799836683127
0.418054708276433,0.740882753992395,9.57089553801569,0.747076754118223,200,1.51942417269277,-0.582407021815529
0.886435670766444,0.626205453356949,17.3201800431826,0.556893380653439,200,1.57191531834176,-0.644504015542471
0.877699218308763,0.366509206213003,4.91783151135224,0.775450190766388,200,1.65644739356587,-0.598142678926581
0.726803456097562,0.575677458877105,2.51389351824532,0.305407664846404,200,2.49938467844307,-0.260086032437114
0.287439874151473,0.650865290119957,6.33080705190346,0.385796802188068,200,2.29241024842918,-0.279309686364749
0.25996857424633,0.440512486868662,6.37261498727132,0.506623950941418,200,2.27860467421388,-0.279957696365657
0.417084905467376,0.886166083107524,20.6883327142561,0.825422396278847,200,0.969360870256707,-1.37599449532368
0.386224930240656,0.0228271583622089,2.12156669928902,0.326632408251458,200,2.67338635932754,-0.215221840327054
0.702766938743562,0.190834211800135,2.30093515294379,0.796888529871823,200,2.15210923931155,-0.358403491737169
0.319931047438031,0.792936108797862,3.49496721348708,0.593125535874915,200,2.10912664963558,-0.341886739651299
0.649856646919561,0.354668616674371,38.246336131689,0.376767438970297,200,2.06068444037158,-0.34700767824701
0.313959169507624,0.941426744624654,6.71165607376004,0.571630144980915,200,1.81112681266172,-0.429302642172466
0.426062551311078,0.810362390893477,2.48488991403015,0.773999793042964,200,2.02489139903863,-0.385666052252762
0.578886334584746,0.657428977392781,2.15520427861907,0.816591231390811,200,2.08089616142906,-0.377577705676864
0.405706976590748,0.154713149152374,18.0528666079573,0.866228380779006,200,1.80164325974588,-0.392614934029344
0.7210924761989,0.680470316281694,11.0613246033385,0.780259078953532,200,1.30854490673675,-0.839111494587156
0.470252606301631,0.510851942980728,7.08369666643615,0.733019470995905,200,1.80263740863602,-0.439545677947983
0.362854407649883,0.406003106094354,29.1075284160712,0.390281678974434,200,2.20300677882253,-0.285235661498639
0.71635336933635,0.689704557438847,6.16074261920492,0.923827630593674,200,1.3239997671687,-0.840129583670805
0.524145490628527,0.473670549194662,3.62815792590106,0.539656616339266,200,2.24267009325131,-0.312157625121986
0.404531689164112,0.928636884867939,11.3241548331857,0.398087442508837,200,1.99919224861422,-0.355652457165492
0.761213306890777,0.313723988742385,2.87035131169101,0.57695747804173,200,2.21270309038831,-0.34106123338322
0.856506253349913,0.363424318563096,5.46475318421175,0.823966256090463,200,1.54902133697279,-0.66448586977505
0.224791588663853,0.00593498386893965,11.0061040647423,0.788324433704582,200,2.4270190560374,-0.241315492873865
0.604910504032571,0.370611248523094,24.8884459243803,0.431105442914863,200,2.01515276046326,-0.356910874504909
0.875459442345433,0.0330093654316307,2.38536626301336,0.352821929782078,200,2.46425989670831,-0.275909949616413
0.529318217738182,0.638611598527664,2.20781379407321,0.462167977201,200,2.4028655067872,-0.278219766613003
0.216873094855101,0.809278561191245,11.6403589479174,0.67615539568828,200,1.57935779827843,-0.511474595879743
0.668518218052449,0.133253769861709,5.63435808844574,0.356235782946708,200,2.37591687046848,-0.280188467312139
0.604691911372147,0.878063127886325,6.18252308849395,0.981093497802659,200,1.16104038830778,-1.0660259709181
0.40222937813856,0.714555275297724,35.1176677103963,0.81079885179842,200,1.09802807885178,-1.02658805320479
0.403147449410784,0.33909215342723,2.66503342683678,0.974244067336526,200,2.11012962244133,-0.349004374288325
0.228093116620245,0.0714497177165545,6.13870428416105,0.408268730896331,200,2.60465827480231,-0.219188686591976
0.545054981021917,0.161992966676154,27.6731997469028,0.667516432546133,200,1.7837594323357,-0.416987431976629
0.307050867027246,0.348656317308999,3.85267556022733,0.822813349574711,200,2.1580283398978,-0.32053889339826
0.219250635156152,0.89445569730136,18.1609620089013,0.640474255607394,200,1.43461264340024,-0.595451495676762
0.267617979490935,0.389731781484874,3.35376838043588,0.395946760773123,200,2.51407208464103,-0.240548884334311
0.515003431222076,0.213290575176237,8.48469717569875,0.949621044074604,200,1.65596328685921,-0.495938457591181
0.303616902823948,0.0449262545920714,14.641241318769,0.915412649289356,200,2.11938053844998,-0.296994503328564
0.644374129369995,0.45167261711333,2.07744282133697,0.546534773033221,200,2.36078175476821,-0.294300118807923
0.49721595557294,0.209755834689383,36.4877276710465,0.505185226595976,200,2.03107396651751,-0.332335910453606
0.747107673380043,0.80611677036434,27.8862250273358,0.724785501733515,200,1.09719456133183,-1.16985407267164
0.898778722644318,0.750962226148322,4.75233840243193,0.487218907020202,200,2.0547041331747,-0.408217859674874
0.886889666870182,0.746828438122528,3.00606318898711,0.928136357544331,200,1.66651019812998,-0.601652226296591
0.640570035821192,0.36583147417953,27.5939039021332,0.339445105937682,200,2.1583532972898,-0.320592692999756
0.651648938948948,0.220660855139745,7.49581033756119,0.492712093536206,200,2.13084388339068,-0.340993152624015
0.535099611807382,0.741047052144294,3.99517555478955,0.890028664079285,200,1.66082495276394,-0.54471578697634
0.336419942527621,0.17684621190998,17.2404807601931,0.661572636581189,200,2.11272603899856,-0.303243320516577
0.413831054438371,0.126639397316185,18.032744732938,0.326390564831959,200,2.43623972483637,-0.245374375561388
0.409504625407024,0.757282599740142,5.02826782425123,0.379472333158079,200,2.27979711132055,-0.292066021675136
0.281276302649764,0.842405916591505,10.5517333289144,0.420633404362116,200,2.03045944304767,-0.336705289631099
0.618176264242836,0.159041486689479,7.5137570458006,0.315274757380551,200,2.40393044118847,-0.26799325393577
0.202252133358487,0.138295757681803,33.2604638157088,0.892089390268557,200,2.10269064302545,-0.290083072094284
0.529696931554206,0.659942961269935,2.71160481406205,0.616946838891949,200,2.1887558590623,-0.334450517269374
0.714022752120726,0.0611207787771438,2.75289350434542,0.6741873185566,200,2.21363919189784,-0.336381455769724
0.705963898070087,0.443147278220758,14.7647645616847,0.490208667846963,200,1.88562068924564,-0.425880454167386
0.248572002926515,0.432935119439467,17.5869398281798,0.623404809301898,200,1.97652190093179,-0.335686454894399
0.808972076998822,0.607555870919845,14.8737882732835,0.647530303664645,200,1.45826942239236,-0.706952131741443
0.502136454791374,0.0176983394604681,39.5288819275388,0.943495515388693,200,1.56910353762665,-0.477158823813967
0.749647397367004,0.536400430976118,2.9112451574329,0.510515966145834,200,2.24672286650415,-0.329907653253599
0.41435137379528,0.29013279194384,11.3018590723913,0.723211417099546,200,1.91181519479139,-0.373622594811607
0.841295299440971,0.6794710698,13.827493253283,0.721091197112723,200,1.28847714425991,-0.903180738309239
0.817317121352884,0.108388421977622,8.21319062843919,0.377816117699452,200,2.19374917737763,-0.341787486508605
0.885706315355794,0.8507823841237,3.9365987325014,0.401025248419649,200,2.23451232204249,-0.343639280093803
0.336204733206953,0.673004982531393,5.33281000898601,0.817961908958751,200,1.74170294580318,-0.467286784095356
0.665032106874829,0.0234321772112472,6.0113545110772,0.439773032187655,200,2.29161790657201,-0.29971741769206
0.41465660333642,0.351111855431693,3.83208209201782,0.739117146909237,200,2.14975034866879,-0.329030355756057
0.472164524149476,0.691167003663629,31.0654603691685,0.729389792162514,200,1.27448188126657,-0.773657001153424
0.71159225901231,0.463962304940447,2.69020159162095,0.914542694802334,200,1.88838647339447,-0.45893721979047
0.51681224075184,0.571378205633994,25.7956737705853,0.775977046202092,200,1.2950588930169,-0.757616339464833
0.715786001500161,0.237214618704949,2.27962554383645,0.391447455872991,200,2.47769101380276,-0.265479218023565
0.554635621772319,0.0729525059892292,15.3005853222656,0.736624915838009,200,1.82806632123166,-0.407911699441412
0.41494876174333,0.855976480796921,12.0826214568476,0.818782354544895,200,1.19215501622409,-0.928752629114116
0.319506071875702,0.579098636344324,3.84798856985863,0.939358999947381,200,1.84343642819417,-0.431790407966527
0.223169807104891,0.814176982621488,12.9760516953044,0.913775143945659,200,1.09560597649967,-1.06370732156637
0.865900734036594,0.258288886900308,32.0654697270274,0.920703136879718,67.1146948997535,0.718375737757685,-2.41933955166187
0.839216604443554,0.288291102944144,36.535968754934,0.570475848357799,200,1.51863845357977,-0.655199362642324
0.692932599440015,0.192010403329786,8.59442487323948,0.941500132902944,200,1.413981364335,-0.706438901068663
0.32116580132773,0.844955811617562,2.04962981277285,0.494423893401857,200,2.36217608522591,-0.283188888801499
0.734526597343478,0.35667626321809,2.96341790428994,0.383543936841857,200,2.40853188841682,-0.282314578987134
0.655557895003981,0.674647264044872,3.31402760224737,0.766120040591876,200,1.9004031863724,-0.444291721928453
0.485180205832686,0.767093086631282,12.9593102534993,0.694769282329812,200,1.46921648942595,-0.620193147727113
0.792364380633598,0.237046635949736,5.10632628249439,0.829069551533049,200,1.66686859778743,-0.568950760329894
0.531244115188206,0.937522848375351,18.7534454015696,0.87978093126528,92.8262046364261,0.801581554254451,-1.95440785189231
0.266961123102694,0.134673392464651,19.8467714567938,0.330492739423302,200,2.52155885973711,-0.227202753502486
0.38587295064476,0.424785622134001,21.0979302596369,0.662682323947898,200,1.78251152239982,-0.407161227547863
0.742381016250824,0.876916131234607,2.73998923315241,0.62677249979969,200,2.07851598801123,-0.387394850011031
0.30006161617833,0.767412388818412,3.18848538425406,0.934653666576704,200,1.7851355452298,-0.467607697648601
0.528479434046126,0.530332044870453,33.2448794921672,0.865886567137398,200,1.10283089198715,-1.03764815690314
0.323527888054416,0.465418865855228,9.68026185343171,0.777738536323514,200,1.79644619907957,-0.414816724136784
0.425393814572428,0.468412907484484,29.3698306513609,0.870665305177766,200,1.2981704707861,-0.715115761728538
0.723507670689793,0.1841278287336,13.9212490435854,0.782068249510081,200,1.4614562479315,-0.661982329684591
0.661871717506818,0.0184811983531225,16.2572781380431,0.973045995679839,200,1.31801400380532,-0.746406969640467
0.606898937366678,0.287019310869083,2.34666624835881,0.586374580526204,200,2.34512945827633,-0.294806682022214
0.429428352492528,0.0426190985626851,15.0857063692458,0.948682958640756,200,1.8353433008817,-0.381195443669704
0.463781726958657,0.657826080244263,2.09498940427237,0.879898433802742,200,2.07371612687142,-0.373900370521068
0.213948625497396,0.20703875490888,3.29058815887321,0.432770335895009,200,2.59137531953982,-0.225287321068196
0.847807822323614,0.949409880330879,7.19651698635455,0.641904311894672,200,1.62248472658683,-0.609895766893293
0.318637066674248,0.347334577155645,10.0954864948436,0.694049125756517,200,2.01382241371599,-0.338490287939252
0.861707288837611,0.945174179206094,32.8285478972352,0.327911953760389,200,1.98593326163379,-0.41686133251142
0.228281298178046,0.0126777714379908,4.5244411900925,0.806990985015043,200,2.50987164815394,-0.235759331108706
0.334052719812499,0.690264551846846,5.65041659755864,0.98273968486432,200,1.47881232132025,-0.626605270068642
0.700153198332176,0.0287421643361527,2.33322447456672,0.758560794763026,200,2.22036376991427,-0.33539035135845
0.431711388897554,0.330727361881931,2.01592498132452,0.698201627047988,200,2.37661659271108,-0.281695594839814
0.732371706289643,0.32653215210555,6.00008353392901,0.779619173073699,200,1.69343910786782,-0.537171300756965
0.685707973375195,0.11954622196197,33.2892044315908,0.985841962723543,200,1.00416418718887,-1.27985597968651
0.293450196931302,0.792339956412123,9.81792425719322,0.651957742519785,200,1.67018826924037,-0.47644263242405
0.714207261409603,0.870098546051044,31.9131554359428,0.314685214756499,200,2.04477926975416,-0.367096754583409
0.589258689352676,0.29488551937826,2.61982088856107,0.439539635523696,200,2.44232733563058,-0.268049239585714
0.252017125750279,0.729621530462068,33.572064779435,0.504080008896293,200,1.78987200045673,-0.390615913298477
0.642722181842779,0.189888928437928,21.8614537817465,0.623856971792768,200,1.74181919824775,-0.460636718623776
0.41910703483376,0.86977925333619,3.78926661277871,0.869757841565584,200,1.65976184554977,-0.537450287796221
0.302475162078277,0.502873454135831,6.54297939501135,0.417976696986038,200,2.31642337855274,-0.27363092663169
0.519159779032025,0.576268626220617,34.016079861822,0.805373351090828,200,1.18226641552146,-0.901141502682858
0.896536706302765,0.289254057901485,2.54726250019799,0.963207080396521,200,1.77982792138241,-0.538257243110687
0.257107636419435,0.656510893058843,12.0978657802629,0.709983995115478,200,1.66806570837094,-0.462889217853111
0.219691259627417,0.55205452200893,2.18397316246389,0.551598169071483,200,2.43158653904419,-0.262280068030272
0.339173942144456,0.691879197584791,18.9001854869088,0.950363364701749,200,1.02759936139502,-1.19514344811942
0.531861529635522,0.251177386463286,13.3926060478724,0.986154732957443,200,1.39566928721615,-0.654894846089356
0.700027761295469,0.479430766411133,4.04114651715284,0.842347436879963,200,1.76074354486949,-0.508128878610159
0.852165831186754,0.767851549825453,4.81102664738105,0.322632919147975,200,2.31122757868772,-0.314922171701365
0.556686040460357,0.118369639797233,5.55053987853101,0.315013123671672,200,2.48337144588997,-0.250205345287916
0.850567765601988,0.254392711002058,7.80247357647576,0.429854172996346,200,2.07801164048863,-0.386673057265615
0.660085240259542,0.68785410214945,36.5847660776038,0.98770202325248,51.6214478873417,0.554313527677399,-2.91382840996691
0.423769778304283,0.350667007042631,10.57206122765,0.506272624208631,200,2.14718935499976,-0.311135757059573
0.322165000426878,0.737336718868433,11.1688590389703,0.652808653702377,200,1.67324679433809,-0.472323409838811
0.520402926198812,0.553034361886551,18.9318510700206,0.765883818466822,200,1.39220070885618,-0.668369819678016
0.404167457290444,0.0826185312740388,6.73717020146676,0.327642122825949,200,2.53779501963469,-0.233170945997794
0.59344915158127,0.571239168248391,11.738536606812,0.867677052015966,200,1.27450633465622,-0.835163078314717
0.270980232295223,0.0514850648770885,4.22906842883426,0.735358202427975,200,2.46659437109128,-0.245459770223417
0.404888256078291,0.0567104779761401,2.72053229110584,0.751025105177533,200,2.413684355599,-0.266043289877487
0.629114414597877,0.685822298501141,2.48929110459328,0.447654340181026,200,2.35854563338111,-0.292602760319079
0.872887321343335,0.930987667166527,20.4957014382111,0.792529838036381,195.316183466326,0.936391943496287,-1.66163335888752
0.348435367171761,0.928038779041714,4.25586299935676,0.688682168413357,200,1.81716429867622,-0.446501914016231
0.853609838259243,0.157842505394198,2.80041293924727,0.808365356721248,200,1.94548440139642,-0.450266427740666
0.49446014175786,0.229350385580134,30.2468184194743,0.63510770507756,200,1.83698622721555,-0.390900523341387
0.722858153924424,0.612339917488555,5.77485144812873,0.540816312981257,200,1.97845439508022,-0.408963848198748
0.362420401870157,0.855529440572625,3.08356157436054,0.839992151433315,200,1.82892558304697,-0.454041106306226
0.372880236782491,0.825347115921796,18.4336333865106,0.944090554794685,111.164545523898,0.838479128193441,-1.76692932439563
0.360826128804854,0.864953589587364,36.1854393878624,0.48485392599112,200,1.6783758872036,-0.451383891836613
0.473368646248151,0.412812957588055,3.96889258146024,0.66645097532984,200,2.13558180003613,-0.336933216075732
0.400718997860715,0.262696036751308,17.8116058783763,0.62885782157296,200,1.99048364455216,-0.340402331504455
0.775603953070838,0.44775788960373,32.8578825816469,0.967845623874393,61.2448255138267,0.665744625054832,-2.54974065688091
0.740895012941972,0.108770626876123,15.3510943402977,0.964314842755037,200,1.12648835633616,-1.08324068511665
0.315484182492946,0.378369622378199,37.5463352243069,0.942049987923967,200,1.42336732845663,-0.565261236318457
0.65690019145982,0.335523254219939,2.12735110823401,0.390445067381905,200,2.49696759577215,-0.259165750584576
0.441066120410454,0.932598447562079,7.03863469103263,0.557809680696336,200,1.81642814017482,-0.438276552631667
0.204340645914579,0.531811015840973,7.18847870893487,0.469059577622327,200,2.26045205646672,-0.280270641091658
0.748528325964021,0.314264653398911,14.7778121887253,0.711130852391392,200,1.48359643045207,-0.657490205245173
0.348850874403864,0.516174016665233,20.7471170369664,0.882997126014965,200,1.36441982098539,-0.650399181410616
0.349134649644567,0.597527255362404,33.6113069667467,0.710716709733436,200,1.47978862941115,-0.551879374395508
0.26797966194166,0.44247552238109,20.903837750437,0.786281717162913,200,1.69598268624036,-0.428667428654795
0.527996677001581,0.180913677485392,22.2686653176438,0.904778777944002,200,1.46965687239747,-0.572345615589962
0.486242601572489,0.204236774569738,2.56457208759861,0.596534809689371,200,2.4001095629493,-0.274015880274181
0.630126171357487,0.513027500633558,15.7242967193849,0.81140629261358,200,1.29274098185706,-0.808145376595711
0.494714825515185,0.223798865665232,14.5458514582801,0.633459066132355,200,1.94430097335562,-0.3664784868728
0.571429115119934,0.919672453558038,2.05676922784851,0.305105993511675,200,2.51047448044876,-0.254173740851697
0.526752085907858,0.948080047607593,19.4292413714624,0.613855185681085,200,1.39323678063053,-0.68784246511494
0.332967979841167,0.430094990370003,7.41859744956838,0.664262407019463,200,2.03387265130745,-0.342214427068958
0.3063160713218,0.942297587239083,5.41888600220007,0.708640603611828,200,1.6679614323295,-0.506656742824248
0.72899000392782,0.424990120785664,10.8606438582054,0.364806760221541,200,2.1613030027879,-0.338468742944639
0.485437363455188,0.918695697332527,3.71148247749882,0.554607602641056,200,2.05680320739623,-0.368476491540855
0.634433271595013,0.0247628190825693,25.3590400037617,0.732692625279197,200,1.6511359382745,-0.489744518492402
0.689299475778639,0.901103781953842,25.7328728900714,0.979131906091173,45.3005213821096,0.474963438818429,-3.29412128375001
0.351450950908575,0.541362025055964,27.5365606185733,0.638559604993338,200,1.69613230074805,-0.437038845153598
0.368819203850084,0.816321297273467,10.1591469174375,0.449556388766939,200,1.98765560060874,-0.357112411351072
0.267324108327444,0.887818916964042,28.1133910664028,0.908101085282637,79.7172023684544,0.737276911499621,-2.056076314757
0.376327460073268,0.766522277680237,3.70854772271569,0.724423090894947,200,1.93339681285658,-0.403745131493289
0.678256167975324,0.25974733127134,11.4149513820593,0.706433094795289,200,1.66377415710043,-0.522497057141274
0.406175647961038,0.851440088763666,20.7907700590954,0.504870287047458,200,1.70894974221172,-0.452625800558908
0.503829662658499,0.842877618423853,16.3424452474143,0.332113338435798,200,2.10554504305683,-0.328007701401382
0.430189681929404,0.177772725890868,4.97595432625658,0.532010633138544,200,2.35061054544011,-0.273633901014156
0.308220934841945,0.660791354835344,32.549183059619,0.615544770883016,200,1.618920622551,-0.468490389976725
0.39781468501372,0.321049170021255,13.224837553618,0.577028082741657,200,2.05787295761841,-0.32785917780161
0.698388656704601,0.0928416142986622,2.89164671346019,0.644622665251504,200,2.22778563865308,-0.330237415982227
0.668906291692386,0.791262518544507,15.9168712774201,0.699208159081358,200,1.32208392243064,-0.799508330817319
0.293916951195771,0.440244996937896,2.13999538211921,0.456992441666049,200,2.52175987013401,-0.244267189718494
0.821581077114741,0.482524845541757,9.39026324247503,0.772391967730286,200,1.39156952520416,-0.78080621329647
0.561247569952447,0.557262066934269,3.6712746085561,0.638048111693484,200,2.08519135679463,-0.362396831679278
0.616947238303131,0.0664983894168671,3.29585221063279,0.455469912551281,200,2.41878992656641,-0.271924944981039
0.594695976552647,0.0654708055616395,10.7151463760412,0.612157079038451,200,2.01211020745545,-0.360979323298751
0.267055877548254,0.152742441691707,9.58496638781158,0.404749609209178,200,2.49636131813375,-0.234242920052331
0.693418667106121,0.101813915540006,21.9707383256791,0.97067112966117,200,1.11500840134167,-1.05618079302823
0.358945420265415,0.455155475266538,14.9695440927618,0.681006450563545,200,1.80818833712789,-0.402279979483507
0.787626137244492,0.493034745970077,8.03575040840402,0.662293984096831,200,1.6679122260673,-0.560763366729581
0.673994159831262,0.169427394953626,2.8892916223134,0.791445403899524,200,2.09315566145978,-0.371435123600973
0.46217399829273,0.365424183704103,6.85573882968038,0.810579911762103,200,1.83063175126485,-0.423928406388893
0.442250116506754,0.590493599184191,3.59167345349821,0.530640913745179,200,2.2386625724664,-0.309435745828917
0.87373201132648,0.120871982896227,29.2707179076329,0.462515802475073,200,1.78181366898605,-0.507862621730513
0.624731888508851,0.882937668853199,3.3852929906684,0.583131591967602,200,2.05587849433865,-0.381606788451495
0.660430954184492,0.135190477390358,3.06650896470832,0.518260653849396,200,2.33949054361866,-0.295406070563479
0.340587030167365,0.872122836158425,11.7183716266922,0.915644284484947,200,1.01408008207042,-1.28564295466969
0.890432736011098,0.794055775574164,26.3180816657615,0.564082395288371,200,1.44888024392818,-0.743044324449521
0.796315229084568,0.901838765214477,12.4472276428354,0.556360556879228,200,1.62494680953486,-0.586278666172448
0.607145431300951,0.407955898416741,26.1155070311231,0.70580206603047,200,1.47408709457907,-0.608744892394386
0.595561847841701,0.192909043374483,7.07590508464021,0.692071832779609,200,1.94534998505112,-0.393674664421932
0.678040803749914,0.728317963525436,14.5095993613668,0.75206028584141,200,1.26918813468249,-0.868293416649208
0.583463250047799,0.778396639666365,39.1440476971713,0.699507143741737,200,1.17759411243115,-0.94475571438721
0.420664269437602,0.362181342422939,9.35437132489006,0.861672623973037,200,1.71158939011344,-0.458758375852838
0.25972410830687,0.163870624178353,2.16174548166901,0.757440962201411,200,2.50717191472527,-0.245720386176437
0.757149943600804,0.818046230920074,4.90256442443409,0.323753669420707,200,2.31058278070275,-0.306827581494882
0.509165940177503,0.257722601475101,17.4988139475979,0.825149997679493,200,1.58999379686843,-0.509132419583642
0.393187429543538,0.759238233774008,10.8756148963488,0.33617255464918,200,2.20498647528524,-0.298052663286105
0.837649531942474,0.584078413875975,19.4654645367162,0.7671733374289,200,1.1172271992228,-1.17454700766635
0.358841777187865,0.789574783554262,11.6557746225606,0.403523406042407,200,2.06210506738168,-0.331523214498503
0.379436410746747,0.264776580374172,3.48328638078578,0.753392952406934,200,2.2471746358374,-0.302011524507116
0.422981969329971,0.39067645875876,5.24264647301999,0.535905521534639,200,2.23349514724175,-0.301410973403395
0.566769281527835,0.939439643473093,23.4515548125435,0.732565195740418,200,1.07539748110496,-1.15948980124287
0.414106948617101,0.867115312127214,7.95285153748732,0.43880602508455,200,2.02996027346332,-0.353356555989385
0.445864688672288,0.356234343246122,5.95592509300794,0.708862734999663,200,2.01503235038512,-0.360911485266217
0.276135587244442,0.30968659060786,21.4708990079107,0.414179075393748,200,2.31095581004255,-0.261082682817775
0.424318210789957,0.429658803360572,4.57092100832128,0.843467952356022,200,1.92467170740349,-0.398744135795219
0.395428804503482,0.177082429042847,2.40091143439605,0.761690458419616,200,2.38236773978959,-0.275538490925825
0.295436385135027,0.524135776072523,10.9152315528438,0.829281042378248,200,1.64888731808695,-0.475595029803666
0.303996418925561,0.919475918139661,6.6464100725093,0.325063912356171,200,2.25244740298091,-0.289382868745834
0.727062123740488,0.139824473781274,19.1587285958908,0.303429011564973,200,2.26066123165234,-0.305108601795601
0.239954057375357,0.827831837061377,3.58703175119602,0.301968286867999,200,2.44332066920302,-0.253893273384449
0.466928355472977,0.21960221224267,2.3831621665623,0.820885619278268,200,2.27725192392374,-0.305405102438261
0.201425529311574,0.568140468918427,11.4425739047379,0.317282251365747,200,2.36586099868069,-0.254274030456213
0.296964997683085,0.526024779870842,38.3259162719777,0.73483582456004,200,1.55215114949873,-0.493264535740878
0.789662415498844,0.430024643826632,8.6117877240725,0.314753318520736,200,2.26221539618689,-0.318252278029754
0.536541743747044,0.27383700742512,2.56637232231757,0.42043483397675,200,2.48525510960186,-0.256233756810277
0.373300573508969,0.893146754315449,6.70510205841999,0.907045530472401,200,1.27081195793918,-0.845560454779761
0.822218359360634,0.674357247496645,25.6642342807751,0.941337081376176,55.4053411509271,0.628615835342759,-2.75970505075453
0.700580628802332,0.422385383242792,9.16498625322046,0.929181772074585,200,1.26601720237086,-0.882793893706332
0.822507385134332,0.0798474627150805,2.25313979638461,0.739626413406191,200,2.14599040996489,-0.371032893093642
0.801515802975985,0.0689139426013416,10.5859138282538,0.679744280914023,200,1.65186182171834,-0.563130945386813
0.565998373845553,0.287988205375903,16.1284671250455,0.569073119685737,200,1.90813419587696,-0.388604217710887
0.428218876185804,0.43443184917457,37.322364774577,0.927289803234247,200,1.2035938367939,-0.819287411964093
0.20013938653393,0.697086209891542,11.9621141894886,0.798201315096696,200,1.50766850435245,-0.55102940089707
0.437446512267118,0.545285026598306,2.6133673666117,0.608778637557554,200,2.27814327763074,-0.304232054285819
0.794123014594467,0.735537351335702,39.4265447283449,0.303778730116761,200,2.07001734112555,-0.370806555029002
0.549267931390802,0.527167338040102,11.700386815855,0.417631243205505,200,2.10517939805935,-0.333964096124005
0.721798499301348,0.368972374671554,22.696410538369,0.629113487852986,200,1.55388781121899,-0.591174050008374
0.438159016816652,0.9189711028826,8.54994192825356,0.769688937560267,200,1.36356335412603,-0.731326821077843
0.356362300888333,0.051057764740296,8.12097588665206,0.468341262355059,200,2.45523985145582,-0.244222062222327
0.254312374555591,0.0977289006530501,26.8926550236134,0.764851294161007,200,2.18955247610772,-0.276981942063672
0.443910287047597,0.840910277191095,4.95927560395974,0.416609132638155,200,2.19455409191146,-0.316765127508621
0.778456500613744,0.187325644249391,26.5137502100133,0.772995300812251,200,1.24416710458605,-0.904411391909045
0.639427986328676,0.844057048191072,8.00738443136794,0.711640273327885,200,1.51377413941434,-0.635737853090228
0.497863121761917,0.123463352250952,8.16568846899404,0.660560689615109,200,2.09103120581507,-0.332358121010005
0.607550408622716,0.798913847450388,5.26936886930745,0.530324099228935,200,1.99867699559033,-0.390647319192759
0.722923592753103,0.298388928235997,3.95256318580096,0.876837207547653,200,1.7782398158457,-0.501170522274023
0.792900144290738,0.705350343939002,17.473753684463,0.888758433449361,120.589411722297,0.870547485485032,-1.82831856164298
0.490686069424901,0.337679325248522,17.0719979853751,0.599867231390788,200,1.88891187381198,-0.384346074143944
0.322292134225601,0.528513159939065,18.0957192013019,0.336654193292085,200,2.27303218602538,-0.272873032112021
0.708425526439166,0.467044224914183,3.28254075754141,0.370982576804903,200,2.39209664102065,-0.284468917779999
0.64221205331618,0.186775120536498,23.0020950898602,0.973228991607227,200,1.13637546493651,-0.993670850346888
0.681331985547176,0.295567332645758,6.65851955463077,0.463585191931133,200,2.15664459665589,-0.339028932734601
0.632533981100128,0.689076066002626,10.7593842630355,0.603706313708355,200,1.68768575298837,-0.511982747993041
0.568782096947846,0.364010963753766,31.457310805703,0.680785648243967,200,1.56528078002398,-0.532384042692926
0.435409736116168,0.497929740044587,33.1708116388573,0.40433375921861,200,2.07538215096904,-0.320088992177309
0.594294009129827,0.8853448457669,16.8980214242426,0.61455978280971,200,1.45559818560885,-0.650546597325368
0.237005275143613,0.174221255045155,2.03066010299404,0.512679338195167,200,2.61805474259688,-0.224212696193139
0.325118722195846,0.608088250030294,22.2923481371673,0.463384162251783,200,1.98601358924799,-0.338773214935747
0.22596837259812,0.39757575225709,12.3178034860545,0.520369704358963,200,2.20687321013096,-0.284175213582385
0.581573218340333,0.678010088529725,13.0057035519962,0.482121762807388,200,1.89393410295743,-0.406889059299908
0.427182910449624,0.622179501929037,4.16887008927035,0.561521512833494,200,2.15019385275088,-0.330429094906253
0.518180414365566,0.230736112119254,4.34043869676501,0.691300755791001,200,2.14530675922949,-0.333397399441762
0.632199356797826,0.584748655554963,4.293116853492,0.324894450127946,200,2.39084489573234,-0.278189780547622
0.732786296832631,0.344331027689134,6.93362899036023,0.664468745531142,200,1.80085291228049,-0.479486234882526
0.39637009160954,0.325856103168152,2.09918609667434,0.823808370184549,200,2.30805395241439,-0.297309802716364
0.784869805782234,0.424303379214043,2.75921102299215,0.426395091740337,200,2.35719056526133,-0.300037103481383
0.507654690586698,0.328420100658174,21.0163395399713,0.34057346737429,200,2.26290061695181,-0.284171224148814
0.762293059913038,0.0516287124807985,8.82724555573348,0.599212684590245,200,1.88680237213471,-0.439719145864526
0.262518649825027,0.790967467261855,2.8669325339629,0.603410273836646,200,2.17859059950981,-0.323551707320553
0.712112222871417,0.383051784766477,31.4441182673084,0.736913304624893,200,1.28375335866702,-0.825176347159526
0.575141538362671,0.392931273039186,39.9071670707185,0.582227570251585,200,1.69675776680307,-0.464757905741482
0.416114627725429,0.0134388596909703,5.27673334027569,0.815691414736165,200,2.23472467480953,-0.295363958989026
0.461274838388463,0.406722686179017,9.37214580781193,0.931224262091432,200,1.52861845170052,-0.567755377123798
0.249331052703814,0.544134969440665,4.32660236737656,0.945334941975198,200,1.8621773804336,-0.414046920589524
0.482914433880445,0.880565674489329,17.7491587945405,0.513759370856437,200,1.68592616692142,-0.479204521371567
0.390775884090248,0.291068804796673,15.7789237937343,0.835949807972663,200,1.7256240674747,-0.429629584409145
0.44691394245058,0.808384261166231,4.58099650692339,0.348123385231073,200,2.32229568529655,-0.285176167994537
0.74651796543706,0.278208553792129,2.69618865142481,0.627768469218809,200,2.19717633349271,-0.345442829378188
0.745868160683087,0.388344621229564,23.4299734929849,0.841664751168946,200,1.08170818369305,-1.18392137169453
0.83703530557352,0.103622384867243,27.4568285657081,0.467775393640832,200,1.81835937347692,-0.478146589134517
0.477197178139871,0.00612738978636141,2.21159635666059,0.341066458343614,200,2.63479643516052,-0.223669911860529
0.619883485263066,0.0693616147605702,3.19946165248735,0.889849545850465,200,2.05492695223258,-0.375504116808393
0.61753823262464,0.252138550040095,17.9759219080086,0.88326663124195,200,1.33682284859845,-0.728615899054994
0.79478860376863,0.404803797672984,17.2185038719925,0.537713864777734,200,1.71495146454831,-0.523528244381113
0.887591254678175,0.326964117231371,25.0965610058119,0.882540322701338,88.4652219077139,0.808915702973189,-2.09345036578449
0.512456256705755,0.583449226064103,30.4867777620182,0.665759118480546,200,1.47795314923556,-0.587451613064863
0.412581257348725,0.173497413708464,3.08647805635181,0.609679107684316,200,2.40513389661111,-0.267352186157826
0.635067785139785,0.944103994150677,10.9433019079126,0.965903134262026,94.6933312005203,0.817054881655478,-1.98660423959355
0.681986709099146,0.170748086263309,12.0768488315116,0.366159632843213,200,2.22711788531837,-0.311950639914009
0.664478999664246,0.119704170410471,15.597970898912,0.999821556321469,200,1.20576504721782,-0.902298038658404
0.574247319057017,0.92711710632755,31.2468716146068,0.619253326919225,200,1.29981499202165,-0.785734279165197
0.759138427484315,0.333752379380252,4.47194137962538,0.832011050501668,200,1.72950464016682,-0.530494737831386
0.805697901709308,0.0469581165495173,21.2913509982013,0.996700114188095,117.21323353965,0.862101734811702,-1.82900244931577
0.567027960081554,0.615646355040562,8.98992644660273,0.384657602653249,200,2.16822059122254,-0.322376522138558
0.449173787172364,0.255077546757495,2.37798962944593,0.796549471099426,200,2.28865901198028,-0.301857023760612
0.392437277486292,0.139213324366937,15.8353636025057,0.516867601385076,200,2.2457289946545,-0.279685053290624
0.60392280833039,0.551335250545968,23.1980293557355,0.395634472666495,200,2.01904063219106,-0.358530089596588
0.30981057662901,0.767992623429648,4.92405763521196,0.719649362391955,200,1.83454828915435,-0.428202504994892
0.827116668840754,0.486648083342988,4.78905845383497,0.946648129795763,200,1.43513110182245,-0.75563176058844
0.375605982172901,0.0791501260317358,6.02235869158107,0.30140125086954,200,2.58434827779509,-0.225283509628638
0.862678216993056,0.845757550381838,30.2922110651467,0.947251605626444,43.4281501393358,0.485158672706998,-3.40325071021337
0.684783772683322,0.346547881206113,3.0103035602805,0.534107441480512,200,2.27067292196981,-0.317084016269544
0.22433323201281,0.851974178462522,9.88626268685171,0.644082633155864,200,1.63970850568977,-0.485817467159637
0.757662301175265,0.440139772276926,4.43932325537685,0.741898200001599,200,1.82117778986535,-0.485108864141024
0.295711146438766,0.73293288762952,4.6354328105522,0.386662197882255,200,2.31550473067754,-0.279605118717954
0.207239585055294,0.104698742796054,6.96375578626519,0.605894292365426,200,2.48440731159312,-0.236550806785712
0.265583239261511,0.495716301161353,4.98272589131555,0.786990959293139,200,2.00590724373909,-0.358019148065167
0.755569745883144,0.398567842739215,2.53326243770386,0.52139254861502,200,2.29728587378901,-0.316280178741274
0.397083321384643,0.739749645083246,5.29603355597121,0.656454953713265,200,1.88911047002435,-0.410470351469679
0.601029146540561,0.485560244333965,26.3525463833834,0.799774789767751,200,1.24088693894499,-0.844539438869621
0.273997406680579,0.0042592915952943,9.20754086146718,0.931491542643456,200,2.28947267776401,-0.267228077012311
0.467834409947375,0.675828814113955,3.75192463292369,0.514267964808045,200,2.20321967951635,-0.320284586934057
0.315136570202,0.208194670164511,26.9624365521762,0.621337020199497,200,2.10492861576607,-0.300025695746544
0.846502025934518,0.378484384261693,30.3467416959209,0.780967813408274,200,1.03780971116968,-1.34256361339437
0.328914932662357,0.899571382573177,10.0802233108746,0.450911915839246,200,1.94179802263373,-0.369375757970214
0.745393841540332,0.068049493724197,39.4477848942265,0.987396133378684,130.222608971719,0.872870284196337,-1.7077783882241
0.35350388942104,0.244425376462451,15.127577755322,0.985511743996246,200,1.66829044022416,-0.446230005933918
0.445307231685791,0.33460473604907,24.7679312679685,0.778335662499287,200,1.60669930964861,-0.484567408107162
0.60169804431162,0.149260968151813,7.61726081682571,0.806151743981716,200,1.79719273448797,-0.448458351453874
0.225347130024945,0.470031671385157,4.63767647380702,0.859038808200004,200,2.01339542127621,-0.355259004768382
0.489525851245147,0.850118669932766,4.78672344757289,0.450529372045243,200,2.14603159874488,-0.334387431752465
0.300324165656348,0.402739940602476,36.6144525462461,0.729028288994916,200,1.72470942954113,-0.409359164805624
0.82742999982445,0.588940032680038,4.00562694734463,0.602298314586204,200,1.98704278142406,-0.425874403237316
0.770863981675465,0.90020619640324,13.7494167524319,0.740662050500163,200,1.20309046450265,-1.00552446146838
0.256283458910603,0.197885187180666,2.34485166617487,0.98857561048499,200,2.37076862568418,-0.274282934491806
0.737202141043738,0.562377240821137,38.8471564580198,0.344600890305809,200,2.02544962348834,-0.374333385656186
0.43570106784297,0.462711412625799,5.33133807122458,0.851665315188832,200,1.82002416795069,-0.436576377507651
0.243102029508539,0.645821740550788,9.05049366040036,0.837944989623595,200,1.58181442748871,-0.519318118506756
0.514978188746229,0.0898660073705871,2.37538957491453,0.352651427288726,200,2.5904003963181,-0.233080811743204
0.39413675707581,0.0354590791581082,7.26025889525387,0.665539813047966,200,2.2916892531118,-0.277336831793997
0.673204736039236,0.742125721929017,7.54862448857843,0.534327015075165,200,1.88278510273712,-0.435982818154868
0.513087932947092,0.466555506122861,14.401578064605,0.805848823192397,200,1.47243786106048,-0.604588462279103
0.543426104889647,0.0707977986991638,21.7016212314068,0.331054893022465,200,2.35009903369852,-0.266869284108329
0.468908042559656,0.248432603494043,22.7347008146956,0.795456755546822,200,1.65208665555487,-0.463279658637464
0.73588751424142,0.685573973270975,26.8514557813678,0.695061589960475,200,1.23308398366771,-0.921962330739006
0.641661312449522,0.516749547219839,4.65437230528935,0.559243600285216,200,2.08124658608925,-0.365870560120483
0.309183223574415,0.243906180512878,7.51782015843251,0.393061945765178,200,2.45349705101515,-0.244709134688231
0.772867183421273,0.521985942398163,2.26355766778675,0.60030203612536,200,2.23391153039002,-0.338402968829676
0.277240392501256,0.703536360908835,3.80001163597639,0.575130225288558,200,2.16173338013432,-0.321597810452578
0.296771329605036,0.175195769555517,4.31559410924213,0.960922202382865,200,2.19492363612032,-0.304934626765759
0.798754071251738,0.193354667983379,29.2436857803198,0.410706023446408,200,1.94947897812367,-0.412882337336026
0.865495126981668,0.681778555766124,30.7399617401519,0.789168113009003,157.944958816287,0.912595866344496,-1.71589592464156
0.754009074624348,0.367365450377114,2.58078569494834,0.66210747749266,200,2.15891574086296,-0.359500713016527
0.280925747732368,0.702862427672569,2.49351877471824,0.988211942243336,200,1.92393274893775,-0.414985215356058
0.759546008646628,0.87821172944052,2.00057445560016,0.467074151312824,200,2.35815089206946,-0.301487571159083
0.629433601397144,0.699421502488444,3.25104847850819,0.474228580016387,200,2.25145814267731,-0.319076384868486
0.538816877272477,0.718324996514475,29.6323528926903,0.849458608866118,200,0.960792120110108,-1.40192197487795
0.284818523880009,0.72598391618268,6.24188218946463,0.969776168298581,200,1.42791630576476,-0.659370646315235
0.629938146223035,0.82355741620127,6.52729729335814,0.874908255359608,200,1.33677751350767,-0.806694078476116
0.712778041711651,0.447917480582298,2.42112049507335,0.975701453922239,200,1.89028734932272,-0.460443346064326
0.833436599761015,0.188071535933693,17.7134720287547,0.418379228135291,200,1.96611440180423,-0.418130078472106
0.235620940475158,0.415561125142577,15.1718138690406,0.727720945746591,200,1.89723822229084,-0.359728708823374
0.524671842434762,0.183724941098585,9.78121938004986,0.800433599954696,200,1.80709824058749,-0.425055148066801
0.509701883100493,0.245883555469883,14.5221632450993,0.608547673337255,200,1.94788653603282,-0.368029442215652
0.704241776325468,0.162888538825737,20.6940242179445,0.853125120023553,200,1.2764746483778,-0.82402857635841
0.789589528962396,0.274899796359617,6.81147211840099,0.917705527844458,200,1.38761064247397,-0.777391944008284
0.859047151070989,0.89778154598835,5.65830584023911,0.887165983513254,200,1.31720874514052,-0.893310787920047
0.723837377647621,0.775847585948134,31.5140572851134,0.422228806451755,200,1.81157301657303,-0.456976878104385
0.868195641551252,0.885675657040397,2.77783766227451,0.331903063522838,200,2.41202132277175,-0.289789565901692
0.255438510709046,0.0147111508268397,2.43395908100482,0.908336048106469,200,2.53671593566849,-0.237646442968573
0.347553246599707,0.831368074046739,5.0985682579035,0.606054056438718,200,1.92643982606123,-0.39446560450704
0.207225454775787,0.93496471615781,12.4540509772995,0.881387550919907,200,0.993898063141186,-1.31095142769318
0.511954237622799,0.453046045068857,6.63771161733251,0.927511095427062,200,1.57745039267668,-0.562514364084706
0.366567494486047,0.709022394916916,7.52707653872354,0.942475072102132,200,1.35565340652333,-0.726958906341073
0.553958260883034,0.917917685984828,12.2575142886981,0.646543648020714,200,1.46121835097311,-0.647458497380473
0.655397176145747,0.813849583770067,36.77592255153,0.885968563859242,66.898149096953,0.690565973845479,-2.37121994506829
0.618622288622963,0.734834515282923,31.6775678777476,0.591496752256403,200,1.46973350613351,-0.627304230896277
0.204897942793858,0.824441184563543,6.45898680543172,0.415343670139493,200,2.16756394244957,-0.305084848628712
0.455223041430217,0.411784014384988,3.89190778710662,0.891393760255041,200,1.93151941480838,-0.403722053165893
0.405527787405128,0.77815946519473,9.87543220413497,0.559929195067193,200,1.81223447240878,-0.423878308838231
0.847471438800404,0.707873223482464,15.0387399017707,0.568544725501413,200,1.5813002119122,-0.62613412553279
0.48889007387734,0.332460362094226,22.097529605115,0.332999146890726,200,2.27958114489343,-0.279002100306344
0.391015818454286,0.455427384750987,6.50487138674716,0.393319743932706,200,2.33570973722145,-0.27330889115535
0.641103519626598,0.22204132872811,2.48802971015464,0.904361170395044,200,2.06736867108026,-0.380698006699849
0.821814546256008,0.529624301737974,17.1435983541051,0.791792428032953,200,1.12943686586986,-1.1432137934945
0.615980714944238,0.896583508400025,34.231041009065,0.654639892863777,200,1.21333748278153,-0.910625621614486
0.517953634596763,0.166430855474148,2.53828728918133,0.867195753672408,200,2.21160116213352,-0.324687256986346
0.788649321436665,0.704663219283028,2.70426654351217,0.357847448087259,200,2.4077826910462,-0.28651889345856
0.640492517696895,0.786675266334147,7.16216689567538,0.350331640769782,200,2.20698183650968,-0.322014299964615
0.859947143320056,0.788665718201699,10.0546776897097,0.698630411736124,200,1.41242940544543,-0.776027330145742
0.540711380880683,0.11702561111976,24.0589763145296,0.538064751711053,200,2.02850543046788,-0.339677655555648
0.209026101502163,0.930171658440252,2.81808530065946,0.343401285757512,200,2.41179288935234,-0.263247476303895
0.381672022068811,0.40075780293229,8.94987353525329,0.500734510257964,200,2.17990342997642,-0.303256639728263
0.627855118741437,0.179894118310744,3.54781102016891,0.823578202969185,200,2.01721157755844,-0.388570824324368
0.465990057596013,0.29374381716854,8.13729485774876,0.482978385144084,200,2.22543937032724,-0.298398082998919
0.245221033451644,0.563657628720611,2.80527934313693,0.700189932371847,200,2.23596538500071,-0.306358937651125
0.815601402846421,0.177970166973886,34.4038750755616,0.40309738875844,200,1.94008467468159,-0.419771437383536
0.505468631380641,0.884602423532241,15.5793412031903,0.6167403895939,200,1.48574772939785,-0.609617304022818
0.447919222126009,0.0197495380942283,7.97563203059533,0.30662670386564,200,2.53730061431348,-0.233362183490941
0.637448310679221,0.0704565839764468,16.3077382963417,0.842659513627901,200,1.52685711016637,-0.571143400950447
0.487287162598603,0.453804931874092,3.12579222460818,0.709189050385542,200,2.14767799235477,-0.339973587205489
0.43364405119083,0.0617909632506548,6.54484286151947,0.347702431515007,200,2.51463693256885,-0.23822370957627
0.276840016041479,0.833427117753898,29.4863608033228,0.565781928836484,200,1.56501639150125,-0.500080728977101
0.720782221632257,0.0441621071429031,2.46761984834309,0.465450187226012,200,2.42224256424225,-0.279050679550801
0.47666384319743,0.799676289506365,34.5878730791139,0.897085666067945,85.9088600254512,0.768893034418831,-1.99094366944021
0.729882397947274,0.658423186250287,24.7331024392313,0.677094836020772,200,1.30467476885293,-0.825499689734736
0.558291618374332,0.60962265875419,2.87130624020161,0.569468618316382,200,2.22633843254923,-0.323626727849396
0.768134242627413,0.507344104665269,6.17689409325038,0.784716835549109,200,1.58251758034085,-0.61601634981429
0.520758642728045,0.0205208277984949,27.9639021666268,0.774913064460076,200,1.78714288189653,-0.402631171600752
0.807703719497542,0.302517238692757,18.5737490732105,0.569813638592007,200,1.65070092871658,-0.561343497651222
0.444472985270301,0.772193630285022,12.46741300404,0.737253335854527,200,1.41022485959941,-0.663517182875351
0.539525961288476,0.00387672884739004,17.9514270932652,0.924699718681133,200,1.6405640047691,-0.469947217570571
0.736452747189184,0.253205960317259,8.23076728722184,0.926924192126359,200,1.36103211293051,-0.778701170497714
0.243652752703227,0.0576787547628939,31.4113966276696,0.591160912389495,200,2.38096803793555,-0.244348902320554
0.365844598244115,0.900461937727554,3.45098031152459,0.603075968818537,200,2.0381544502232,-0.368551748941484
0.328541926977838,0.248919075165165,7.96101591457428,0.864795157332144,200,1.98350343859163,-0.350464784608026
0.299287586423871,0.391431718681012,7.91804564833201,0.645575456418951,200,2.09702035109299,-0.320627734489142
0.77665754439459,0.324757579105204,2.08852841137014,0.4473259396071,200,2.42056879489672,-0.283889361788296
0.527635664364416,0.131125783616363,12.1668072597945,0.899647592616438,200,1.66311793993236,-0.477694885999418
0.436655370071422,0.161164317898739,2.55833301185247,0.733707328538294,200,2.3610266877216,-0.281123993225543
0.807186484640208,0.43588754236255,3.28173893816666,0.365106779336704,200,2.37613927787544,-0.294830473532696
0.553426527009625,0.420250391495981,7.27721998473478,0.972792444366473,200,1.46114532708331,-0.647535125942173
0.649511383394447,0.286883718236621,39.4920576470991,0.575881542723315,200,1.69803189331784,-0.478709051565271
0.79974834608448,0.946532648592574,5.39482256222128,0.311707736398194,200,2.29219260911476,-0.315121717727106
0.755821593522451,0.322423491988886,4.05046448703073,0.988478770283175,200,1.59125447788859,-0.615674778464865
0.844376343263919,0.770219523742267,4.63136988047389,0.464625692594719,200,2.10540212429859,-0.38183131734721
0.201727105373757,0.0483882792895466,4.54599534147379,0.856625327360948,200,2.48780682679721,-0.239131910171808
0.869911358091561,0.819612297499157,29.459632393177,0.8025300356386,106.686320494805,0.850616088859938,-1.92915172071392
0.526079125931766,0.801271739658337,21.1531812584495,0.681842867991429,200,1.32958476536969,-0.742999774685172
0.864149184377724,0.696752954157419,17.5301051140543,0.584214978560309,200,1.50685184348975,-0.68573135775979
0.579819973541059,0.587149989282064,3.07336609429644,0.596156631093674,200,2.17657152841551,-0.338564681167085
0.410787285193165,0.794800391733926,12.4324460272058,0.445181225549057,200,1.95909012526013,-0.365979811006479
0.52307629932363,0.633833564268223,39.9665047701833,0.784080704966327,200,1.14329560512157,-0.967901727192164
0.584180920242689,0.344565999882237,9.48025682983476,0.371726320427928,200,2.26025814978265,-0.297622705617205
0.868918830959545,0.362813606552217,3.2425984599825,0.673209312905371,200,1.99425226476265,-0.430738062647242
0.671633643453723,0.896232817208577,2.35788536355326,0.955642326959308,200,1.79254468019937,-0.506754092079293
0.869103965048678,0.239121188480896,27.5187664867248,0.329734755800734,200,2.0722570421095,-0.384947089115415
0.622275048598026,0.924640130940084,6.34476531995069,0.643910083637875,200,1.69408898894261,-0.524934603761747
0.387284978343927,0.749044311598258,2.18732338945029,0.363932538554344,200,2.48460609914453,-0.254655163008511
0.353930006595088,0.210459999633072,9.66840345777879,0.977095504674618,200,1.83305300029935,-0.393508354808664
0.252909742050028,0.093688591756303,5.86664260443997,0.313592616047361,200,2.6329881270073,-0.215630568664959
0.326024495573365,0.585853632103097,16.6058946383542,0.768356058155963,200,1.53364256821134,-0.531785566901539
0.310966630514649,0.182448540654705,3.62072395287991,0.353636075013791,200,2.59244740785495,-0.225967444545799
0.351842917748463,0.295246371752191,17.7959856988347,0.84200851851538,200,1.7428181448319,-0.415251827238547
0.883921130731135,0.102704341625523,2.17173062857235,0.846642931187696,200,2.01500200361685,-0.427603249745217
0.347783460878573,0.431111068088274,32.1522104218986,0.733817315905075,200,1.64450434356359,-0.451865699352005
0.80410098551944,0.216746436306481,10.8243404015827,0.371506318888317,200,2.14811445795185,-0.352308253325723
0.609524879906552,0.498459206692017,11.0431874527556,0.668335573532805,200,1.67459457286205,-0.509032875476531
0.379293961038549,0.507980225811751,2.30761628237306,0.60487278045741,200,2.35190068213068,-0.284751720335124
0.726435593461346,0.586872262276915,14.0860106295498,0.81182073259061,200,1.20313194060812,-0.976624625264836
0.440360269378118,0.00293247297665803,8.94125642515898,0.484065249623226,200,2.38179280050771,-0.259848340215149
0.600338975619633,0.712850487212103,12.8862192212283,0.399412216393712,200,2.03485853728431,-0.361212436162203
0.334856750835339,0.709590352468472,2.67735623463363,0.935876899425988,200,1.91234372394148,-0.420110672805659
0.86962871383798,0.679585345017607,8.57983820838601,0.406082314743133,200,2.04216964883526,-0.403586573198598
0.563762790276133,0.263896243642775,2.62464408967143,0.524137422004691,200,2.39082117226533,-0.279484525383972
0.308838776871042,0.855919919444,5.89417748528014,0.877213006606023,200,1.43982246882027,-0.659178948267145
0.647185821745258,0.83030175580772,35.738128036861,0.712991891950229,200,1.10069285797239,-1.11447111899692
0.758571507900573,0.86853008736923,35.6563596328042,0.83078305763863,78.1107608372332,0.759525764865241,-2.17767910421318
0.772071581222264,0.38224303076178,4.45847839246124,0.993708292985149,200,1.49149637903343,-0.692085963012915
0.871099068143529,0.721456129546017,10.746344485284,0.775540001746383,200,1.24195291064819,-0.986251743055878
0.332403081057585,0.83689342418743,18.9909797938751,0.672981554388736,200,1.39620738123479,-0.642038484575529
0.856617293735772,0.487334995266943,6.57344662698417,0.981341870775935,200,1.1681545348057,-1.11157559970904
0.222654749628669,0.0322683180970605,33.793222025439,0.918853616592567,200,2.23133830923496,-0.265032585552073
0.60846806698464,0.255471463879861,11.1957927493952,0.467432881917944,200,2.10725686657108,-0.33753273528645
0.884957542742633,0.103530161360803,3.61913894183438,0.30978666453072,200,2.42020206399278,-0.287110418012213
0.504675035987662,0.743757823690892,6.06933240113182,0.425916058913642,200,2.15671882038776,-0.327328112419665
0.835093043210536,0.777022820845421,23.5891633761511,0.334628270458554,200,2.02455607307228,-0.397211667394656
0.456336124875148,0.726240035318494,4.40501293694451,0.948005311946873,200,1.57055880704775,-0.587632714331241
0.492087763012038,0.12543850019171,29.0221304383859,0.975277952064209,200,1.45641721212694,-0.555339191536579
0.580912089650116,0.824087213458517,31.7375227760558,0.501819486191993,200,1.63779501884538,-0.511496630684689
0.765971244747091,0.872809289426112,27.4058725796018,0.795182022751961,144.352965495549,0.896880386796269,-1.71326337677838
0.5678382952702,0.213973944436584,3.05791025356555,0.546314761021617,200,2.34701886119308,-0.288485178611222
0.860605316655571,0.313864710747024,5.5187461365306,0.893430827876964,200,1.44398134883636,-0.752474072160191
0.647331289659836,0.727151576063285,20.1205566689532,0.875458374519887,193.571446890508,0.928265750402357,-1.56270012081176
0.638090429059354,0.647078230796149,2.25069337441566,0.837009545188925,200,2.02746484066104,-0.400286377505741
0.551049967226169,0.312805412326008,7.24102314315307,0.49059620953283,200,2.17533540153348,-0.319659945986441
0.549827229524691,0.68143606383724,2.93887602895707,0.737267042794606,200,2.01833171974274,-0.390943989356797
0.535790568672128,0.179015308477497,13.6086957399719,0.478600509915679,200,2.15262882660547,-0.314152410196712
0.280507107555703,0.938429268900181,8.36610476845315,0.502333936419431,200,1.87029170120688,-0.395499026952269
0.372975908673291,0.819200051675624,23.579470236848,0.372816462265149,200,2.00459930753121,-0.339625166318499
0.307770549246832,0.294697115327934,3.86627185789034,0.640030509832843,200,2.33561754435716,-0.276293426656654
0.865303624404742,0.141506789616391,33.7589809589494,0.854316911235568,138.894074855714,0.894037612499942,-1.76192917852547
0.674624693645374,0.54098870197689,2.06817925045514,0.451317998089789,200,2.4188768700768,-0.280181710801448
0.457867872375102,0.671193526937778,16.4099690183982,0.740906484553008,200,1.41023179742658,-0.650346229743116
0.760448103231347,0.655712205875731,5.57250038420066,0.69093301304318,200,1.73366375999133,-0.527066280524868
0.883499956747323,0.0883286782298586,2.69067692252146,0.801796250051384,200,1.95553121744169,-0.450547234495845
0.722150046894808,0.490654208342669,10.5218099348693,0.814956389420115,200,1.35054841597278,-0.785959770784025
0.470665893349509,0.77476466379279,16.4671010466549,0.841341963880447,200,1.10563454664385,-1.07354066783168
0.396551648046457,0.69352596370839,5.00754408622949,0.604190118014277,200,2.00920829628256,-0.368207856403479
0.519528675329957,0.856495423880301,25.3921072464341,0.588848363777351,200,1.46253014455534,-0.616791647773163
0.314459908240413,0.230273507050537,4.30710627033154,0.49484122067998,200,2.45329195029732,-0.250257736858877
0.586312373737401,0.480158000219528,30.4752281564842,0.998729753729181,113.685838499906,0.84274517131278,-1.75305726600031
0.719818800870345,0.915943460548428,11.3705052642155,0.62604244379589,200,1.50953935468405,-0.648957471804987
0.475874953929257,0.666345016524192,14.0983043630427,0.856771165626806,200,1.23211258770314,-0.859564528572229
0.855993025125555,0.437234198942734,19.3315615350406,0.742004911098474,200,1.19817026509602,-1.03275577708009
0.599371697380642,0.775245975904508,19.6258593552655,0.950628038039345,80.4888831301071,0.76083837309533,-2.11363594031346
0.45652103903847,0.304651027966124,9.82619076045871,0.742824858602656,200,1.86264598421522,-0.398987557089055
0.526252396206589,0.618163511599476,3.20377264831275,0.444199592538496,200,2.33121531144839,-0.291387616379406
0.498099610597369,0.259612976822789,10.190382411723,0.992999083395093,200,1.51891548097706,-0.566832071275865
0.477533286360085,0.763782002067612,14.0191466500333,0.863993954032419,200,1.1216713293809,-1.05255380301689
0.655913534124467,0.826643456458347,6.10902551812259,0.497922606440509,200,1.9859120526941,-0.398020701894708
0.272474208932673,0.843622262197822,2.62287941914111,0.414512554121708,200,2.37747464096928,-0.273936315066028
0.462355850059042,0.476990258090924,6.42482991149222,0.859710257259329,200,1.7026098852726,-0.487065162341379
0.504838260933485,0.303065989497358,11.9183884092372,0.84412167598675,200,1.62046779689253,-0.506145887549008
0.598173478751304,0.946128777427568,23.7640915844563,0.824531017688918,111.013895583203,0.845199405666682,-1.81355643533811
0.786519638000692,0.632944830889375,36.8886454563135,0.631890666780543,200,1.3203498006083,-0.823919026544864
0.57917826470832,0.883980478686556,6.87618252162568,0.585855363350206,200,1.78689162289613,-0.468582222708313
0.517365646616424,0.250570445234612,28.2818920946915,0.987161094278283,200,1.24146113892214,-0.777708038124508
0.628399049245263,0.555263085422234,13.8127650719016,0.449924101700129,200,1.97439140852553,-0.382328155232566
0.565732034361463,0.949948077614093,19.1726641036001,0.555916581074994,200,1.52577336063607,-0.589570044661341
0.652992889947219,0.0141834287701873,3.38972631667635,0.65560743466507,200,2.22572802345246,-0.324147670837228
0.53576416081915,0.940889313622288,5.02076414262854,0.6516433010604,200,1.778822402977,-0.477008105059641
0.569073571086264,0.160666670896377,10.7745654406905,0.839544789038117,200,1.68485643821633,-0.482387103277785
0.727683513174943,0.914447964932444,21.6087506053088,0.401950091594776,200,1.86536399288725,-0.439286539852043
0.277742006663318,0.719975846293014,28.4432664421668,0.913252177346079,200,0.99552525085274,-1.23462505749177
0.528849214776753,0.458792617773144,3.52862408983913,0.685273748669292,200,2.10441394818164,-0.353632623120378
0.28571593670429,0.786093946489502,11.5388171552839,0.446939891774331,200,2.0008691861163,-0.343425244064724
0.891245929112021,0.408433540280171,4.08772001580209,0.787306240745991,200,1.7167523375878,-0.567410183453893
0.329859083495219,0.422076792270213,23.321490536944,0.831412479793482,200,1.57166754565066,-0.491102372186592
0.563188841959462,0.100149859702579,29.7943017235071,0.915125122073921,200,1.41906403064722,-0.602620165737351
0.508306910855502,0.92744097646436,9.20117656991102,0.696802323071573,200,1.45821948695397,-0.652016298592268
0.720458751605063,0.663626543464259,10.7220432933141,0.754776792940187,200,1.37660144274641,-0.763104306748841
0.764071834968908,0.560428876934282,22.4289350440977,0.378470318024085,200,1.98917346079205,-0.395165436366416
0.592344772474336,0.856823857866166,3.02669976873779,0.449709618649577,200,2.26987269951735,-0.313074070618789
0.21482425755125,0.0227439077229006,26.8764009050811,0.548157803277175,200,2.49285622724781,-0.228195511868539
0.742753890500148,0.911784153714687,21.3647569994503,0.979368060523621,46.7253367085533,0.51348126055348,-3.19018489639644
0.896227299124383,0.903586748721811,20.2602148853712,0.796275726423234,187.098651875697,0.933186302313024,-1.68562967715285
0.773928954222992,0.496237530264208,25.4191162497123,0.724039056437936,200,1.23325184693417,-0.93240144209873
0.880950633397015,0.240104480877313,14.2957942605135,0.929612439909507,162.953176234146,0.91781102503541,-1.72644368891496
0.762670025335175,0.890254299195332,9.93865516991886,0.41013229617849,200,1.98831795209949,-0.404959108293039
0.573658119064251,0.708590044501117,4.77138907654221,0.938994663640849,200,1.50136737120087,-0.649994611850599
0.352872204636542,0.602607885694065,28.8276590513809,0.76138800825999,200,1.39881349525355,-0.617245944711972
0.499354682400318,0.725265974770397,10.26061403295,0.318709482584498,200,2.2391752810455,-0.297586286249823
0.720875457484244,0.745048575618378,39.7972127691856,0.779933274613647,200,0.945167752176875,-1.52245564408639
0.268232682858679,0.35719506619424,2.9933785425562,0.723462190598521,200,2.32404807115612,-0.282442533645832
0.765485501904429,0.0138645005847948,4.53432809681231,0.525755677242119,200,2.18010108050528,-0.345052151108423
0.637103820342074,0.762234511191871,33.4464544550634,0.932219641385196,61.696364326079,0.652152305540929,-2.51245556040172
0.365654247930941,0.73862174079046,22.3155662617958,0.735077136282056,200,1.32881721843962,-0.702204028706019
0.403493433928024,0.829057609358923,3.36133288438528,0.465804004197203,200,2.24578221433248,-0.307910178819545
0.576417818475817,0.622739944426436,12.7014406745926,0.761966109690955,200,1.4125260450403,-0.681741058470976
0.323133284835766,0.758774989973439,11.6722476520796,0.736003216967786,200,1.49162410788333,-0.580559868087653
0.685937222369799,0.0724079156703432,8.32318350946573,0.790586122165325,200,1.7153626192913,-0.499719320818147
0.296592454892071,0.739239893050519,13.3695892964053,0.638121049715501,200,1.659364045405,-0.470443517266263
0.366808366472429,0.0465523778147258,18.5976131295472,0.748763970757509,200,2.11188690988118,-0.301191467413309
0.320071597719984,0.532234920615637,3.22760624259616,0.905752861316944,200,1.99533035797493,-0.379167406040511
0.270197136549535,0.167184622658254,26.0446188470793,0.950070965939031,200,1.89065820182768,-0.345860680519843
0.671245911112971,0.214363180112715,2.37231815569397,0.557189465053907,200,2.35172271000753,-0.296004102242433
0.543616928309288,0.3212572467475,25.8484853408269,0.877644630284724,200,1.31801509261075,-0.715633246624713
0.285931477174636,0.339559576558458,2.10578808894865,0.806027144065166,200,2.37132164826393,-0.277817198893164
0.824520274060336,0.850538901861644,2.20462718575397,0.627394738201533,200,2.16321629626635,-0.366691065698161
0.891388594308045,0.124359226842508,5.58535208231855,0.578593748063392,200,1.91992931520474,-0.460478930553978
0.885799623296976,0.149986733268562,2.04172262204825,0.557451986325486,200,2.30199414976288,-0.32526633068991
0.648427986686677,0.904990749975585,2.65279695671772,0.827698488838691,200,1.86406666343721,-0.467017926615662
0.877155356389703,0.282981885130525,27.922128402412,0.461012066087003,200,1.7643757675603,-0.519097478625827
0.525227789996696,0.0446147120208945,36.1569788623064,0.674807708821322,200,1.86786895838091,-0.376582235766207
0.846159666799917,0.0461733417223828,10.4637916454566,0.935268265518158,200,1.14791016334788,-1.12066066569894
0.53630891861193,0.898431602160776,4.84260654235459,0.775118689413485,200,1.62686055407877,-0.560701970332207
0.335579363633568,0.771331043619135,5.53364645946768,0.760085448401305,200,1.71863753283479,-0.478967944695796
0.357057360850919,0.334997240918479,3.61031322556777,0.338470130471645,200,2.53792118024577,-0.237216720081093
0.682102212485981,0.928860271987591,17.374032606318,0.834329596653053,170.029960626685,0.91668820926316,-1.63486089307534
0.452770561952664,0.536835752749928,21.9874512279593,0.886361537744454,200,1.21514563032261,-0.843993738234319
0.850299424540422,0.396841617919675,2.63904424667076,0.36238292565553,200,2.4202728456994,-0.28645448977322
0.345113439691113,0.235259672626581,6.08093930377185,0.34888702120583,200,2.50280097506999,-0.238801879919076
0.780025350410049,0.665742015118994,3.16801409134678,0.819479157965366,200,1.81897299134902,-0.49813900773721
0.863811546819222,0.42397214919085,3.47010012920484,0.943208526977547,200,1.62024576987742,-0.624001078306459
0.666676681801995,0.774951323855078,24.6519038193879,0.51996763201515,200,1.63211446535541,-0.536533644840311
0.643225520707853,0.846309450030428,2.00335563740269,0.989695788753133,200,1.87896545748836,-0.466230911178879
0.45184252980218,0.444787881891255,2.32991824419283,0.381964868872551,200,2.51787222339681,-0.247768067568435
0.283009532797546,0.439627587319173,2.74520323144479,0.689763110390189,200,2.31151322103233,-0.288090072270887
0.488091046997625,0.40880196758629,19.2873160976557,0.65122624033996,200,1.73624217846229,-0.441487105082674
0.351306843869823,0.107912925791314,2.79019453820761,0.308226065850879,200,2.6503556613099,-0.217782292923684
0.806179092479024,0.493546746402878,10.7827968942199,0.999549035661124,166.441713352616,0.918308830325218,-1.69665150036175
0.497340978978535,0.144165498086209,7.48238850060496,0.465043724722741,200,2.3084224471797,-0.281255936341225
0.772679664248826,0.190319382024382,18.0756739472491,0.502929938173682,200,1.84980967049118,-0.449966661128148
0.469497116489258,0.232611343321778,26.9952284643589,0.595040055226589,200,1.93569083203998,-0.357867384509283
0.638597762912108,0.0862338052296196,12.2410225341372,0.521875126222148,200,2.05250815489077,-0.353963276425107
0.482086098318927,0.711241481667253,7.10097202161456,0.406409646707121,200,2.16765639077202,-0.319701548282301
0.345532702924567,0.698824185196462,4.79709231016807,0.688129866580502,200,1.92810745477379,-0.394120812628092
0.700296044961596,0.0364906553708483,34.3952883551127,0.472799725257155,200,1.95463528742385,-0.385182726436092
0.261447210829907,0.348363071452461,3.64954203308141,0.930537110200268,200,2.13136475396623,-0.327100751195233
0.690129528336429,0.0650433074119307,6.22043252076828,0.928703895903829,200,1.64195906381038,-0.548127214851599
0.752869362497982,0.89817816246164,25.7659482441215,0.618025481380934,200,1.32673474839702,-0.815053242411223
0.448700974041449,0.415219069356669,3.5456935714109,0.759585141788462,200,2.09692665034238,-0.349589773031148
0.364606206071687,0.21239702561904,12.0102774140736,0.306103278976834,200,2.47898213168951,-0.238864241742125
0.306561380739758,0.636706228143555,4.34224829060482,0.630953709195989,200,2.08891139510215,-0.340358293921184
0.659512239064261,0.519222445783939,7.32345028549017,0.769281953238471,200,1.603553141929,-0.572780208308773
0.860250177940889,0.881757016051607,2.0453103640851,0.82825422542217,200,1.98814051629808,-0.437789433181208
0.333740038918075,0.0401609376882591,3.82296000704331,0.497278996169086,200,2.55091892364225,-0.232928788854711
0.89084611384774,0.753935696426371,23.0179989931827,0.828359073091981,107.88913515838,0.855041239092104,-1.93540141253277
0.465380614691127,0.212958162622674,21.4458734792019,0.479019059549357,200,2.14254138193077,-0.305903737899136
0.75904935206639,0.742615425568986,3.99688856740898,0.956066783197271,200,1.49365148889389,-0.696056020972853
0.202962013355029,0.933386558496254,7.65857600327845,0.461935233753221,200,1.97701419404056,-0.355097298209516
0.63920672949974,0.682937825121645,10.7991457117568,0.978089170661685,200,0.991469272127326,-1.41507872158797
0.499911737495475,0.673416166788382,2.37416923100252,0.611898395631307,200,2.24248226184862,-0.319463512637025
0.860490317082591,0.128354342026023,2.84435091150919,0.33406679216146,200,2.44776821827446,-0.278919839487846
0.793995576128651,0.42273000166713,13.3041546759623,0.693149035134345,200,1.46316612301161,-0.695871685014043
0.294303743761087,0.778827552992691,4.6650888426384,0.408982712286687,200,2.26500410339287,-0.291480444570027
0.823305433514707,0.302920652465445,32.1294848224811,0.549790477348313,200,1.59283447445972,-0.597637753261309
0.61334191817954,0.429370280172695,2.15894406861065,0.38734614107622,200,2.49359051953591,-0.258564057800993
0.514440832143649,0.578233962510996,7.15835770561829,0.382624919595794,200,2.24275946931192,-0.301477566566867
0.619321202979237,0.644785214814295,13.2922430778291,0.587251795718198,200,1.68993815838257,-0.502392394931644
0.572647197619996,0.246610098866769,10.6155363881661,0.49771826892669,200,2.10341904780143,-0.335035068001875
0.34993215591729,0.19539264982269,34.9763313201495,0.5057412308101,200,2.19490862500792,-0.282393517142919
0.207727543583838,0.146474999965987,5.92036494398861,0.573785347849503,200,2.48571811633137,-0.237986495200417
0.24084551527331,0.683431834470221,18.736991319662,0.547480079110712,200,1.83105338395826,-0.383247737880569
0.570570798140035,0.484950685446954,8.01464143964249,0.807125385244819,200,1.59633137272965,-0.555151819596661
0.571141969721144,0.265371316103963,2.98437634332143,0.684585312247703,200,2.21670479709783,-0.324511158332126
0.275791082677439,0.292207548155667,4.71292679822991,0.354000304533138,200,2.53537611360241,-0.233549282381467
0.426741720508947,0.797161406013723,16.208318925282,0.403912489400781,200,1.99041123318642,-0.353449161042219
0.29160725904863,0.909247037875388,4.37580775124895,0.337987396666082,200,2.3245167632864,-0.278768824000029
0.455966917325021,0.185402760436289,3.40005739868932,0.654738382613511,200,2.31507740485013,-0.288772597445301
0.469581453183045,0.137786723039905,6.7492913053812,0.659646653464258,200,2.15634684197629,-0.316385456906885
0.325421471045981,0.880819681139954,19.4382712149255,0.694372369546335,200,1.2991403561314,-0.740305087752044
0.861910341508679,0.804559707684264,10.8392392763798,0.717858300277583,200,1.34183624412528,-0.851282835632689
0.536065230074269,0.156020521728625,10.7519970736264,0.399658736075523,200,2.29866591572029,-0.282396612509686
0.442010924925678,0.0720069175672756,2.39083302640553,0.598733312180832,200,2.48777932825405,-0.252816770269298
0.887302959514952,0.224102865672372,17.8533418031856,0.532316120769774,200,1.67609253753293,-0.574320455597243
0.848473120144312,0.885868140673571,2.45494793487097,0.779106505338692,200,1.94500824370182,-0.453073109241428
0.213151043870634,0.744203742610923,5.99191555339515,0.580681815715654,200,1.99958604084916,-0.354202874240326
0.295313688544106,0.853973929172153,28.2551690147985,0.910614755677936,89.8490337743514,0.777227687498506,-1.91838715799325
0.347005534676703,0.672151211537002,23.5459876567023,0.646221451005503,200,1.57380547347922,-0.504949945469328
0.628056261414794,0.821048233928756,15.5137416954529,0.804382209473685,200,1.10216369818161,-1.13407098061321
0.679721993020223,0.538954988892415,28.9853959170184,0.55319925379282,200,1.63249769882997,-0.531876702694481
0.648022020415201,0.211888863915085,2.26112525651862,0.464749756099493,200,2.44798996367893,-0.270263288152552
0.805383769253952,0.590849650830644,2.81644360621362,0.680530178360664,200,2.04326935304183,-0.405544446828241
0.754842859091082,0.473978095290523,28.6456377626479,0.951070137511318,75.2466393391942,0.745384217269722,-2.22240087217373
0.720194300855688,0.748140553238627,13.8852959277175,0.42118863063807,200,1.93805713667918,-0.412037773889853
0.677491139921887,0.328175340125295,2.27213851023908,0.538432024868733,200,2.35447992248301,-0.296353601297026
0.375149540669021,0.582836536294175,10.5963914206309,0.602534460673567,200,1.8783296737295,-0.389920913211776
0.89488997857573,0.565565266585451,5.24834574581112,0.845595139458682,200,1.47309332676707,-0.739238674549456
0.298721455282617,0.0107342482578824,4.17810978351225,0.428725412501177,200,2.61156425330724,-0.221182379998219
0.694452236899803,0.8686576388569,7.60382222661603,0.35305610677759,200,2.16570035139703,-0.338952938875226
0.663954260987563,0.625623401634989,5.2530684858183,0.334464631540119,200,2.32421129457993,-0.295065072001704
0.550511488216029,0.602036622700611,2.59590898403714,0.396354445335215,200,2.42888404340444,-0.270573163931132
0.5056891795037,0.521001574212817,37.7615711265881,0.971332964270011,176.569734770873,0.910285126084716,-1.49303756522742
0.473013350848644,0.751985380021021,7.74855236876735,0.30712236518395,200,2.29891291963871,-0.285012473248368
0.840573510546517,0.144473333711612,12.300913830552,0.535185648315897,200,1.80785851468609,-0.491303055002532
0.812605429443453,0.0125288757439354,3.51250044028221,0.48632823655159,200,2.26309074558533,-0.327185883803443
0.602412510082087,0.444442515588707,28.1327271083935,0.328203649190511,200,2.17270357904213,-0.31301007410447
0.852212635692907,0.128245108752057,2.34934943741622,0.740009680722933,200,2.10040452897811,-0.390106115568096
0.599768655833152,0.270682385863527,5.03213218245399,0.381155159661647,200,2.3693390111785,-0.278987449764461
0.879275387804707,0.517330482730118,3.10130745463037,0.35448967834403,200,2.37812666129155,-0.299657588043746
0.715393965225015,0.193883952558696,8.30087236786975,0.504672434371826,200,2.05024145251149,-0.373076489374435
0.589129807554154,0.467338521021302,21.7314507584559,0.809888755106709,200,1.28767327096536,-0.785597347227184
0.343067646389261,0.875383764361664,5.64762706800284,0.358669968812121,200,2.24701274467388,-0.295208981341364
0.387646147812437,0.527903477430344,4.1483237999327,0.598214049260559,200,2.17367199870014,-0.320778651278867
0.447680102929287,0.829641407895201,31.0219143542632,0.389351771971669,200,1.92216128970532,-0.369921528291275
0.546298942361128,0.505264515279881,2.63006057517097,0.429969780061169,200,2.41658469352343,-0.273069796713325
0.622779048766638,0.371085014617719,14.4437712759661,0.419962564236368,200,2.09043967814889,-0.342387680864827
0.705298194358428,0.0827157619519392,2.70335406183722,0.479499326715525,200,2.39072131811602,-0.285735075874064
0.479788991025269,0.550373605167148,6.8714750138292,0.852855638375312,200,1.61103084446688,-0.539387987230067
0.37670676584607,0.798399793598518,3.76614762315715,0.534904323767778,200,2.14208069147767,-0.333272550292786
0.849023890657894,0.124594178294635,11.5035268440481,0.496441522676925,200,1.89031542184937,-0.456469799546035
0.381251328209772,0.843214022904495,4.51439155147706,0.895883153082089,200,1.55360190815343,-0.592620912861317
0.264869886387279,0.773902334654952,2.27626420841289,0.34599464714108,200,2.49747659375429,-0.248600274433476
0.752553710759478,0.0867273166085865,8.8428251275876,0.883582645869682,200,1.44985252366157,-0.691821717490429
0.363832438822323,0.700839381386766,22.0724019044369,0.860190761995735,200,1.13050831361111,-0.976110508151837
0.642434466475799,0.910039520880727,16.2337694475095,0.912104082007434,85.4435752420415,0.785307905571729,-2.06802008507459
0.211967602462632,0.687451980223068,2.02175573132374,0.50369035737263,200,2.42878187445925,-0.264132433918843
0.254898485280488,0.499061448229155,7.50340413437752,0.701866441805335,200,1.97784470287863,-0.354470710123144
0.292683532451202,0.137431664101465,14.424994845521,0.725900702764761,200,2.17418948717496,-0.288419903792281
0.593959381452234,0.0949660623106717,15.4421564696081,0.62448327160473,200,1.91143987095088,-0.387619800609581
0.446500893203557,0.761254969478204,2.51659846016664,0.66325392029072,200,2.14956159114435,-0.344057427863518
0.557273373515819,0.888286622176564,5.79742225916296,0.595323447292686,200,1.83404550420323,-0.449127688137371
0.697266216946921,0.774154933591272,20.4729072386511,0.527545727978468,200,1.63730462032034,-0.543733052693698
0.814789200288787,0.0770601483985704,6.67899896463284,0.520098082461945,200,2.02592262268089,-0.400284819340413
0.866718352305284,0.687533842135977,3.13531403116467,0.592178515920563,200,2.07283903806291,-0.400218605689047
0.691205145263299,0.826071316860372,12.3773753585086,0.837524448668755,200,1.09050756340356,-1.19131614107881
0.835852627065661,0.585139877032135,10.3983726158231,0.468021400233459,200,1.90222098382993,-0.451514828967454
0.716687228465624,0.201097110017956,12.7146855605041,0.332797586202001,200,2.24669853405766,-0.310466133664493
0.200437200147868,0.535652959564786,2.30498098481287,0.470072115596089,200,2.48741210617565,-0.248959341350944
0.618413154164609,0.917058093560146,9.49765720543115,0.931015316801627,200,0.980728501577112,-1.46300261616075
0.655147756552751,0.0835024340738736,3.97782654666304,0.682027165727504,200,2.12592904350075,-0.352018283511385
0.533051640877609,0.437623460346476,37.2643053221575,0.90800467497004,200,1.09606789991715,-1.03475701337621
0.85472042844377,0.133613444582784,21.2460921139272,0.603962227738602,200,1.54345697352115,-0.64621727119881
0.831786066691895,0.855143557013203,2.19889072967045,0.560562752545446,200,2.23174720718441,-0.344041562808853
0.309222859228953,0.490424583275123,35.226258085347,0.581718821845173,200,1.84921046861539,-0.370591108064074
0.649122523883652,0.548769043083869,18.6893237022022,0.958401649296555,170.94373976932,0.913901285763917,-1.59585252050001
0.290836157772255,0.91269236565625,23.0783700266679,0.47755807467401,200,1.7223056859335,-0.430542922231872
0.679733395400473,0.475356938263467,3.66427127967964,0.327255345430241,200,2.42560893589207,-0.273386651098976
0.661666799468392,0.559954014564562,9.26396308921198,0.952348833762536,200,1.17660198696676,-1.0136040419457
0.872007642928635,0.254065927493953,2.24996803189261,0.979511031587639,200,1.8609757092088,-0.494389942702046
0.278973521395672,0.789284605706014,7.66526859268882,0.70090563946929,200,1.67838523070534,-0.48041327913222
0.872517457210645,0.332814340126452,2.43734351542813,0.489618572045995,200,2.30526971339787,-0.322379350022172
0.303028134885174,0.393765658505288,3.80356906061791,0.854163277502443,200,2.10225297192402,-0.337023333119293
0.657435051870501,0.735687262354578,13.6221586086772,0.5312406320314,200,1.73873439759898,-0.48667862729604
0.768969449793183,0.905996222408023,14.9819958237663,0.606749543604154,200,1.46855932684109,-0.68980733545454
0.783265455845968,0.210895302587154,2.92901803620208,0.326282881031418,200,2.47047298033256,-0.268623918202072
0.737050600970979,0.460708160857274,2.04792231704338,0.741032372777785,200,2.16741396349605,-0.358697327302005
0.278532155504675,0.18044325162527,4.67108232535487,0.927835790423381,200,2.21105437823223,-0.298591472104901
0.73837363580151,0.76039757538567,28.1521386069799,0.868338002673994,85.2787343296052,0.785547276484625,-2.07414372517407
0.25021263233185,0.245315170010959,2.22276376740208,0.348434546601788,200,2.64759519406724,-0.218438484358245
0.320292731500479,0.329088537459522,5.54062601928009,0.954311077240265,200,1.93027319959393,-0.379438327308139
0.247771151766577,0.517720856916963,30.384833598754,0.676751148503957,200,1.72733361531217,-0.409959388087559
0.85737144403522,0.784884779353133,2.22532368322518,0.431229332452803,200,2.36429679251662,-0.304146330267778
0.632022779231208,0.717792260842681,23.7876315903428,0.422679037169561,200,1.88627162058141,-0.410112846401722
0.415185334599903,0.33573954785765,18.9848803552807,0.642465565671725,200,1.88315712260493,-0.374746839006358
0.790398293520914,0.614651757110966,2.54226270074481,0.763945391201011,200,1.99985151041461,-0.422497396379219
0.888146476751271,0.518081619523136,2.42813633652208,0.860631046980713,200,1.89624184460772,-0.479549580027407
0.588470047556624,0.146129773244312,9.42463207709524,0.322845193017235,200,2.38456452301852,-0.268490789038245
0.672419225270596,0.456461134792399,36.7026607010637,0.419825342818761,200,1.92696349114261,-0.395274675313067
0.380416406450382,0.821942682192133,5.88869130378468,0.628220655606509,200,1.84022883574033,-0.426267861385207
0.33123822502351,0.513880455463574,5.58874334327535,0.752723900957514,200,1.94610413618747,-0.378919184669757
0.627080059458036,0.233546309874614,16.7051953357305,0.575518203036402,200,1.861352865438,-0.414128590584062
0.581978978401485,0.167868812225185,13.0172040584789,0.75060110610569,200,1.73520483416811,-0.457879825744829
0.350611102802865,0.0924457917943791,23.1073477011964,0.466348326788982,200,2.34386473515206,-0.25641120894189
0.707084366253981,0.273358199889469,7.72371289830698,0.996825351349078,200,1.31317379653871,-0.824819296534993
0.827878603820867,0.293549086225902,26.3783733223286,0.817373207620174,200,1.03760664973435,-1.33010944309256
0.425770377725541,0.669598230921365,16.9615094964252,0.695740153768798,200,1.50604637985189,-0.56896978283477
0.787306538114215,0.75554079358093,25.8248451537424,0.647844166945216,200,1.29757374702427,-0.859776879539644
0.546083682777306,0.740602129660787,13.2720424944783,0.511676433689706,200,1.81447240132499,-0.433730404709405
0.743517304024349,0.905343648722473,12.0496578474023,0.990861939174969,69.0550132939098,0.725773714251988,-2.36783729863064
0.645584527641271,0.0783431917551672,13.9136499245953,0.402761949761957,200,2.20515319711374,-0.311544520384613
0.534403451076065,0.125097581871987,5.50699373515687,0.360208825046515,200,2.44798040630489,-0.256600891184901
0.694364119296373,0.84148391121076,16.6451254872351,0.71987569965107,200,1.23130057517561,-0.927244356982639
0.317158389436795,0.340214024889632,2.74937566652266,0.551468266506772,200,2.44310915898402,-0.258348259664544
0.751544165086195,0.147993682646674,24.8383840741961,0.491891668240439,200,1.85906486048072,-0.436960062316599
0.263610009302098,0.948729183196393,38.7837988714413,0.475578075380771,200,1.6338656938679,-0.459558295930934
0.849725146770656,0.163623960798459,21.3377101374862,0.375223646326348,200,2.02174980618122,-0.399659842580531
0.311825256474564,0.880069280394698,2.76511494665908,0.73325132012763,200,1.99514890290136,-0.387201587623844
0.475262301088893,0.330192685444451,15.759391760334,0.658461394517325,200,1.8349734649479,-0.401974763516966
0.241580160423554,0.584309529248586,10.3316317124681,0.469263714938968,200,2.14183852387401,-0.303485328180797
0.579155161351625,0.00664442595918663,14.8570710779314,0.855173475839943,200,1.68683635922565,-0.465808033990251
0.73379299881078,0.580136470928086,5.05444189659754,0.515322642887221,200,2.06262112231435,-0.38149982519975
0.342285144052135,0.421173408572127,21.0604573734961,0.831700534963584,200,1.57588850472026,-0.493111217166618
0.657841853905477,0.913334462080593,4.48980755130768,0.727629205804691,200,1.71587892797421,-0.528123576427612
0.743143465223963,0.100946266347209,16.5486855906774,0.493758514724323,200,1.93489649415722,-0.408889466122745
0.72749335155061,0.0849926432419297,16.3653814242899,0.68755658321511,200,1.62369523172854,-0.546340864022075
0.783704498431987,0.407193213688955,10.4773699648974,0.999117503469942,200,0.995479203372692,-1.45178901483875
0.61409878578831,0.319645297472707,38.0741635938312,0.986635440300653,200,0.94413672652413,-1.41683195214033
0.632653940025996,0.729981376093758,10.6299849142609,0.728130073871626,200,1.4380237263035,-0.683378597171076
0.56441975489036,0.503416872231686,7.86309215988291,0.400795244970762,200,2.20623320428515,-0.31296961387407
0.669787650663312,0.568533411152071,9.06199628993038,0.916330929536504,200,1.23640936260537,-0.922391066580567
0.88445452554628,0.741630153881196,4.20120903104477,0.761027599268469,200,1.70016344233417,-0.576319693031749
0.756680623132169,0.01638628472907,12.8356006894043,0.32864459000122,200,2.26186418208576,-0.310281445969313
0.461741735728861,0.771911742069541,10.8049352484594,0.968190258047233,200,1.02662152486702,-1.27931021372859
0.377138285467797,0.425896799503438,26.2303649615363,0.425613508603163,200,2.13432263287427,-0.30192760478655
0.372460724073493,0.436172820890854,31.297926770829,0.484601649687292,200,2.02083876098557,-0.327630634734062
0.464886993225128,0.197383178470586,14.3229208195023,0.410918067891135,200,2.28377400495806,-0.278380863650592
0.779470343983849,0.477916900406987,2.19211849288374,0.919704039394669,200,1.95212351809766,-0.442845750263622
0.787205925582101,0.751303496838889,30.4174174816142,0.821650479678988,113.881836840102,0.857640283469301,-1.8463881730361
0.626758289540388,0.614990490793095,10.9569283748676,0.58906631314711,200,1.74634209292793,-0.479304287518227
0.427665192187345,0.77582855329264,34.2672599366263,0.657800639495711,200,1.35331627878724,-0.680191574198553
0.25086702964108,0.280290927589735,20.3024734698957,0.933725598915333,200,1.78434147518566,-0.386385563734405
0.436876451642547,0.353842136967628,28.5586951782658,0.324458621938317,200,2.29434651258641,-0.271400009243639
0.616316762841974,0.157513554131791,3.42623593781671,0.56284912445903,200,2.29094653247839,-0.304092426732436
0.867592103415534,0.866582838314942,12.2177409209035,0.581623615865588,200,1.57355394784043,-0.641607336147924
0.620983046362068,0.720297984661895,14.2238886349857,0.71493511360633,200,1.38065599144363,-0.723777816724585
0.301459114486949,0.131992120772344,5.39011516016069,0.499095166052855,200,2.47950667116092,-0.242236402920713
0.731195244154101,0.331282736894834,14.0583478230283,0.703944789616461,200,1.52163416452406,-0.624388108594376
0.840025558515654,0.613227243963978,7.79287542181857,0.637584129196304,200,1.66527037148362,-0.577512233725218
0.480147941588525,0.49777940302256,4.70076657973718,0.414924478606849,200,2.32405036165427,-0.284906551141137
0.555153020822001,0.882407347667221,2.27032770365744,0.663637651390412,200,2.1320248731696,-0.35860011654811
0.573177582954949,0.467887799216244,8.38617123994984,0.497568523638858,200,2.05633111849628,-0.355346012213094
0.888932378234093,0.423148416228336,23.1723089888237,0.542640377926182,200,1.57648363433711,-0.63887996696759
0.484128964296604,0.403410250320045,7.40939650972729,0.902328262964395,200,1.63407641291775,-0.517632986745629
0.264754588915392,0.38695164870945,3.40900285708696,0.895060315393889,200,2.14237928819727,-0.326505283851792
0.584911235654882,0.130664621840367,21.5615510554147,0.312124940844206,200,2.32918904043871,-0.274607196954894
0.71855923779658,0.67541336679856,19.2560689040713,0.991675681707985,63.5959932223837,0.681929894051292,-2.48038532673045
0.749890635390362,0.0597830996000906,9.03247434701149,0.670168114893666,200,1.78382109305919,-0.481435072329335
0.223689262020029,0.581828345099406,13.0209847439121,0.812538581614452,200,1.60524984111768,-0.486793529691999
0.58577130450767,0.275361924586119,15.4539718499392,0.787668960863103,200,1.55659207016511,-0.551900541132531
0.708809602499854,0.523956125591237,33.4938700084725,0.447800231272324,200,1.83164447663563,-0.441120061810196
0.30048571258275,0.717016629984696,27.6446857359794,0.957141962673344,169.676165472028,0.904449244152503,-1.4915924300796
0.713060201249869,0.393414103122304,3.15564758906098,0.749411166172537,200,2.00338129636521,-0.407887472556242
0.562855969288239,0.340554920530467,7.38737249640704,0.429226229194839,200,2.23446521496516,-0.305224191315211
0.721521370298004,0.522845154927745,5.34318254184206,0.991253880556285,200,1.37570343902996,-0.784050225016212
0.832430590251173,0.0552683394651239,19.2126765865379,0.73208255051837,200,1.35468189997057,-0.801659943128766
0.37597902635918,0.470419811978843,6.80637450894871,0.375935784381938,200,2.34846813835979,-0.269432159583868
0.390315749110134,0.802338245237529,2.95101032576034,0.683352189570999,200,2.05479963390971,-0.368142232587992
0.650599933838355,0.416608058371333,2.06649340555208,0.510209792478251,200,2.39648705884977,-0.284926989324618
0.212407769666077,0.93911789114306,23.7207309562065,0.714166691501074,200,1.15404646982805,-0.916315593827627
0.754558437002155,0.590046500531095,33.6271302429037,0.453664075863912,200,1.77481507013542,-0.478392006447507
0.583067848147297,0.603704172266946,2.24225127846353,0.480184920373202,200,2.38050146776755,-0.285799735798052
0.844160100174292,0.636460921819834,4.59843621705625,0.903767385004732,200,1.47509293990062,-0.726287005992161
0.884671674763605,0.332914526209099,7.59971002648558,0.342057222565093,200,2.20968050902108,-0.34730783208049
0.395221802410328,0.770685087636198,12.3378272679489,0.602132880147469,200,1.68495333953309,-0.473345504653107
0.436393855357744,0.453512000406984,9.98527750271756,0.940187002764991,200,1.47120614606137,-0.60402804819348
0.764563484729757,0.863139753054653,3.62427817402934,0.354921685846546,200,2.32821055104056,-0.305170295678906
0.426907375518411,0.77143853558123,18.7776379121186,0.997408170463874,85.5117229110943,0.771207324287377,-2.01063951083354
0.665788046461786,0.72233169253803,8.71831974712,0.387771495610895,200,2.1123482278798,-0.349838140176347
0.364943186661035,0.910734978992709,3.65295883804957,0.769709881633256,200,1.78968490586844,-0.466349098087699
0.843550384532389,0.469064870892539,8.85318233651792,0.806458530348563,200,1.33899758721762,-0.84729031758706
0.598013654504227,0.706098453826861,2.39791409335488,0.647255898383617,200,2.17368504569345,-0.345767260529589
0.62971517134991,0.699847235502815,39.3517252129379,0.965419153006654,56.583856750998,0.603478517791037,-2.68818613278185
0.215825132593489,0.551015892183292,35.3845878490419,0.961457373870754,200,1.22279486740528,-0.768555496008364
0.249729632613955,0.814976045335713,5.28309924183912,0.938537925304884,200,1.46736921588913,-0.635197645031846
0.430859166543915,0.0972437839982953,5.44381070319423,0.490072282828864,200,2.40800358557321,-0.260019619358647
0.752311548335734,0.748826349277818,2.05221091698574,0.652632693917056,200,2.19068284065813,-0.352637092651217
0.46606943132546,0.232321138266753,2.24394117466357,0.431862581624098,200,2.53611052564512,-0.244109386638418
0.542291594508158,0.345060107889046,2.86023485104337,0.491675737180212,200,2.38401429721599,-0.279430911291132
0.257275028809044,0.0603334922829876,2.61644148767938,0.771529209450609,200,2.53527466798581,-0.237566616803409
0.51077428843393,0.569396142790684,3.67785729140643,0.488999410881544,200,2.26485817093689,-0.30565527354976
0.236077201393852,0.0691835897220493,21.9986072453139,0.681080731089848,200,2.33433060161772,-0.252675850877232
0.512220501727751,0.0337724358717174,34.6633979924442,0.461720377917262,200,2.18807918506663,-0.294367378922128
0.469202700333181,0.642973597547734,6.81873189715765,0.920037714615674,200,1.44557027578385,-0.659603198072895
0.486368729793156,0.000128368307871278,31.5785123087083,0.509680979999155,200,2.18420390225851,-0.292451713568541
0.663717072898832,0.409540420902035,3.08983737576104,0.650024399143597,200,2.13847101833315,-0.355880223469437
0.593784332896637,0.353049490593634,8.19027155762301,0.840322990360879,200,1.60583415359764,-0.548102396130627
0.321521271195565,0.0609465537966811,10.0633672636458,0.79439652342929,200,2.21451750341629,-0.284510304701008
0.296254191184533,0.536614298260848,14.7117448041343,0.745501396650192,200,1.67840881911738,-0.452123463159423
0.87482336138833,0.23788884808328,2.90633101674311,0.563141657700622,200,2.17497554732008,-0.364134308419362
0.788895280549807,0.555640282607362,6.79437344397578,0.958988872372786,200,1.22217615893565,-0.994653574547293
0.386551981834664,0.676968884655174,3.45461315881464,0.636346709295968,200,2.11240119255211,-0.344118693723548
0.491617403894779,0.0641710856847193,9.59705132414942,0.524342593329982,200,2.24931532803953,-0.290045119367295
0.254055890512715,0.404243343352437,22.1062473743542,0.627344646063385,200,1.968365484093,-0.334543412554773
0.896474757329064,0.0172896085747828,2.66100566995876,0.647120389333336,200,2.12096993973231,-0.386270299691858
0.761992433012122,0.612469499463293,25.2859329592966,0.60522470753373,200,1.46041007977074,-0.680106582117981
0.231613930203548,0.282557051871655,16.1086872262536,0.607160937664914,200,2.18468212651576,-0.284657834559689
0.613726250011854,0.316284784520829,11.8701213696049,0.683553857915872,200,1.728469218233,-0.475704038749799
0.894400939583934,0.427341542870955,2.41041581184793,0.862339784718708,200,1.90476661746199,-0.476386347435612
0.214596125393664,0.203370675633103,14.1439247100936,0.847562757350737,200,2.10034523405999,-0.301420688691835
0.474720324912644,0.305147539501924,18.4158844466818,0.622537254968976,200,1.88206414610652,-0.382242622494493
0.825475511918954,0.0408245713386335,25.1805458083707,0.558232920492417,200,1.66857691971538,-0.550592251032431
0.291034440456734,0.54755744780687,29.0440693303275,0.377252556957615,200,2.16906929035778,-0.289038231637969
0.790762666533911,0.70890391590388,9.24867151437721,0.320655290124558,200,2.20227024457091,-0.336321841231044
0.442803458564426,0.00960286804139614,4.50343844244915,0.43159655852362,200,2.50847008600378,-0.24228937745379
0.765751106140134,0.39654953572357,20.0510482486877,0.57740148782602,200,1.63080752084358,-0.559854263647745
0.790093834789299,0.688304124026637,18.1047102593811,0.781266451128192,200,1.10258096537142,-1.18570465015792
0.631483071776417,0.747166134424775,12.1649388216616,0.795697167523655,200,1.25054848078781,-0.886823077798958
0.745197496577088,0.0377149004371332,4.98178655375644,0.667359177128637,200,1.99269425245607,-0.404751841413057
0.581201575816803,0.257117848849941,8.91827160050146,0.766547474132928,200,1.75675521917425,-0.461542197565941
0.569961856670615,0.858967696950569,23.3489170742881,0.436212417120424,200,1.81339305198884,-0.430761842739148
0.417254672645902,0.499316761579229,7.3276595051524,0.560301108837329,200,2.06498296434932,-0.340958421284581
0.392798819898845,0.146897299932176,2.33651325364451,0.943750414060095,200,2.31040756876903,-0.293086517915081
0.54722747585054,0.342795580812373,28.5176817381767,0.737658777517072,200,1.51857103647672,-0.555193621256732
0.446770950019476,0.776375019515717,28.945607436586,0.565554621055156,200,1.57266583116447,-0.521770849574961
0.331029155197515,0.872535199037741,12.5245233737575,0.453374684006061,200,1.90690832463526,-0.376258776381401
0.895249812188349,0.688815719169468,34.0906064237139,0.894632043092651,52.5654618008145,0.61342061284288,-2.88138388179703
0.830352420322349,0.277384309127407,3.22401256678873,0.488056210571714,200,2.24495284003913,-0.335720026206272
0.265955265373729,0.360850666712927,6.61858278037027,0.892302181993557,200,1.95164719450661,-0.364009236103373
0.370351362371057,0.530612879363715,8.46042818892157,0.567249808857939,200,2.02484615235173,-0.346338531620879
0.557123444837402,0.0847256826910268,25.5407675089082,0.453054863224706,200,2.14639738219214,-0.311067056271163
0.511357718599052,0.479970045860527,5.3413246003573,0.80331426274844,200,1.80971172446293,-0.449928738701219
0.339681570755031,0.561700097623087,16.008589234532,0.476705943256306,200,2.03389861775905,-0.330544222495619
0.320671373342754,0.238783017476733,8.70420759776071,0.964007051430386,200,1.88788859183503,-0.376345483686826
0.378065511103758,0.863324418611444,11.5352160449544,0.732142631711011,200,1.38007265529812,-0.687278262992066
0.533941516914871,0.820512889194698,5.04691759536302,0.593868627128719,200,1.92235479344038,-0.412923034320687
0.482359490104097,0.420026956094507,15.0655438008191,0.872750965480569,200,1.42832372337704,-0.62655560961948
0.286966530850374,0.211840474690427,28.8361384206553,0.53790400936089,200,2.22099551032149,-0.274997912214434
0.86979639236733,0.574538682258199,11.7991077491134,0.642676336923125,200,1.50700313043242,-0.691225547038817
0.687702503327684,0.431461661518338,12.7511059130667,0.495388700676034,200,1.91916495389396,-0.411323883945548
0.373678082277362,0.461093290171559,28.761837568534,0.397921824632903,200,2.15141389006138,-0.297599224171069
0.273642938434263,0.533518194173327,24.2224136042663,0.838147301292978,200,1.45625377861526,-0.560932202933052
0.597486510169778,0.783273888506282,10.8797021099725,0.536300564360983,200,1.77953379381804,-0.461911333131752
0.30492881481507,0.0711662147747741,9.52871737668903,0.744201687845689,200,2.2730216076504,-0.273160933690023
0.715664650489367,0.74629310009625,22.5531841500929,0.86687329206393,120.094814851873,0.864827964303851,-1.79291497083599
0.894112422544012,0.923543873674465,4.18177820831187,0.336873572457093,200,2.30774033722777,-0.320810976392722
0.52455941769788,0.691353072023074,3.23933555237249,0.716367535179077,200,2.00224792627752,-0.39243966756997
0.248940284216171,0.674030233505504,2.91319526880966,0.321397223866172,200,2.50604431327978,-0.243628760931666
0.489672400306033,0.309276717493124,20.6165509807538,0.558528387577226,200,1.94566319004116,-0.362767131431436
0.840380609898735,0.196629692900181,16.5304564452963,0.994172506937392,91.9423870535603,0.81557006385711,-2.04550020516478
0.730019973160777,0.651695614329392,10.2192188532253,0.410454537626736,200,2.03926322759397,-0.37977418919456
0.247409175762356,0.0807754353782162,16.1508545421074,0.783328613896163,200,2.25541031175838,-0.268352025576587
0.575206482751861,0.0411275403060562,16.0638914875249,0.322118808802543,200,2.37147570546471,-0.266225910937398
0.413370908441798,0.124909366805048,3.45873891167473,0.977776260895181,200,2.15892543546184,-0.325108457373597
0.664793002637577,0.59880987031875,2.11657113992003,0.366626985253463,200,2.48161680882441,-0.263542581680063
0.359287888168187,0.637413276360009,6.78190549845786,0.935597848499093,200,1.4981877984811,-0.602250627182973
0.833625150516893,0.786327308854538,6.0343206110742,0.330878054294751,200,2.25032222654309,-0.33002130081332
0.324024310472359,0.199668284662941,4.71672056244759,0.341741951200467,200,2.56008024360176,-0.230069066052282
0.706596653156758,0.158073227071351,37.0065193675924,0.872858887158839,200,1.12861619595607,-1.0309624318115
0.739601834801584,0.620471383951496,15.9444215375088,0.311263935699384,200,2.16747825811688,-0.335743066035575
0.608639812508559,0.80388699253614,3.77254536065241,0.873949474874302,200,1.65811341918569,-0.558701470831216
0.506929377721335,0.434883450664875,39.6073296271533,0.594644119437318,200,1.70545683780944,-0.44853781755346
0.290765113832429,0.738035050314343,2.4588400293165,0.757839543204126,200,2.11185642991433,-0.348874913393366
0.759363021967405,0.221571005078886,23.9452331508355,0.548899161526887,200,1.72154975093539,-0.502731840296755
0.778701128417362,0.50560954337779,2.19314048810224,0.397113728506677,200,2.43599405249735,-0.279592983712116
0.374047915774537,0.862823080925647,18.2229760630883,0.481463721889521,200,1.77891321295978,-0.420824488196632
0.407731576442509,0.760246145473184,3.69462489671524,0.611714034669839,200,2.06774557727338,-0.358490076381854
0.742669911660766,0.841978145771435,6.47665663005515,0.390949388090428,200,2.13520265758357,-0.355689609144059
0.877948854418161,0.0213600333220869,3.54288268073221,0.897770528169038,200,1.71625045110403,-0.565295324762195
0.537956400932162,0.361595704673983,4.06214191981093,0.695531256389455,200,2.08377076477595,-0.356675287621165
0.23088379203716,0.389044521701522,3.67008436929813,0.759358222681493,200,2.24215912868011,-0.297050218998503
0.253108924747577,0.020726499508104,13.4125901515147,0.81322858773837,200,2.32623290665998,-0.256867671462157
0.470982422266567,0.677364110103983,19.1412347807215,0.87928676528548,200,1.08912320027519,-1.08934156517829
0.82679835519907,0.0367341172821044,23.9275743058676,0.67568328840998,200,1.4370120831486,-0.714904403211868
0.899674193561783,0.481304109256373,24.1790789503127,0.333471982768962,200,2.03711352954739,-0.406012644554792
0.271316807535252,0.4503760244091,14.0138016991061,0.399144619835812,200,2.27531023176801,-0.271581901573838
0.705720862250317,0.294014417407433,32.6060155937207,0.45898067373621,200,1.89005730130644,-0.413929876629825
0.625662929404915,0.0319464003747872,9.74398273438091,0.458736497524474,200,2.21101520716543,-0.310928715926392
0.451124296553154,0.278841268787615,4.07194062258049,0.918221423981067,200,1.98771852423975,-0.379045258911633
0.703878999505642,0.929424957489284,6.36685217200992,0.439466535656806,200,2.04089134826827,-0.383790220752633
0.394082138094624,0.628608102290138,3.91285351976538,0.397505214431114,200,2.361148992668,-0.275348421658056
0.73027484584533,0.669008901494287,11.2164727530563,0.512447713046404,200,1.82000993029641,-0.465338159499105
0.292573274433186,0.255603448028218,15.2109809287065,0.998045475271724,200,1.73869515969013,-0.411363855000036
0.896899341016022,0.459590936627282,6.05796389194437,0.89374623992419,200,1.3308182506481,-0.884175162262255
0.262779860530491,0.390298899416571,28.9203683701783,0.954236846664245,200,1.49866654366628,-0.51603974226632
0.449996802518928,0.235447786134318,2.29464585808248,0.709717462105583,200,2.36307212715406,-0.283312766089528
0.69362364265831,0.521463294215202,2.22972895639149,0.660790049234568,200,2.20864617247683,-0.341203994964458
0.687588590913235,0.112813609347446,31.223840655637,0.826422421545365,200,1.30664895795654,-0.764918543208342
0.236347208892779,0.0209895983671187,37.2408054317303,0.566550154423543,200,2.44250791322783,-0.234607898566804
0.205198466259629,0.659614746804089,2.19619583969283,0.78248647073467,200,2.20703220573253,-0.319310122912451
0.341043130084507,0.0457264192145628,27.2098759507687,0.894124550005281,200,1.98665164382733,-0.321832069403808
0.522698659717206,0.427688380542789,32.3518020455991,0.435740973572022,200,2.0091292427577,-0.346396636204905
0.66338253128631,0.237614751939274,10.2084242502981,0.762345520423593,200,1.63674261141195,-0.535493532582395
0.359473186092141,0.217132212731851,13.5118396265252,0.997025646819756,200,1.70980296839653,-0.430802646183933
0.552684438400754,0.592892885376443,31.4846334137781,0.824173523796334,200,1.11234003599235,-1.03822756934585
0.234796311183646,0.432400825374554,10.6521430768361,0.664775053442526,200,2.022183710621,-0.331155315595181
0.421988237180638,0.320242830020255,30.6075759557024,0.965183947862165,200,1.33843084171809,-0.653122323196731
0.501456586138074,0.582401933301442,7.13164370642654,0.446623853971995,200,2.1518532337273,-0.324534923552773
0.635210002905658,0.167306079428449,9.70638853567451,0.461529884591559,200,2.15284642130034,-0.328797114554645
0.605326322086924,0.0829870250783783,12.6942484377275,0.509380157096963,200,2.09966369260624,-0.335322702849805
0.760636592103983,0.168763815935709,8.60804674567277,0.881064400975189,200,1.41755011670126,-0.727410724316607
0.45412380583679,0.0531369148213261,29.6958311524783,0.70356976960095,200,1.95831888079847,-0.342034002134737
0.35446546664609,0.265931146699012,4.09856664491954,0.762823798349383,200,2.21275691496669,-0.306118053474907
0.735237907164606,0.631870415745412,35.0332820478017,0.870379587296396,94.4358871291142,0.810880460557684,-1.96384831171126
0.508490119559411,0.209184020179681,5.62825606737854,0.984841456907793,200,1.78372001680183,-0.450293364653601
0.383888392133956,0.260041164372435,35.6111262074783,0.633840852903109,200,1.92991438312226,-0.347455199859596
0.781075506926514,0.292339668536757,2.36399931294733,0.549636012234748,200,2.29627093748131,-0.318793960306754
0.44634352660055,0.359588413410704,23.9069947455169,0.345598779602846,200,2.26488280285903,-0.278841378184523
0.728633528455199,0.417195940728369,21.2149289536299,0.895497690876822,200,1.00265851691786,-1.36772343439314
0.840742905248104,0.137509876202338,19.5428110248363,0.618863022369581,200,1.54546157380036,-0.639607043371228
0.771642632906892,0.591709602895034,7.05842014351963,0.92311660730578,200,1.26026583669791,-0.931549082177023
0.77901593575386,0.0899978921552654,9.37863893078727,0.803789980341036,200,1.51108321171516,-0.651688707904132
0.728349504411795,0.552754280659591,5.14421050911402,0.620656574932385,200,1.91351773075907,-0.437324667262143
0.632962116074826,0.0245267140857254,12.5632350442278,0.759742972089288,200,1.7475127833933,-0.459067734184384
0.493467476773798,0.329335979635365,14.4613999158733,0.629812768662837,200,1.8761995650896,-0.39163919376545
0.652826707940929,0.474954814464793,2.88423057103421,0.786252774759537,200,2.01244100209093,-0.400694684784441
0.463248311988086,0.57028006730517,16.433438133816,0.492949770446075,200,1.93712142337677,-0.370826780018737
0.598616329816527,0.793369688534007,6.40351201572969,0.406669800495752,200,2.14173754658375,-0.338901324807381
0.656669064869576,0.0477422467834355,6.80142595161542,0.656212763519872,200,2.00177869956261,-0.381605842786351
0.384129673004453,0.904104409025943,2.92344371090827,0.995451454003264,200,1.64018496940726,-0.558520338875449
0.88001629158825,0.22021186549397,7.39273947109995,0.55603698674986,200,1.86147625725555,-0.482083383320099
0.654477677748345,0.0454491829424514,6.58921960691594,0.750466129619465,200,1.9001421745503,-0.418042843373793
0.300836701173685,0.276374591639514,3.13218641454532,0.609415083187989,200,2.41821481830436,-0.261168879431364
0.480330870405748,0.534488064053938,2.71640970117118,0.573424144813116,200,2.28809474736164,-0.302788284626959
0.683191265137455,0.898897403824966,24.6226462015133,0.547088912570865,200,1.51347791098839,-0.620985514345393
0.657744786047206,0.376724235508797,6.23540626521855,0.502136812458855,200,2.10914031380924,-0.352443460233068
0.538765593208931,0.831755596292845,5.31420754000298,0.820560164863143,200,1.54956137925906,-0.607169694859156
0.320624006465574,0.769695262615937,6.46023715683996,0.938246324882191,200,1.38945156735446,-0.698843234769607
0.739770608692865,0.0362824186102254,22.4857594515601,0.341190458335114,200,2.19076401475314,-0.323950200819516
0.209274958645956,0.458237290059321,2.31402551097603,0.89826828091552,200,2.24962872416791,-0.305308945848757
0.77131726572987,0.504620689172317,6.03878757349406,0.596001144586713,200,1.88412232414051,-0.453497536561052
0.450387244520391,0.215420053259341,6.419052812942,0.9042900730996,200,1.88827406604863,-0.397693649215936
0.62285885241176,0.7778958658214,38.7164655394953,0.526370757629637,200,1.57078343825653,-0.556811680440658
0.499519194695222,0.497448455300007,4.08164944823077,0.990113404984058,200,1.71096330587124,-0.50623196111601
0.253861227615993,0.727488773752338,3.68761013492614,0.460519987851668,200,2.2910621566902,-0.287681250961208
0.585663262324935,0.150714358414096,8.67216230948946,0.739594128412443,200,1.86157514966926,-0.416607242634914
0.261955927876189,0.244615388780281,8.66958653509927,0.74601069247153,200,2.15631240190546,-0.299893883450027
0.314837390878641,0.436457844108898,6.53465830559179,0.906750368850414,200,1.80620752042936,-0.422531798360108
0.680068835240874,0.387769224632834,11.9093753440388,0.50890492710749,200,1.92910720242736,-0.406665298233541
0.273892655293636,0.0489008907388352,12.669188910839,0.620165227644192,200,2.39005217924181,-0.248496450511745
0.502715381902612,0.834614906987932,8.55263658489684,0.959564408365218,200,1.07632754625547,-1.19409605639891
0.304326038740412,0.592255096971247,7.1050438353721,0.484187415508786,200,2.16528206068594,-0.307795681165798
0.283997431302924,0.757585341042699,8.76653109727902,0.968796302338503,200,1.22205357540376,-0.876662000508001
0.495930481623199,0.708332872027069,4.44861104969681,0.610360240574895,200,2.00605649359257,-0.38058138258368
0.829750816764605,0.323142088816358,32.2368128139255,0.91115255957914,80.6379142871299,0.775164051821595,-2.16115073561128
0.369163196758445,0.18758127702891,3.68967732881624,0.793714756463941,200,2.26265312754473,-0.295604039315278
0.528665702488817,0.754339638292413,2.5221597014322,0.937049222069226,200,1.85894359098004,-0.458989609638305
0.220674725694264,0.511678811291229,4.82924757622144,0.570911858941599,200,2.2431924596554,-0.291661134596082
0.357863569814929,0.262902865972219,20.8039921655817,0.346657841642915,200,2.37209943892889,-0.25392687528999
0.571961000416746,0.0839694784390973,12.6392780138349,0.319982027512773,200,2.38452744286159,-0.265047139020436
0.631113659273096,0.744684376457586,6.62856320103091,0.745190547650432,200,1.58694711550519,-0.586440337560789
0.547538439845286,0.367292150256977,10.4399288166331,0.617433651105834,200,1.89186854742756,-0.401212927411738
0.385047117597734,0.0278128683991303,32.8980706358687,0.752907666417956,200,2.04297700156642,-0.311895750574529
0.687293229350983,0.0754843289125129,2.74300026889822,0.50879225835804,200,2.37300345912806,-0.28921606419195
0.334969286279435,0.248006802439026,35.1798040948992,0.517620922017998,200,2.14994562921881,-0.291132642363019
0.592981306588215,0.202124688854402,2.40150989468572,0.425003484969671,200,2.48882866511872,-0.257758449092898
0.276411525993166,0.702182949838194,17.2203828797628,0.860993098741102,200,1.24385768404785,-0.795812119994711
0.230200774341566,0.611869384856615,2.27401583039352,0.973996981716622,200,2.07317599215006,-0.360415494120955
0.637554948197631,0.784134924799219,33.8921964635163,0.301382948289237,200,2.1040302998787,-0.337088494970354
0.478797179034996,0.596963010342532,4.02771578198132,0.538570299440149,200,2.18221879554405,-0.32503596733717
0.377867108151355,0.0860016392852607,4.48065046087554,0.544165250469899,200,2.44529843099232,-0.252584861283646
0.42315802674732,0.894747839751812,6.14536660529252,0.862975705888037,200,1.38158583984942,-0.727654462687879
0.687948648251197,0.732399568138062,3.13040872673807,0.321045690533969,200,2.42720830285444,-0.275128502434398
0.763394541195167,0.932061133212934,30.441680280581,0.597650132427613,200,1.33405372338446,-0.808935440206277
0.58066111275116,0.883302744221257,5.32173273749295,0.912820077443565,200,1.36371878413518,-0.778370029301297
0.433106188853225,0.0306022169475133,14.9499464314151,0.437276356493946,200,2.36375944471518,-0.259123329125187
0.83377184260351,0.942036624900624,11.5559667001233,0.625075857154994,200,1.48790681365491,-0.698255551396383
0.223074531348872,0.431841229021208,30.0619404090983,0.665026911076725,200,1.87818558070932,-0.354408171659925
0.60734151005991,0.764122948130201,18.4656321086415,0.729751811522897,200,1.25628755703703,-0.856937004284004
0.893099205156485,0.825612304393055,14.9014476945971,0.84339604714311,200,0.942239470901615,-1.66380561865674
0.623224377934883,0.188769800082668,14.1674091636396,0.70730127574973,200,1.71215290410611,-0.476843651681152
0.284281825794745,0.372658197850144,30.6132666268353,0.597950863893788,200,1.98171221616623,-0.32913724015054
0.383084109843864,0.0350305291275067,21.111257801347,0.411154432259228,200,2.40988496306638,-0.246997877074417
0.778204480858853,0.624892129314877,6.69822130729432,0.576319781566908,200,1.84867154827861,-0.469699697896336
0.851273488784341,0.110064690739692,2.34311028798859,0.351715700013059,200,2.47363750768489,-0.272235764876702
0.335819099954663,0.052398393716279,8.80507597925229,0.343136351741843,200,2.55583576878525,-0.226823332116626
0.870446308145788,0.0635092586472863,2.63370873058123,0.30283541432914,200,2.49542253900167,-0.266808785114461
0.574915574139683,0.583189878496477,23.6391494008495,0.365849193932,200,2.07611513245001,-0.338129783681307
0.802069742719775,0.115702777127045,5.26611977443576,0.716173847052897,200,1.82932947610201,-0.483468030957595
0.708163014428356,0.456218225636713,23.8535396772211,0.886672616923515,200,0.992041633038003,-1.38187121450693
0.55778259015767,0.0332593690639439,11.1762829542258,0.579329629202754,200,2.10652671079817,-0.328229005830917
0.891071000097669,0.150158118108357,9.28647903081941,0.468922339516397,200,1.95103142261576,-0.442768127716034
0.469792089461139,0.198201410216737,13.9461052015865,0.53952644314603,200,2.11819621808215,-0.316149913680867
0.413216463869329,0.888943732299202,6.31953153570699,0.746745596659983,200,1.566794861568,-0.571940547530502
0.464757293234734,0.664222461649807,11.4507335748328,0.991964818757866,200,1.0766641178127,-1.14787861669759
0.594938722236912,0.697795343852086,22.1888005183784,0.399345137642634,200,1.96332041155228,-0.377309860948485
0.434316184693202,0.534140048429905,10.8165914218568,0.810359993672037,200,1.55593968014971,-0.546990308449277
0.66425729306958,0.790555194517617,8.46782844743151,0.406953940803387,200,2.06632634356642,-0.365221904522983
0.740657071537711,0.899152450956618,5.09305789253666,0.438929507250626,200,2.10970382413311,-0.367245845987797
0.406946173138024,0.791756894291297,6.2783209569126,0.584693949141074,200,1.89900392723196,-0.402987168124627
0.522293477722413,0.807770962985349,2.7084860883807,0.565126713586808,200,2.19519224472507,-0.332776378652823
0.719475337092508,0.15663675296007,16.7351091177072,0.58091290048062,200,1.78626201835014,-0.463915831896989
0.572419862328431,0.216483272908023,2.6150526491218,0.751430665296518,200,2.22337132786522,-0.324675512866317
0.329440311215841,0.529216998851625,20.8725208274473,0.518579090127504,200,1.96026369132555,-0.346009814509669
0.84167776833962,0.616177761492021,18.8347178694231,0.588081953588951,200,1.50943729459117,-0.673678576978132
0.411567697970375,0.58942493628485,38.588707727304,0.881884683499043,200,1.0926857514626,-1.02060260767229
0.451064148153861,0.0254702204212469,5.04126084919114,0.698487755278622,200,2.27963987719781,-0.288611972514731
0.725032551232477,0.495258308234205,2.57633152238929,0.938003755577374,200,1.87102473047687,-0.469520941547479
0.730758075127487,0.0189132059153286,4.74571852800577,0.88932697316537,200,1.7706379664864,-0.497020883064388
0.279503935252215,0.0681574353429644,9.17304450868237,0.996155323088697,200,2.15104987615843,-0.296268936562443
0.479179027471249,0.0268486807988879,6.28872555281776,0.516112641551602,200,2.35631143746774,-0.27083301608617
0.570814726317146,0.8625129213983,14.9371521288668,0.344465272599327,200,2.07702495864754,-0.344178126915292
0.587081675883057,0.199416382284459,5.73129336594645,0.670060890934694,200,2.03942695534659,-0.365852712478776
0.331804559790638,0.0309352879500948,18.0071171429319,0.555003717248794,200,2.35155521403676,-0.254733667573044
0.770697657953816,0.78465726381451,25.9706140262254,0.639744133912834,200,1.3113002449227,-0.836883526898457
0.721284298127059,0.674823061823985,28.4818502683082,0.934979238572678,65.8515863825465,0.69243706260885,-2.41381699229795
0.63038133945195,0.931891373701549,24.7946504059383,0.317994826711869,200,2.04958542260661,-0.355445065266094
0.580239001562617,0.699726092121905,12.0228247089407,0.700748010807756,200,1.48973030386425,-0.623924893443148
0.289985634757803,0.878947899542943,13.1591095492642,0.377146101189707,200,2.05072447056106,-0.328066003164455
0.452304080114894,0.623302988280166,4.03908409389031,0.534716546866026,200,2.1829106631501,-0.323300024193077
0.702895852011031,0.72447037676905,10.9920992326847,0.505895910575124,200,1.82961443315243,-0.456703550720012
0.496756457754519,0.802964585578601,17.9396153999706,0.428898075261774,200,1.9069872810518,-0.387288186673561
0.817101303668312,0.879166563353001,11.9583130295982,0.370535856164433,200,2.02904727283067,-0.396964315254904
0.492421329833373,0.463487986415547,5.43286063051654,0.627105049342639,200,2.04249359376494,-0.360355936872382
0.826176275981047,0.332150858824797,3.19321769197601,0.451441276152673,200,2.28601711242996,-0.322735693663051
0.495814029352165,0.53589613037414,14.2148788916001,0.770586769640966,200,1.48997058375553,-0.592647628746027
0.480539639715028,0.665957616934378,9.33711473441468,0.746257117888293,200,1.5639101769539,-0.56062996632883
0.33905038081541,0.228140192750116,5.48437253319032,0.47066464144163,200,2.41982026824156,-0.254833834000197
0.390515330742214,0.322123364965338,4.01410371412511,0.602837330956835,200,2.28848422624607,-0.290304664853412
0.895743658447599,0.795399374180376,3.14574958624269,0.646743531747713,200,1.98660170901628,-0.438582345344349
0.571536080002071,0.320659223637672,16.6837143620105,0.314089083096796,200,2.29532080208685,-0.283477815541895
0.701508072382522,0.296237378071978,2.01236084768833,0.672824772445175,200,2.27865202401316,-0.320777939433335
0.848254586591013,0.725046581925525,12.7814299456801,0.325528069343247,200,2.12713046943564,-0.366638843934966
0.481229800575871,0.471055932673952,36.3728496665709,0.309479235324178,200,2.23516396812535,-0.286279060030702
0.329055374304787,0.844507614643592,3.03050075639331,0.547646037535897,200,2.18422465688322,-0.323811481645919
0.682346485264933,0.838941395788842,4.43707757749467,0.493056944525226,200,2.08822943028946,-0.370351966148187
0.33830629094063,0.445970874748379,7.47562349921517,0.827040085263465,200,1.82059550785216,-0.414442324283951
0.850426645976119,0.414145924262299,5.22032465201872,0.435136481526463,200,2.15276257568009,-0.364288666245537
0.489902593555131,0.633485349956426,9.05233021161091,0.489711891985165,200,2.01195470317117,-0.361040419150295
0.876122665035018,0.547932107175925,8.11418899693072,0.612869289009063,200,1.68852394942695,-0.572427483000177
0.759804225966536,0.44283630170658,7.36944804038119,0.677414881514269,200,1.70722257124957,-0.532827592835828
0.741880208536245,0.472374231087203,21.028812726985,0.498855097431216,200,1.77743918951653,-0.476533025627755
0.312504541243015,0.178289841423397,30.8444479517462,0.900963076402115,200,1.824117464562,-0.367157640692099
0.499008778756213,0.38267148008203,7.28357454267054,0.799956503097946,200,1.77544434419582,-0.450358567037678
0.274447012788546,0.698461206540007,13.3404025343897,0.72461812331685,200,1.56072986426449,-0.520878138873449
0.817823645483043,0.938068791816931,26.0118975394414,0.977361196517797,41.1728807255549,0.429284667325638,-3.59971584807244
0.863343095749493,0.549290222055539,2.29154848039204,0.596582057481546,200,2.20282877409948,-0.355573264994505
0.348886070149074,0.631420661963953,7.02237019915597,0.976198244851238,200,1.43856712788983,-0.646286732834563
0.30841904880732,0.618932623019659,2.0618643900231,0.80310591368319,200,2.2096424504386,-0.323490612774219
0.510465497891628,0.888723005400718,21.6679141920001,0.926533220576053,69.8533538816105,0.7035555184921,-2.29077640571518
0.234437636899971,0.233135702876747,4.19171856711564,0.7851012187585,200,2.322122726435,-0.274708141201091
0.804356104784063,0.0344411856799891,22.6533361661252,0.376246091263943,200,2.0703462170031,-0.371665235477104
0.88153995760881,0.145377075415997,5.12204249865521,0.377939553537833,200,2.25179264447952,-0.335424197574568
0.400245469938358,0.14158382463891,2.15564817926696,0.580092349770898,200,2.51517079744626,-0.247137404478946
0.820200716113982,0.176424967718349,4.53621237482164,0.346943109542931,200,2.3487544538525,-0.300938626742221
0.491847746898622,0.634698099104028,35.5861134399222,0.870961934407513,200,1.00211374339215,-1.2571754078665
0.344552164413221,0.454460987259696,2.86316812829539,0.959242628346143,200,2.04859450119766,-0.365101043792564
0.470864463480733,0.875887179816208,9.61217779115274,0.747866359732137,200,1.38706952404475,-0.705903578619746
0.690757556566076,0.456886787044432,2.17851080436285,0.415578672756278,200,2.44581177035996,-0.273228069134157
0.799278735217126,0.318366352055959,2.32696038900273,0.38312902565101,200,2.44716704189086,-0.277028719446175
0.641891852579592,0.213620513303209,16.362848961014,0.621934705992346,200,1.78281182398399,-0.44815239082515
0.270613167856424,0.716660587088189,2.09373885628137,0.912545629219098,200,2.06837476244379,-0.366942570827715
0.612565367856156,0.0415509305239189,6.94063306403516,0.884330142530675,200,1.78598701077956,-0.453942538391269
0.304696491357125,0.858743748192613,32.7896056810803,0.900523004036435,84.5021884106136,0.756706497614301,-1.98217243131498
0.33195929014103,0.587808273457336,2.65385578023274,0.466058217802372,200,2.40949636181588,-0.267519615498867
0.378882445142907,0.0219023641372798,4.55757650045803,0.500543366368658,200,2.50213982384513,-0.241357378432806
0.576311970856677,0.481448620930186,6.19640350406865,0.472900739786006,200,2.1566941316879,-0.331006910832115
0.862427926548392,0.780642599702126,16.014398233893,0.408702582448178,200,1.90212410070661,-0.454828830130337
0.493010071221762,0.887075096322716,9.95947306591924,0.515521481543422,200,1.81012084668368,-0.4369432929134
0.422286648239808,0.49688825976615,2.20833695350362,0.426133906544566,200,2.48868695573488,-0.254125486453093
0.881990443974539,0.300165594266918,16.8205655042631,0.992646128786029,64.0041081346863,0.707893010006094,-2.50762988518009
0.579472248880379,0.6455900270579,7.35402788754037,0.374787458254443,200,2.21013240249136,-0.314916420979481
0.476887038930956,0.314883517106227,4.13289136046853,0.975013376446379,200,1.876503364504,-0.422695095342042
0.620772491318764,0.447333048258407,10.10917762657,0.869987945116591,200,1.39042531835378,-0.713279131443042
0.518748978613216,0.824834099091776,3.84490956755922,0.960284476966178,200,1.54311689232713,-0.623139356881555
0.560686992225276,0.531396721112325,19.1127227612988,0.337317542235142,200,2.17677372004175,-0.310979042098771
0.689915693003172,0.582253599184127,2.44128404982781,0.443444811168623,200,2.37440794910883,-0.29127009976473
0.346027157569071,0.854281990016659,34.7789141799059,0.436698903771148,200,1.80430393743308,-0.397573599236587
0.675366165000953,0.0563504921768365,4.88300389840238,0.401727830817108,200,2.36084281112217,-0.285476424945136
0.38094669132221,0.665631906734197,14.1926606126531,0.993646797474466,200,1.04906665062865,-1.17362334996995
0.637881537213774,0.0983548547890115,5.97962388185526,0.844995363506093,200,1.81680829377181,-0.452262444300719
0.3503903721992,0.876426022808906,11.3156568536506,0.961130245609403,200,0.932520948815945,-1.51787738935448
0.208615999596046,0.519481226920756,33.0686793663756,0.975195638270544,200,1.28014076442274,-0.697637454106808
0.785921289657227,0.284010993116826,8.6616114599399,0.730995847982595,200,1.58633622399791,-0.606795734761146
0.660656873107764,0.199128419263684,17.546902671156,0.691586418565681,200,1.63794066688886,-0.519955602797553
0.360154927523512,0.798156564641864,22.0215806772095,0.569698591703448,200,1.61349502870435,-0.490756617286629
0.842421700847498,0.846586185769349,30.123613977387,0.413034046134516,200,1.7989168793392,-0.493625388374406
0.652594660867254,0.846898450566844,5.80706413814654,0.589211383693681,200,1.84721108011102,-0.455078693048693
0.878669031062676,0.938663555777162,32.4845227361468,0.711935880900477,200,1.02473821534522,-1.40678782996389
0.363224954218774,0.745458677135571,2.83507254818868,0.4379235773607,200,2.35834726776634,-0.280051344071353
0.551334201452136,0.282228959184792,17.6427843346521,0.402472119231219,200,2.1735254742326,-0.309315305770273
0.826664495365423,0.861232631881826,5.81170610907037,0.36567216778181,200,2.19321439680615,-0.347722084101959
0.32810339299771,0.864457397184688,10.6847426183004,0.887441937454673,200,1.12099387188228,-1.0492630671395
0.582536418584051,0.607311369440188,2.50513137144741,0.558920603796879,200,2.2749233360244,-0.313174958522783
0.346144029863567,0.0528763551019792,4.49149836506548,0.583027796543956,200,2.46465921231182,-0.247541119350328
0.895991387787679,0.101117708984603,21.1421558882,0.92094683362556,88.2594873769222,0.809746999515118,-2.10281681044825
0.393488500307159,0.0543076463554171,3.99098203875231,0.639592400559721,200,2.40860432634387,-0.261590617847803
0.707404746847227,0.587548510864396,3.46106961891884,0.370106665050432,200,2.36394285574877,-0.291585510104519
0.202580636561778,0.0873143503605466,11.76306513995,0.871377145170056,200,2.30009772776217,-0.261725222536369
0.564851188357702,0.139465715417417,2.57168757557529,0.789913546366827,200,2.23551730286247,-0.320381711034641
0.497031148515269,0.372986433754008,7.03485804810568,0.563897661821769,200,2.09501821796604,-0.338211706110353
0.275927063023842,0.678799670273652,29.8896865031148,0.802307979450243,200,1.26774708181338,-0.738929794348518
0.332628806860388,0.638905180901316,3.27310385393419,0.412259835253229,200,2.39328682866648,-0.268358754344819
0.873364627844592,0.494179553643661,38.4470947332589,0.702889590029349,200,1.12133169903758,-1.17424123381603
0.266244074943569,0.681873117134565,2.66793841085992,0.51918213573518,200,2.33692659473781,-0.282826378446407
0.21343263098752,0.361082699794295,5.2358598956224,0.734331336489669,200,2.20437373041433,-0.297733764029558
0.353714635367451,0.837951578159983,11.8788574207336,0.522527500182732,200,1.80389219224859,-0.417565688398861
0.284011375016044,0.281436963162451,8.56163424515859,0.406182064567817,200,2.42016045983798,-0.248823672370697
0.518268215920528,0.31039141591201,7.59294207638633,0.879489758852955,200,1.69530175849471,-0.486157179908475
0.726060516616593,0.37962383792646,15.417353687063,0.320877559617767,200,2.20366627077654,-0.32274469196356
0.747209313169789,0.426896956956763,18.5878902748939,0.930381451451631,200,0.941560679264181,-1.55695347549859
0.807038669798608,0.908607435240383,14.5524862426414,0.807294039070816,200,1.02868981637153,-1.37905686706504
0.473867462352819,0.38320893687276,4.78163325271238,0.614509599109941,200,2.14787393419071,-0.329114738841265
0.859465464344132,0.0300621126825223,5.22714232660014,0.478771136598452,200,2.12515345816436,-0.374342911458093
0.532570976416068,0.154853616625191,9.07316214507105,0.418171524059299,200,2.30191712317708,-0.283077534764568
0.644104675789822,0.800660450760302,7.17559357589429,0.401355271157025,200,2.11470901595143,-0.349902255847002
0.616131316801999,0.291792362125365,29.3188423757539,0.385362404582409,200,2.10759677560554,-0.329947164901766
0.228766884605944,0.611489169437826,2.77507688315482,0.424422213773973,200,2.44814820677243,-0.255619090404359
0.316015466681464,0.92774269849542,39.81186423478,0.412519089903023,200,1.79966483687715,-0.395289516420081
0.588623233177086,0.152199356972155,6.07643916346996,0.587476052588473,200,2.13763340479541,-0.33466352576917
0.548659218860286,0.106920974408975,4.53111463648067,0.329571623695176,200,2.50251351059771,-0.247509939151213
0.738538306174676,0.376182287372959,4.31368681206179,0.975736360704922,200,1.56763328619817,-0.627270624834893
0.502465396282046,0.00176165058213519,8.51435420294387,0.429701905339786,200,2.38333759154258,-0.26346042059058
0.256551539325768,0.728894309287185,3.7028384073043,0.562618491690412,200,2.17372738316342,-0.318049987723043
0.880485277905633,0.634258403786155,3.04610559816106,0.886996408214692,200,1.72623370399075,-0.564026299223399
0.782789181016316,0.00545777499978431,5.1740646268163,0.934724112946346,200,1.60292221241536,-0.602211650781204
0.410477841065638,0.111963316006159,18.2415011283234,0.41927552103661,200,2.34085059543346,-0.261552443925563
0.454527894280269,0.797886591281004,27.0448102018809,0.482520426616197,200,1.74622650118762,-0.437637047658365
0.501887492602668,0.23841086882049,2.6427806408001,0.433343683171024,200,2.49143217094639,-0.253374252482417
0.315510208749686,0.298742228786768,14.7961629976462,0.77352013570324,200,1.90260368025243,-0.361338571898332
0.556372070242278,0.588460890705418,6.42748839436989,0.668145221620674,200,1.83091271782785,-0.443034837897222
0.880232774917859,0.312992973092035,16.5887448705622,0.961615044816902,78.6711421075567,0.777938415885144,-2.22325649052822
0.455296495082028,0.198394337414003,34.5624112050988,0.369780000412146,200,2.27912535648513,-0.273460535413552
0.579919246027137,0.621016611138863,13.9594218260026,0.986725542630309,200,0.96237885258536,-1.45010812843068
0.363577280208546,0.573751416979323,11.585610735289,0.564593191838396,200,1.93013113627565,-0.369031243689201
0.59086108226891,0.341653782698225,4.05941303052442,0.807756549581846,200,1.93661650773553,-0.413023163523579
0.626101046873994,0.460829961488947,3.47331826241003,0.425321026258504,200,2.34380843286241,-0.291816852006309
0.308617633625562,0.361676584919682,27.8948821323054,0.523421061946242,200,2.08219275224314,-0.307344321153001
0.754370559053806,0.589641710798233,8.52039642879626,0.812965014079974,200,1.3721881709141,-0.782936596807587
0.707620310878769,0.349376845374067,14.1772527973909,0.388474677967466,200,2.1060016660788,-0.349222951079679
0.812450227205316,0.306922234167931,12.9871439982437,0.889624274033634,200,1.11255510779766,-1.17274672388564
0.605750438315483,0.141916941736491,22.6336860856934,0.518796342361874,200,1.97829993328107,-0.364992336994957
0.446121191072526,0.462045655576912,4.77415979980853,0.765054089183554,200,1.95440304076736,-0.389219108084792
0.205674299411126,0.305641000493201,31.9906156155848,0.624628540823298,200,2.10225681572043,-0.294693901767623
0.565596743439037,0.28550241541625,2.12472837314907,0.306314379327224,200,2.5902262697348,-0.235107659722287
0.481150524092404,0.132081082438421,11.2819706752526,0.4264766790927,200,2.31105753442133,-0.275297224180454
0.215188962976596,0.801679397989026,2.11980416068875,0.74579442843281,200,2.15959258445364,-0.335236098520146
0.288094930167946,0.567047540192896,6.97670548315292,0.426829464100821,200,2.26426217357642,-0.28372532360924
0.679382689207171,0.841203916004688,12.417222705584,0.595473620946131,200,1.58239504510634,-0.583919717761727
0.269593731582755,0.51046035408352,8.90590775899777,0.579073388136427,200,2.06772354138613,-0.325791391916713
0.430403010447176,0.504043548208801,34.8320218344461,0.671009905235904,200,1.58468925964543,-0.4972995420668
0.549036529871604,0.454224617587593,3.32926102526944,0.513731288606736,200,2.29007837690679,-0.302136517924499
0.646484400378214,0.839604419172559,3.4493851291565,0.785578001787839,200,1.79852646211819,-0.490453574683923
0.68692116784642,0.404595370526561,4.46095709424867,0.619031963854143,200,2.03125264705195,-0.38796136749723
0.781702726479418,0.396005748207541,6.20699253674154,0.543516388160239,200,1.97460568134239,-0.416822694679289
0.502260246139346,0.457449564014992,35.9055592754853,0.405479426540659,200,2.05384013297679,-0.331420929879478
0.74558574930088,0.185201716728171,16.8681206358098,0.368340071815508,200,2.13436669680586,-0.343768288144358
0.342730404697328,0.564110222735341,19.5545431524984,0.85816232034332,200,1.35979727765676,-0.660026962359809
0.726299812299083,0.0701930432932878,10.1646993033079,0.688410594862451,200,1.74849599934818,-0.489699597827291
0.602028803430265,0.520282067537797,20.0112309658754,0.319178868400166,200,2.19505179178337,-0.310004381757179
0.265313867336023,0.49531691698189,9.73458841402304,0.94651519555382,200,1.59270525983233,-0.505888939741549
0.51934719103352,0.935759073955496,21.5579087700233,0.477018362441744,200,1.69836338281194,-0.476549550912126
0.623890638062606,0.79896979160289,8.86351151642527,0.846178362008689,200,1.25357903228962,-0.89686478144448
0.470095001920693,0.566203850774878,3.16502388694097,0.395731835265256,200,2.41124088719331,-0.269355315298452
0.224596078486873,0.619483034389128,12.6583198231272,0.795958052882777,200,1.58587694419974,-0.499966590232271
0.640891166602898,0.70074530100968,4.1226291460514,0.613359114120644,200,1.99380446283582,-0.400472993587094
0.333411787469895,0.671755196145049,14.3400286866281,0.360827832935005,200,2.17751038107391,-0.296832598814471
0.545812997869068,0.207863691305683,3.16115779753268,0.725214469232565,200,2.20390308401628,-0.324865726623005
0.769902927953517,0.36505781033471,20.3682120190935,0.712750851543543,200,1.35938166809938,-0.773910677420157
0.836185820355352,0.910698550427767,2.90506392355278,0.90995320004716,200,1.69400276546565,-0.577187605804553
0.42928382398608,0.766250127846833,17.4276231225568,0.858776778491943,200,1.08102108040475,-1.10946224267856
0.298448663438088,0.189614228452439,10.017707015906,0.809762507146775,200,2.08952587061646,-0.313767635593779
0.751178778656603,0.1869385232379,27.6214234764096,0.958196642674832,168.980802521904,0.912888547601664,-1.61007729970776
0.529131079322674,0.686265030793291,20.9543850754392,0.874298300340058,200,1.0268288951337,-1.2427638948241
0.799589441030131,0.00732369360698697,12.3510812550444,0.4670096740979,200,1.99773591123207,-0.400382977140539
0.765252894729244,0.0793237269151762,7.25017567763137,0.423892957915195,200,2.18805584763008,-0.337506446655385
0.78619017854454,0.590924433870047,21.9304845726814,0.852367338747128,200,0.936328950900425,-1.59843129708007
0.235060751663886,0.892637544164783,18.1971447426884,0.615254376692721,200,1.48785578988462,-0.557720365955733
0.791425237673909,0.0257817320608961,3.57582603751254,0.981896335258389,200,1.72243725001673,-0.542530433636069
0.318238673249818,0.84725439876278,3.06455026574677,0.820033528986922,200,1.86801660899029,-0.433939515420977
0.289580211838125,0.491642247462505,7.77695866378466,0.505379849788081,200,2.19161559793771,-0.298178304177899
0.206405589307123,0.285094940647972,2.9885757347853,0.742498833513252,200,2.40261821482794,-0.262629216868869
0.858214960718978,0.178915524730102,4.2144772262531,0.345257505047484,200,2.34962818324615,-0.304463093918601
0.868662164968035,0.731480158165652,2.15220186001983,0.624904876396976,200,2.18126726331505,-0.364058895040171
0.420470102497726,0.819488795157755,8.05286050843791,0.407598495750393,200,2.10351307492789,-0.331379920329231
0.580355988776257,0.878501642001626,20.1988756570445,0.976445560021714,56.0320538125721,0.605157395910894,-2.714912330865
0.259241527616186,0.840605916875077,3.25864816599,0.33747483298555,200,2.41446842324501,-0.261850515634853
0.643012190243703,0.857672173467205,10.9663677176375,0.482433748821922,200,1.84400112566941,-0.441707817681389
0.247139266239347,0.546534396416543,8.42801651240141,0.918622473933113,200,1.62360933346928,-0.495649014282022
0.80361248497696,0.670562943852898,5.66181344678391,0.545704926857484,200,1.93761214183624,-0.438171534779333
0.276694453621997,0.451527390137008,6.01046176171603,0.915886692572424,200,1.84377446100962,-0.408225198925862
0.303221198783,0.372366075851132,25.1366489669063,0.632262632971435,200,1.93606486432909,-0.344861064004447
0.714600593855636,0.160212368488467,5.68015548488197,0.553634652446575,200,2.08926730023756,-0.365459010615056
0.682547789503378,0.14748744453425,4.67734167478608,0.515853723406295,200,2.21538848878162,-0.325921011566354
0.610644188306729,0.43928640169381,20.464935364746,0.384381805646668,200,2.09237018207679,-0.337641194418944
0.858773411534416,0.617276260851168,5.17966540145331,0.503737992307683,200,2.02406464551964,-0.413008713870973
0.657327842631416,0.755968388088653,8.44131573333452,0.726663318282506,200,1.50377823371958,-0.643363925152158
0.63906366260817,0.476627983720139,16.6170411723649,0.819276154551585,200,1.27892593898497,-0.823784680874883
0.371599921767344,0.0437600456414046,26.1454087428539,0.998844763319054,200,1.82615035063921,-0.365819751523743
0.613136911116952,0.258793273724235,8.39804347386078,0.878961656440414,200,1.58202888345038,-0.561735421894212
0.640202354671449,0.0905304921241477,6.17476086873307,0.434604067479035,200,2.29260600575347,-0.297426935364067
0.74152048339077,0.339449149263937,24.953269923443,0.535864423950614,200,1.71988220030223,-0.500072075240011
0.818050259163533,0.0273180394228742,3.04890449671897,0.695378501307801,200,2.07777636165651,-0.391323349439301
0.229326872530517,0.942716056050089,8.28537710658201,0.973649942924152,200,0.995489911199012,-1.35682108696612
0.701200312909934,0.643295594758738,18.8668985476529,0.644170567655501,200,1.45459204689996,-0.670191136923407
0.767085497991764,0.62988149071732,25.4324063426928,0.37992379525116,200,1.95585595913629,-0.407669077108747
0.240336886916317,0.48781989447164,9.07941405458967,0.726450328804778,200,1.91992544594973,-0.366460460478795
0.40887867596009,0.284897873663794,3.05501572229371,0.901860315889485,200,2.14299515329059,-0.335142174863776
0.672104974346305,0.0940372354541905,8.7123226507851,0.386230077129362,200,2.27124909607906,-0.302068457712482
0.370301152813085,0.262417883972529,22.2372593809738,0.993265817112134,200,1.52548218455927,-0.50976555428038
0.644539802746327,0.873389901015554,12.1890815430057,0.877429421221946,200,0.998501484151122,-1.40231530875966
0.572256386301426,0.777210332307879,2.06064371179016,0.496926338394118,200,2.35337618902723,-0.294022461515161
0.704814896872935,0.174074275614562,3.98483405847737,0.475960472994267,200,2.28129840396054,-0.311418674508506
0.780282646810496,0.58618463687622,38.5246887180571,0.412159390258711,200,1.84723374476431,-0.451519011671697
0.815423103856412,0.205350991699992,2.77905281075349,0.736158591909707,200,2.04680878643853,-0.404352872539225
0.734256381462499,0.0620872634153231,15.108404268583,0.829966590389982,200,1.39960496299033,-0.711139187324703
0.551871258027161,0.63786183376923,17.7002492051041,0.3702846251605,200,2.08630202234087,-0.335780317825135
0.416329977755264,0.679106695383776,3.96593799317841,0.443266173010521,200,2.28202507702386,-0.295445557705716
0.857870188166791,0.222906052092905,3.80865848837135,0.969020553259629,200,1.57379066906436,-0.652204379067681
0.898416081106375,0.501990666900994,3.50366711482998,0.44807478541007,200,2.22386586888499,-0.348977683807477
0.563488361313683,0.01505328464893,39.1857323240405,0.444843838477236,200,2.15682598918311,-0.30591180406984
0.263967351042371,0.245557267494399,12.2638288862344,0.716541403637058,200,2.11897154190903,-0.303011172051758
0.646359362556855,0.358075628510587,7.27033475603706,0.492481909716673,200,2.09707163537462,-0.352298892336433
0.694028754660068,0.123940034796488,4.93100120353452,0.403321543901833,200,2.33229766399964,-0.294259043237859
0.498426512890208,0.448581394687563,6.29704717406839,0.868030719407019,200,1.69295585938085,-0.496673321278189
0.724926628233764,0.654848304161243,25.9285790442674,0.796305819677965,200,1.03465204287063,-1.29432783944272
0.586832889443225,0.707696953179707,2.23048596323803,0.46296031335295,200,2.37529939453102,-0.28760369029223
0.420039009094603,0.0452801496475624,14.7860422320573,0.921603866960318,200,1.88227972143778,-0.366404130859579
0.880651010295322,0.509026067378384,4.39550567214427,0.920229419531572,200,1.48076837980433,-0.730917697810813
0.233840210494329,0.034711007038143,39.3713232701229,0.403696728265448,200,2.53796646970954,-0.222241620452891
0.233120150047114,0.00261357866505083,31.6166473116758,0.816606208182825,200,2.32486631441189,-0.250888008321827
0.453627802593176,0.870930890937293,8.59179774547661,0.51329185804207,200,1.86861349076206,-0.411816181431708
0.501010711107411,0.474202700835629,23.8271476255914,0.502690022219702,200,1.90550398811025,-0.379044144347342
0.217551501795137,0.866275546321281,19.9178335222221,0.460586758466321,200,1.82982748287633,-0.382826939369984
0.217121363488468,0.373582336976849,2.68309751515022,0.684507330258641,200,2.39378459595188,-0.266963829227425
0.534152604949948,0.143689597300114,4.18932143645886,0.878641421760983,200,2.01658847263056,-0.373624963919594
0.897043382276928,0.569158951762307,31.1836075980712,0.798893197748236,131.83983202417,0.889451293760948,-1.81230835351492
0.809267660988487,0.783779159347736,5.56524093330998,0.372051849512678,200,2.20384530093174,-0.342567018645089
0.883129782374172,0.334308408443828,6.38439258162763,0.756509826775182,200,1.56291873932524,-0.659439680186502
0.61418353225283,0.276453137728424,6.98943518018805,0.533259812746616,200,2.09966961093633,-0.347613918277534
0.530755549328355,0.0495016492552551,39.013718043748,0.480690867681095,200,2.12444790792164,-0.310026434734779
0.420787666413219,0.504822117820417,12.5481137007118,0.891795909315092,200,1.4254313169047,-0.630446367725917
0.418269094136419,0.183168725467892,5.12762686088785,0.390713586713288,200,2.47211104452433,-0.24800915565815
0.551420071655721,0.628412330755289,14.0708025350289,0.921982425290951,200,1.09601689028192,-1.11262043660929
0.735001659042543,0.346914216951164,6.90218289031512,0.661168785008214,200,1.80483759729402,-0.478203672767781
0.603059613263304,0.438988498529994,3.34704282748938,0.985718010642015,200,1.78040501119971,-0.489677051581436
0.404681096147707,0.59583758763173,4.2862637530603,0.302551463318104,200,2.46009323924767,-0.252901970238696
0.832879181495705,0.0802599604608452,24.5915262798388,0.32882862661678,200,2.12788433054438,-0.35838154294565
0.82319658483467,0.805009712390834,9.50904976299919,0.555273517218007,200,1.72103598048164,-0.539353375948767
0.439743145020182,0.10586847546231,2.20111310287143,0.34373899525983,200,2.62719332057247,-0.224718905121168
0.220811248484169,0.906713834818239,5.88399389084747,0.933405578059633,200,1.30968035741601,-0.786280084939506
0.310731551596522,0.117360784063372,4.10798909191342,0.765371424857543,200,2.3629940046006,-0.267874419341819
0.820118638870073,0.944797687096797,23.0330066721707,0.685807667142316,200,1.16286255111356,-1.0837360688152
0.388020125338179,0.500519381503152,13.236858078216,0.87595528047864,200,1.47018202685383,-0.587396027645944
0.273306952492838,0.244850863215556,5.01357192563402,0.335019487855622,200,2.56271946634171,-0.228256159400432
0.270242116674416,0.0280703809324147,25.2673518144575,0.891048053090181,200,2.17269449941059,-0.278978657025216
0.231306206344037,0.884985262413812,5.00552130975228,0.374925002101405,200,2.25373190097456,-0.290439946786136
0.845189502569389,0.301924476894189,34.4413456726016,0.309174472644708,200,2.10811458547616,-0.366855001580919
0.256014389105622,0.0165644749662917,6.02418083935204,0.471505764387106,200,2.58708366725703,-0.222182723992197
0.604465094861132,0.893494290486719,19.478480116425,0.72929954433986,200,1.15674557411736,-1.01596905368379
0.324852778554801,0.621780384443995,3.43396586474913,0.713675083608801,200,2.08574609261962,-0.348617243784029
0.773221854554994,0.533009725766707,3.72439803495535,0.672097494140593,200,1.95705951679397,-0.431449680185814
0.838775674006452,0.11248036674296,17.8939845188351,0.880179498466345,200,1.04980678116638,-1.31194715756347
0.236679334205715,0.701610771874451,8.42175577920699,0.846308897173242,200,1.52886654552714,-0.557675896738807
0.448333592639584,0.858028183906126,5.36883372946062,0.658957193643514,200,1.79399953885536,-0.45685123234696
0.800731272677782,0.93625844510479,8.40652098130953,0.589550955736606,200,1.66941308386489,-0.566554153934391
0.3694033780641,0.670059223372156,6.46904348765804,0.581067041279515,200,1.98284163617639,-0.367670713469913
0.335405848374264,0.257346593145836,15.6690699144463,0.649301758435066,200,2.05956293804477,-0.318537405278419
0.660228688123294,0.672706510768893,4.18335925510432,0.575068669260037,200,2.04261069385607,-0.38417383626134
0.793699917911637,0.50070131510405,30.0806697012306,0.436298629224704,200,1.82834212694454,-0.463982118910269
0.617162227589443,0.832454482469176,2.60541371200426,0.532808339416181,200,2.22586420124105,-0.329714999070421
0.505924411454781,0.0718211321173313,3.85781547467317,0.719096632107433,200,2.24710415428871,-0.305266795547133
0.864726801314764,0.91742744584278,4.83798576467141,0.475821568273326,200,2.05593844209189,-0.402780761349989
0.347444040317942,0.770864189113649,3.95951209335279,0.616330536811124,200,2.04323580983649,-0.360824291543769
0.310400359961398,0.910362309472825,4.16523571271483,0.974542377323292,200,1.44155865109067,-0.6804712473838
0.740116038830547,0.605690936810484,7.01058116744242,0.53388771275278,200,1.92407902236232,-0.429637222541292
0.4594165698365,0.15235296908097,13.5604840708491,0.876297016276885,200,1.75830022722751,-0.422559614060461
0.423654423861306,0.916348720933749,5.87432185037092,0.405412844188434,200,2.14051612302714,-0.327685470478915
0.3560923397466,0.67559692254739,39.320839428681,0.452237876700804,200,1.88899107070429,-0.365684740304937
0.706123084195889,0.0224763968037946,19.0758770293197,0.460907373225883,200,2.03413589713957,-0.365127862322218
0.53940418390256,0.307166860153538,4.38267139210671,0.585304910594497,200,2.19829453389092,-0.320818823931678
0.458809878691573,0.172594579946968,31.3350896728269,0.926229882603441,200,1.52203832890664,-0.512059080525305
0.270823136063937,0.754031915634925,8.20119606203426,0.967456855039741,200,1.26663143018298,-0.816507338987829
0.520123639840214,0.363584666241263,24.0073198133818,0.304808165529727,200,2.29221433617253,-0.278356991248619
0.800481868990852,0.394854351553193,2.14587860829277,0.855799103395144,200,2.02716706685891,-0.414357244171908
0.344755740428863,0.492703805280896,6.51458223931316,0.518158634935133,200,2.18615884377455,-0.305655090839415
0.845675637678523,0.193667292287352,2.08536313297463,0.833687643776943,200,2.06415415225277,-0.404413492928561
0.622511437001537,0.765064304147463,4.94339790123602,0.45325947993466,200,2.14164810522881,-0.345144592962358
0.268916793937772,0.422907990340834,11.3992597609866,0.633959312685393,200,2.02909235512979,-0.330010054165958
0.379862876137183,0.410333164783195,21.7218690764687,0.582518891266105,200,1.92011419357754,-0.35957080753887
0.225046764207274,0.643701553285758,27.2938894924878,0.731638020571337,200,1.49672960666646,-0.529907013144057
0.487745409150786,0.0918447918114097,6.9828977906252,0.470151099370141,200,2.34486036707274,-0.273145752719503
0.225549680235175,0.662850775861193,15.7010063151277,0.868976633371529,200,1.34593906944391,-0.672921342685943
0.383648812517679,0.207679877024532,3.2352448576856,0.3876629288967,200,2.54676687884097,-0.236776817323153
0.337284414873164,0.876016465133657,14.3809183554602,0.981241758594538,91.2382487367236,0.792189278832922,-1.94924012997344
0.425538404439436,0.0955223386172244,32.7054643579893,0.454374469860705,200,2.25681524700799,-0.274646588699494
0.27761164352096,0.549944058057984,23.982399795843,0.776519564596168,200,1.53134526145177,-0.513920120538562
0.881134641876871,0.649348749255315,6.51953939586423,0.802836341036864,200,1.42446124297228,-0.777191692746372
0.801862429966645,0.401577953874428,2.07181508701245,0.819068704609798,200,2.07535421172264,-0.396434277990234
0.611447959145003,0.595441781625722,16.3876146724921,0.618343238788059,200,1.61186191084802,-0.537780564807893
0.311481423652832,0.712045934415217,27.1221154589668,0.676513643377406,200,1.46612866084819,-0.566126041160658
0.486049000298472,0.177514508963015,10.3743714602707,0.556477771857381,200,2.14127517820803,-0.315495385443834
0.401864326151848,0.842016940522306,7.89502620391315,0.717172704386191,200,1.56216240039958,-0.562420279531475
0.871004018359825,0.0292167907962576,6.19996246619119,0.564886853158435,200,1.93559249843986,-0.448019420552838
0.891792863208444,0.362454437228944,10.4542031115415,0.373935319525935,200,2.08400983087091,-0.390262633142968
0.894217680079738,0.815159540516033,19.0891899576732,0.55418896294046,200,1.52780318516424,-0.680633316392442
0.394869946931597,0.0389229846581545,15.3336773529676,0.489321519267225,200,2.34394635810819,-0.260426554555241
0.490868663251679,0.296820222903773,2.80701052398556,0.45988472044315,200,2.44825439357365,-0.262236157027213
0.613500262559554,0.218404824903957,37.5973663790349,0.392492141413401,200,2.10712348584819,-0.327469561153877
0.868488251646096,0.800109710420175,3.3190349472637,0.780863150011104,200,1.79275963555754,-0.524761262291178
0.767420025880433,0.246987425969976,19.7112016958343,0.38332589251829,200,2.05925219480924,-0.370355591288292
0.831568378953434,0.118081013991102,2.12901148987631,0.338536765445474,200,2.5104255781917,-0.261980257231088
0.222610572536321,0.874209724426165,8.00147207327113,0.529765933818246,200,1.88720464340309,-0.385162178752721
0.876967934463561,0.658993701688984,37.1797730784216,0.458341667228766,200,1.68553837042498,-0.563083077926608
0.665676879364749,0.106124384506881,2.85866286776744,0.44652703184868,200,2.42256360131629,-0.274987830370676
0.304173142942259,0.58836541994552,26.680525902399,0.305797594316405,200,2.26925965182246,-0.270487825053477
0.761603052677858,0.226200295164343,21.2200498803498,0.76439379782738,200,1.3151045135963,-0.811934914137495
0.647707122528002,0.806965909619587,34.325945664648,0.583447288116758,200,1.42827190722417,-0.67102051654197
0.356990541191236,0.511925177268723,2.55595820995307,0.794649722217582,200,2.1785370757116,-0.328846592275966
0.514557310824414,0.355625093633394,3.25476009214925,0.722143557331804,200,2.15220095754064,-0.338624298054666
0.623456823026754,0.764641123854656,4.98946746253847,0.572961788045964,200,1.96226661551422,-0.406823924644744
0.559133891286608,0.299485566820879,4.11947339168789,0.362671574979128,200,2.43537260164149,-0.263789982778
0.85384679013358,0.788441480251293,13.1878827460654,0.982263755690019,65.5580219119897,0.715820357142813,-2.46626042891802
0.816510514421963,0.501254259428149,3.02856747927326,0.720505790353877,200,1.97585824158448,-0.432434842608291
0.700769644651585,0.186446537221072,4.20892587911454,0.674291847812485,200,2.04190030651131,-0.385098477939484
0.2140514267914,0.150755353845555,14.3604426089581,0.522741378250322,200,2.41910317365352,-0.242247050538584
0.280323709097978,0.948919626207025,5.13310938613913,0.870150518261292,200,1.43418473724353,-0.671859900385274
0.84592858637368,0.81204009965255,8.15577234754637,0.852616112020177,200,1.20340546492577,-1.04481570884354
0.461368821040091,0.564535728134467,20.3378606450297,0.315583107091549,200,2.23322384818506,-0.289089700272135
0.468751709612009,0.838736086116778,10.1163383334531,0.559033478959021,200,1.75411964061294,-0.457347580640092
0.525307754445293,0.445115701800627,3.02322554569669,0.518972141093978,200,2.32252533350932,-0.29378329538838
0.586090279256063,0.233750111588289,2.75790353054637,0.76862681288127,200,2.174795414977,-0.339175031678634
0.226926657339705,0.813283581945723,5.75674785238808,0.322923431245843,200,2.33377268717319,-0.269799228475688
0.70975269450009,0.503698965196397,9.4902134561916,0.96598274436233,200,1.13253697539494,-1.10710299750387
0.818207478879509,0.0119102453822115,10.8456773856157,0.984190575176904,200,1.11294198478229,-1.16961161134851
0.274264219822773,0.779507916326782,2.36815074130973,0.792048486353558,200,2.07420426335037,-0.361809970200747
0.527518977471154,0.116681975574822,3.53969905774959,0.645551078290888,200,2.2888384436873,-0.298056766815595
0.281524207930927,0.0857993747314361,4.80385938950555,0.746852397724901,200,2.39962220992392,-0.257034677217536
0.569681638474211,0.0584965458476916,20.3459980594791,0.484348933540913,200,2.12239137432894,-0.319642665352879
0.401237855042362,0.200902452937587,20.304664237788,0.663880245750149,200,1.9843332299555,-0.338554682680997
0.715986472494419,0.333302538124988,2.79202930574692,0.849944060393888,200,1.97088761788934,-0.422901411234059
0.220444685221316,0.350455209882499,3.57700565714346,0.527207056597605,200,2.44689163564172,-0.251688851225615
0.69809488912446,0.33725691295948,25.4902107044655,0.440166453581792,200,1.94352339215451,-0.39542062399147
0.458275075790092,0.715229840453291,16.5149670192309,0.38589095050431,200,2.05790835355129,-0.335726773080101
0.873492882856548,0.817799238511202,28.4873411002625,0.770980703439874,191.117278031754,0.933836235644593,-1.65933928073844
0.841068099179755,0.852384491029886,5.81619247443647,0.808990729351241,200,1.44655088803218,-0.748081293792606
0.439052568336506,0.0869385175396067,18.4718303938146,0.949032013527568,200,1.72307129710411,-0.419947028865042
0.34816548264386,0.658116603062736,17.3851872708609,0.334779152339852,200,2.20456698154554,-0.289656870643396
0.397395657542604,0.242496221320184,6.44074466097937,0.397610890218965,200,2.42113766922176,-0.255180449640062
0.766205888605358,0.889750490844486,7.53659361130118,0.740322110089714,200,1.4448763973221,-0.72455334209234
0.724753677428933,0.812894136124675,21.3068291628934,0.324515230653497,200,2.07046890637624,-0.362547232789748
0.48923438904072,0.911521362746049,4.96912008478381,0.923315560109083,200,1.38258335279606,-0.74837556896924
0.382682415741209,0.241417428631731,12.334229272991,0.49156291514899,200,2.24210123782708,-0.283531605665212
0.351974561817075,0.806531256579941,4.83188966016335,0.88150583004877,200,1.57626002191503,-0.569782482795075
0.801061932167007,0.595013797429382,23.6643079046906,0.514120513734035,200,1.65852167244364,-0.555885081516667
0.713432642865584,0.776722948098738,32.9265560480976,0.643622461089375,200,1.2856303357798,-0.841866869803283
0.849589876492981,0.0487454217900444,2.34022413048595,0.61805994221437,200,2.22806824795019,-0.345272976014697
0.20687508463106,0.123734554278397,9.96840522588072,0.940018583842258,200,2.21920012040225,-0.279305321935659
0.45384691302698,0.527775785594717,30.7063055366539,0.962340189605633,200,1.01629703832162,-1.1998627121414
0.808509319969274,0.71582165857808,3.10395605243644,0.961924854094427,200,1.63605746480456,-0.606682219258984
0.374167043729375,0.291575872336118,8.53810663932568,0.324226685334719,200,2.45336091423427,-0.246093894383288
0.731830095770101,0.838425581083485,4.00821646881017,0.463316172931925,200,2.15753250891302,-0.3534670163235
0.40389102671314,0.745213273463352,34.8649168679148,0.90529225254117,124.558323460578,0.856901748392342,-1.65714619496233
0.706976918889598,0.0944604777291999,19.394513370347,0.310239526540041,200,2.26968377533942,-0.30018591953353
0.558148952302119,0.201854501196463,4.5063233574205,0.987627411401024,200,1.81746382917203,-0.450654963340666
0.703335141904613,0.0393956295194415,19.895518432954,0.789524120559815,200,1.46917955110841,-0.630978685410203
0.230728437178357,0.287356573617889,16.5721752478784,0.427405402293281,200,2.3639569078599,-0.251694115177703
0.407276588381726,0.73374223447508,26.1730444370817,0.500119353238361,200,1.77045962881903,-0.419891734601851
0.513861172444482,0.915676269161325,12.5025845711508,0.639043368656848,200,1.47689612382519,-0.626118327077181
0.850943529869088,0.343098949307052,5.63950586601518,0.797085811152037,200,1.58368428515612,-0.637064858467604
0.46814710791981,0.435484382281091,2.8199940297725,0.577756053164136,200,2.31406018152041,-0.294289995123401
0.25683275559037,0.00529177064809094,12.4836894822485,0.595669866676598,200,2.47080224661339,-0.23518129450169
0.688414084276006,0.826865121253665,4.82487616556355,0.765637503770421,200,1.65152627051793,-0.566812681575335
0.590164726915684,0.853402781192834,5.46878588388217,0.743711110403311,200,1.63220670510186,-0.559638131966365
0.839682541464541,0.656186676397586,3.53064565864218,0.801912973472592,200,1.76342596434783,-0.534122633326168
0.782521481433441,0.0402374108804079,3.73403117574963,0.380926466964891,200,2.38067133739907,-0.290413844023003
0.777524937767248,0.544366849973138,20.3875470449591,0.388687528805838,200,1.97655196412788,-0.403034786027222
0.237134279917344,0.267645154008805,3.08108036622278,0.418686748435209,200,2.57095305974547,-0.229893411853247
0.675588774065363,0.630621313869693,3.14102312569772,0.856015883217131,200,1.83101075731997,-0.478697471059287
0.727855839995023,0.274635769197624,31.7619872004843,0.911411079029607,200,0.966248113193894,-1.43668201780584
0.581961623449988,0.379824362381268,2.02546014847657,0.574139549198211,200,2.38266294343867,-0.285866302859035
0.792651015684878,0.316892937685491,8.69190837258999,0.847013764710693,200,1.37148701439441,-0.789279395736075
0.666311552483084,0.122061750706161,3.72985943105067,0.56242689434515,200,2.2445091518675,-0.319212422265063
0.421166705464541,0.84895740035777,15.8199711347828,0.867812195922062,200,1.0021145832681,-1.306897886261
0.767650312169556,0.287602079888678,9.01885501953526,0.708006970171669,200,1.62798882000174,-0.573903386621858
0.537788265566947,0.463643625864352,4.45065121418773,0.820312259944179,200,1.8574719516908,-0.438150418238555
0.395549997530544,0.660556855460214,4.41801173513968,0.311525287310189,200,2.42783151188302,-0.259160608379526
0.458436383445926,0.354301654008008,17.8345580140227,0.726117756416012,200,1.7079019171804,-0.447891370334133
0.630786433694814,0.0767484404992235,18.8049871970742,0.862621750551408,200,1.47162615006644,-0.601937708297007
0.800293697902436,0.417556254791631,2.65721748715955,0.452570067659952,200,2.33573533058383,-0.30752605378316
0.79186818694806,0.918350432222375,7.1840660421628,0.395394365974291,200,2.08505270351157,-0.377889495299382
0.330503240628463,0.719115756856472,7.76043119576146,0.535623392519696,200,1.9782622899939,-0.361969256695378
0.87306681153342,0.554973166490439,18.0197398552925,0.773789843436688,200,1.10409844880064,-1.22242898008011
0.658496031959782,0.785221408252026,10.9027829122286,0.478470316035859,200,1.8759859541508,-0.43011932876887
0.893350806288631,0.285924060319752,2.99512240340136,0.617759164715225,200,2.08688039902227,-0.398035004992915
0.738905303417364,0.231461693641373,3.69642248995502,0.448344202846064,200,2.30244442580468,-0.30923334275764
0.389895634403289,0.507620309261892,3.75923331350534,0.576606585573832,200,2.2341633658433,-0.306508680325274
0.64349821762351,0.039023681018257,2.39235383913322,0.480545490879992,200,2.45745341284155,-0.266864171574636
0.686493930923473,0.421026702832167,17.1237306219431,0.632435366564748,200,1.61050452848987,-0.551220708367832
0.51281443398043,0.402951456692147,11.227254190896,0.333806379484238,200,2.30681143517378,-0.280260303461036
0.691418493368616,0.303471459946273,7.84457133129615,0.851401924968231,200,1.52831343490955,-0.622257138986658
0.841436259544454,0.380722945749057,21.5299530299928,0.937269172296898,80.7384901237392,0.779489125931122,-2.17296835533228
0.238144583949672,0.212776650129053,4.61477099571211,0.721641313866363,200,2.35577742317246,-0.266084462481754
0.858408340405968,0.834751161443725,10.2742979590607,0.936515949520376,157.219954559777,0.91444821631589,-1.74772186338973
0.643784755191781,0.297227408911362,2.69474622706449,0.340247514158619,200,2.50437413172076,-0.255085556881907
0.696905608397598,0.629006150328775,10.6065833093333,0.666837162173019,200,1.57251577273141,-0.593831920888148
0.356611691226756,0.446194304693634,25.2262962438239,0.46418466198172,200,2.07537621973486,-0.314690757348687
0.741230715513524,0.947422611711291,3.01611440768096,0.606404571748036,200,2.04929914194097,-0.396848133880485
0.257527315285414,0.870552946803761,23.156654932654,0.795031704459432,200,1.06557994710797,-1.09332371763121
0.24466552807577,0.185602110662323,2.59327744179105,0.433857363466592,200,2.61365307384942,-0.22345113232624
0.529924233146858,0.206045205917403,5.22517576776407,0.622982347167462,200,2.1632991363445,-0.325386169943674
0.504434056211977,0.163399457920195,10.4094945760019,0.763650946600215,200,1.87932721974088,-0.393217844332037
0.455754416404075,0.607811667123464,7.4038595949293,0.792577925332698,200,1.63665903086606,-0.520088057388869
0.815970089339853,0.196897436801686,2.45324674211225,0.586574861900617,200,2.24481543431686,-0.33682985600773
0.777256059636331,0.41704795129823,6.88644578826262,0.84386167030485,200,1.4617681157033,-0.706735578932622
0.544845426941252,0.753130966818872,2.85153417215916,0.755539271426659,200,1.98343671558538,-0.404967349276646
0.804655553016167,0.532695829684621,25.017224322645,0.335880759807816,200,2.06040063705292,-0.377135101538587
0.217393310021174,0.756709363191043,35.2990151287197,0.971805536299641,101.776180128015,0.806336862465563,-1.77003057021914
0.216023793909955,0.559510835180944,20.7296299344184,0.859383857442376,200,1.46533093034439,-0.554190535222421
0.30802690171826,0.131684373058406,13.5059562310181,0.542846114399975,200,2.32937976097055,-0.260682044292575
0.67515641442708,0.459074119780123,2.68126639305506,0.994650634201337,200,1.8346839042704,-0.47924154495297
0.320939076649429,0.574421953582655,8.14361360843072,0.832651439079534,200,1.66116446495027,-0.485395697827998
0.286192121755177,0.0324448848432163,3.86576210496387,0.542404264860166,200,2.56606854026269,-0.229116735504663
0.385674257699408,0.432635430361439,2.54147250380118,0.853657731742,200,2.16814751855511,-0.332717636470173
0.648716221418007,0.269346231271354,2.88781468134993,0.552807270101357,200,2.29920940492064,-0.306863948282129
0.625854728993587,0.417879575998336,17.6238445472569,0.799312518327528,200,1.35434168905168,-0.72839971822808
0.533868928664899,0.322818970681828,25.564080378521,0.301106021023355,200,2.30192545658158,-0.276771217782404
0.593299510596786,0.877299895077358,20.2740704786118,0.54787343194002,200,1.56992918190133,-0.56293908664475
0.363435563105772,0.36573117946892,4.58220524968483,0.780638895786616,200,2.08148582919275,-0.341260986631616
0.86125861456419,0.240421867993043,27.391323092334,0.418998038145993,200,1.87957789939085,-0.45895614213931
0.802418326789195,0.743095396324534,14.033829195011,0.620042707366279,200,1.49723875248089,-0.675280151953853
0.451675255375938,0.136475445843899,4.0954762908267,0.541568967212581,200,2.38527951095003,-0.269366347654921
0.261268858780145,0.0996549724087818,35.4472249535927,0.791085134503626,200,2.13378649660139,-0.285915394561778
0.451465224015883,0.796288504623098,9.29994502235491,0.958639657774855,200,1.09228335928068,-1.13864383377057
0.750391248368674,0.440997501326969,12.1242319550792,0.992089711547138,200,0.966826192375607,-1.50862848790812
0.771840693131795,0.242621701206302,11.0314941312864,0.937801252801592,200,1.17245287722992,-1.0401511745839
0.58812184457668,0.303695536240912,2.02823325940212,0.31693840516503,200,2.58177277200014,-0.237756952563442
0.634504027597195,0.622409894101729,9.25703513683004,0.553108343408847,200,1.84864386601913,-0.438577675585928
0.78706184310286,0.236770087652514,4.66356124023432,0.720222726859036,200,1.85914882485579,-0.469947014262978
0.710365464294042,0.542700962558113,10.3801799439649,0.865021457367546,200,1.25014523874064,-0.90905003601675
0.826416061342663,0.329776222761693,26.6673569633648,0.914038083015895,92.6028852419395,0.813746354348704,-2.02105690048274
0.777932108168281,0.174916409881502,4.42756860366231,0.978936282735202,200,1.57897313389739,-0.624296888204622
0.734055969992218,0.945790642342969,4.70198953879975,0.980199433268374,200,1.28274161705502,-0.913412225946106
0.260776883042379,0.558733229862282,23.2311785172693,0.772610044026957,200,1.54521260921941,-0.504971148600402
0.321593142584502,0.662749125820127,7.43266935108808,0.869351071897312,200,1.54664087644501,-0.559913420197405
0.769505168216559,0.894979390801353,19.7335447252832,0.82120551312312,157.890077760076,0.909976796128321,-1.68788336196334
0.746424920368932,0.308181453991549,19.8258324825383,0.306837525833227,200,2.20834271276071,-0.322166794884366
0.355333329176825,0.731626933540738,30.8030476999104,0.526680927814481,200,1.71490422708968,-0.433484702517014
0.398703941036295,0.849339348034273,36.415953731196,0.728758479821977,200,1.11703706095916,-1.00049081145416
0.72372936650742,0.108226382688188,10.1436221733131,0.481284438842232,200,2.05964662059852,-0.367833297214127
0.21086069668415,0.465530897757974,13.8557814844277,0.544666534086728,200,2.10851398999945,-0.304196400373111
0.898346417143856,0.35825791831937,3.11258431445615,0.804609210308082,200,1.83749359201804,-0.506750592747346
0.79658779784101,0.635140899469191,31.8819474938521,0.515646061522397,200,1.60562803546133,-0.584552131993601
0.506525908785888,0.606508533278651,2.23233688289066,0.394843528415193,200,2.46961941944767,-0.260934671292238
0.865110863776334,0.76081606301058,2.16571506424892,0.479362513232177,200,2.32385554336365,-0.317017532010447
0.509297261538931,0.357413376697456,25.1929400207265,0.485094034441949,200,1.99374338627045,-0.349984042921159
0.496565738851406,0.562849191865414,3.83946807077404,0.706087494145054,200,2.01642965349476,-0.379312392854386
0.300729564821262,0.83516951965472,14.4752830816935,0.807978745595412,200,1.20588152524248,-0.872811668695193
0.79118588783578,0.165130299572945,13.7571836076237,0.954797013191444,200,1.05957846494808,-1.26740609807531
0.285554815787768,0.663292289366686,26.0997347464355,0.729891833885713,200,1.44298844934301,-0.577690851947087
0.585083370531327,0.808481586383675,8.26996740708266,0.470345144430695,200,1.96530090556747,-0.390981481718394
0.782912437023083,0.920367201121159,13.359007053681,0.781494620601794,200,1.1153392713195,-1.17292309796792
0.594366910870327,0.0177761082825833,13.1281515374572,0.827352035700724,200,1.71518197526333,-0.461390244444632
0.691806059656696,0.452491426249621,7.14849457918229,0.798499032848095,200,1.57539431117295,-0.597279755891183
0.538270375931899,0.603324863683331,9.15809313676484,0.5555639718183,200,1.89764777098054,-0.405287842345941
0.878416821953817,0.194893810019188,13.5815600793568,0.670415669167275,200,1.47032765747039,-0.72025138058693
0.433378438813387,0.485991818978354,6.21747439869994,0.333175049287453,200,2.39071059444745,-0.264210013138498
0.68281158526002,0.38438692765064,11.4046969903558,0.697455152972112,200,1.61494861690769,-0.555244245094035
0.278341142047903,0.438312925215322,37.3811883142592,0.741600881420619,200,1.68017864032227,-0.425893877307257
0.526442759064608,0.273038276740377,7.81817413112847,0.367824131107548,200,2.34676800316489,-0.27508919472075
0.68716987587229,0.426621078997032,11.0241659313442,0.934214290211032,200,1.1919125756239,-0.97990368612242
0.352237926942389,0.207277099811619,2.72821351078632,0.455714776644755,200,2.54222126174295,-0.238431359175574
0.234563727125696,0.445664454375921,13.9036431250913,0.9957692593472,200,1.53381331226439,-0.519606638698295
0.665051260475597,0.368858356059121,15.2173368357556,0.972023399977502,200,1.07295645703781,-1.17550307857391
0.820697698676571,0.0152843318461169,11.6506389072414,0.985097508001475,200,1.07482131364061,-1.2513106139876
0.202518643865478,0.114742961703031,19.6694140215008,0.355353510925445,200,2.56072310643762,-0.220504697386194
0.620647138387656,0.802109826183781,15.0578457053289,0.772109521335317,200,1.19486032899466,-0.961540095036264
0.432930188537731,0.105087044791214,2.92771973762553,0.888201106172412,200,2.26218533439159,-0.302438567596493
0.681532206394461,0.777450477008134,32.6714740146111,0.686340476240808,200,1.1977931627535,-0.953247450324148
0.221857070981657,0.882164182355891,6.25848981973532,0.970039243677538,200,1.24696166644884,-0.864777809504866
0.540052377679804,0.556427807994975,37.89200526923,0.642299708990753,200,1.49889950616933,-0.57439442624722
0.398348304619725,0.596495751770473,25.5974982751877,0.583907198427866,200,1.72181868252107,-0.435528032869469
0.278108103140832,0.375074960164159,11.7720772687479,0.486501729734894,200,2.23610366180965,-0.280957483082053
0.373437392591654,0.489990680676606,9.44425569574072,0.826681475999719,200,1.66971377441724,-0.478009278417804
0.535345123837198,0.600328643551162,12.4887015318982,0.743475972127231,200,1.49339092129032,-0.60614545912347
0.603804176715404,0.0431870355640034,3.80620852228903,0.884581696888665,200,2.02185905359203,-0.380212973429057
0.633345007765883,0.0463437513348142,9.83465574169464,0.356916149839192,200,2.3330798907245,-0.28230049875773
0.502939686608159,0.0520300050364148,3.42189352574132,0.92354936837585,200,2.14548151386475,-0.334392235399233
0.748939464998959,0.271746086363991,3.56571936321604,0.409774678168632,200,2.34409930390183,-0.298805187131164
0.285134995103697,0.869479401234118,7.94488576805528,0.568128162893575,200,1.81782662585045,-0.417219572013909
0.82570256909995,0.311175483521908,2.97071120399446,0.951299415325769,200,1.75502690385981,-0.537473655928592
0.792858402580496,0.0237983535282003,19.3458203329758,0.734026485164207,200,1.42531252269687,-0.710346663761714
0.212990748198517,0.884138366711648,36.9435389530833,0.871880114274006,93.4297987935,0.783607876863099,-1.85410516756016
0.615606052575385,0.758031260382105,9.60865412542171,0.66663620590899,200,1.5786020499736,-0.577508903777619
0.301763593442823,0.710751526390827,2.35461679538808,0.857992119836939,200,2.05542799748209,-0.369177396064879
0.709951112687456,0.186065290322768,3.67688535567289,0.52153379795462,200,2.2474467492096,-0.322556928939686
0.378703449016584,0.218705650721564,35.3761111941711,0.588473535379837,200,2.03747874336734,-0.31852085047914
0.871631809115992,0.267025900728333,3.76839722790416,0.466466973874602,200,2.20614654425153,-0.351289328043498
0.506346290878595,0.94295263926428,9.22621929725202,0.644870742833506,200,1.54811383136457,-0.583957607492526
0.618095564212666,0.734580885813777,2.4248269385362,0.407428954428628,200,2.39840284681437,-0.281922509812956
0.386954050361179,0.209606294575966,2.23564823560506,0.512851057271923,200,2.52661653478922,-0.24424997864361
0.836443975933921,0.168977766212584,7.45060182280831,0.487434900852083,200,2.01500268701455,-0.4075735941549
0.654014779500966,0.828397718125093,17.0251399091844,0.327058393637184,200,2.09707361152342,-0.346341381720856
0.45076404057693,0.806819326584802,2.06981075670992,0.75253394339215,200,2.12577472106597,-0.356703187680523
0.562420054637222,0.268954158628177,2.0235908651674,0.647946523500653,200,2.36753559990245,-0.288690002220829
0.402478675458417,0.20439119785246,14.7341338707092,0.598643066732547,200,2.10169092099795,-0.313490940328421
0.500618352342498,0.0593518322113397,9.40160802038764,0.474769670592993,200,2.29925695447631,-0.280121359542341
0.220180445643095,0.202451317437304,8.27670896565308,0.609234141880608,200,2.35964153373552,-0.257200081587863
0.351198003452675,0.00988482494051956,24.6982658827504,0.659272485225446,200,2.23149587065532,-0.273856397133233
0.204472265842596,0.93714035532797,39.8741947080257,0.828763098008496,93.4229670347474,0.783116219166475,-1.85176943415345
0.559064149284875,0.548306204963817,2.11466301890848,0.864377721344796,200,2.09631913140558,-0.370652123539148
0.261833250429776,0.316505589530993,14.8951673251949,0.357872462507617,200,2.40839474862161,-0.246239412867452
0.656510546274072,0.574929401359971,38.6753261639336,0.374033924061712,200,1.98867367289616,-0.37266005849835
0.781597557956935,0.465855629124081,5.52320834237433,0.93379132774435,200,1.41503959926462,-0.75800485677653
0.70890867359698,0.59250239553372,37.4832324201921,0.946856863671029,63.7113227022402,0.673112375276862,-2.46257207331996
0.699520302101124,0.216211537642955,2.96473029508273,0.525424411927482,200,2.30333147563274,-0.308537296132193
0.710119246552807,0.751571211014936,5.97261720375842,0.77456970212912,200,1.55663733263841,-0.625958281979489
0.232514138957121,0.65318526729317,35.8291198477914,0.495874600496562,200,1.88098147956812,-0.356687140290853
0.326773287031745,0.396342327817463,3.41365428226308,0.398598299752882,200,2.48746576520056,-0.24700130657298
0.296016161672608,0.64654528126722,21.4793699373585,0.885600532317309,200,1.2120291474893,-0.826887386977151
0.397593601283741,0.69199883820356,6.5928018893032,0.520679496122773,200,2.04238518481804,-0.350711716048226
0.406355739726305,0.922069850308588,24.8531147391433,0.909686713959354,68.1285651967204,0.684545221210093,-2.31239298269109
0.858685457246114,0.482691960030099,3.13974681749419,0.369429674881635,200,2.36412124529401,-0.30219116823343
0.609329016040157,0.89380660813256,7.57723945733337,0.42359787129662,200,2.03931443403464,-0.370347333914528
0.599145154177677,0.705161825905946,10.1325869234154,0.541327449993285,200,1.82337675217682,-0.443068550373622
0.636587466520087,0.299008887534418,2.49445852936764,0.547111164912636,200,2.34405701579637,-0.295885724355668
0.611238393798517,0.102004067501084,33.4583598978613,0.382580656447556,200,2.17777532403168,-0.308643642009393
0.344000076772273,0.876607650216832,3.52380862441172,0.746483905702565,200,1.8631468337956,-0.43276636300636
0.317448897909792,0.514828926570667,3.63466381468509,0.33024087354034,200,2.4990553884974,-0.244070029987829
0.662866755081612,0.618712768955455,8.10329130527228,0.950832293788468,200,1.20529745469012,-0.976236617549985
0.361795624252626,0.371740804535248,2.46933768188678,0.434725333489027,200,2.51349457762757,-0.245843885917718
0.62851388142847,0.00248153455136732,6.55398995786119,0.70669362023226,200,2.00661975561084,-0.375515321416508
0.332275751649992,0.405495668589502,3.98137472712281,0.882087333088244,200,2.02986697381114,-0.359701278099929
0.253666342425447,0.148775300825236,8.8917268269358,0.738600053222252,200,2.27225667320513,-0.273157023510404
0.825833208485274,0.863994279736261,2.93528264005019,0.523131675486771,200,2.16982449916339,-0.361771955768678
0.645854702638679,0.494602317159631,27.7660912490413,0.641432109135863,200,1.5015206104321,-0.604060228607874
0.412466021251849,0.565012839750899,22.9305799037461,0.895357232040664,200,1.1940581336998,-0.865757589281063
0.804965066412875,0.0201954437378251,20.4377245663285,0.857062238509891,200,1.15700459486655,-1.05599657466758
0.396151295198128,0.260513679282022,6.26513189203398,0.355772495784137,200,2.4590690418573,-0.24822914881736
0.766531971978722,0.869094707857914,13.2082812489715,0.7848864210119,200,1.13506420149281,-1.12584767349512
0.784273707467287,0.0508653230279141,27.2724372533538,0.524821462369012,200,1.77478272483908,-0.480697373058886
0.334205385197528,0.28348316410816,12.9492960455675,0.67458690842851,200,2.03577915094877,-0.327807152853816
0.249494545739835,0.635915228323646,5.35797964462955,0.361732751981254,200,2.3694984194644,-0.263736357022305
0.434876460793863,0.647769968596489,14.5766839000828,0.584457969768633,200,1.75740718262565,-0.437934911644583
0.490100082454535,0.6611031747119,5.7225704485239,0.585712859482892,200,1.97832415185839,-0.382810243382672
0.688906460506407,0.315983569545753,9.11337976132748,0.329907000819338,200,2.28779023494365,-0.300098805444626
0.855626842947071,0.923816961767823,2.67138992072255,0.747505757273159,200,1.93223422281046,-0.45864714689568
0.862069302221194,0.172379203982698,28.3141909919703,0.61852214711182,200,1.44562970477861,-0.7262039115809
0.233383133571572,0.608859511404659,5.43862472262728,0.529932539056016,200,2.18533824645329,-0.304495061014735
0.227695536429031,0.57064113923473,7.23385308821631,0.900291707736758,200,1.68605729291078,-0.469212550800879
0.432834719303499,0.420744379670639,9.12807004485378,0.528677126117679,200,2.09656981286471,-0.328151303043542
0.807954290437465,0.151110082301362,36.3090375236643,0.72202297386444,200,1.26652750974706,-0.885695771856197
0.506798442511369,0.388038682985372,3.12423965822672,0.670821903976604,200,2.20246518280072,-0.324517988939421
0.40859453099363,0.428443455884202,24.0759656492529,0.308984917486793,200,2.30951656591239,-0.268099700528644
0.838235348406589,0.0765879495466206,11.8111826069982,0.82456590088373,200,1.30448867642979,-0.872579112196131
0.313005116644269,0.610499758541239,24.6175423642586,0.957700228994922,200,1.09336332709374,-1.01925772992107
0.238934840138055,0.421721105201736,36.6547941142559,0.940755018666549,200,1.46330030195842,-0.53271169406742
0.516594154209504,0.648019238655851,6.3107474463439,0.928890679227576,200,1.43812176870036,-0.678016640493251
0.819279334655738,0.261723553279438,7.37906722504473,0.851169166714294,200,1.42360737997822,-0.750303997132764
0.683877324317202,0.817283674894048,2.0347607689883,0.429475125507095,200,2.40209612357282,-0.285547932035894
0.354756497911915,0.670807959410998,9.71009882170462,0.899712323410995,200,1.36301257949679,-0.700368429070928
0.39985700498436,0.640222772966015,4.55292144005962,0.435074464057743,200,2.27707228511465,-0.293364632576148
0.755245324512905,0.56670435919372,31.0028262765552,0.481009244137839,200,1.72812370894116,-0.50163381143518
0.237691592209452,0.818610409781989,24.6732563213038,0.723881564815661,200,1.28273369011297,-0.730483755998014
0.859295896693637,0.523537633943562,2.63524113486987,0.942600883716609,200,1.77442159782403,-0.535299644950041
0.595485296253037,0.266500985622848,13.8731389273166,0.711588475870434,200,1.69615564477631,-0.481528707149676
0.597743935620948,0.0744793346559124,9.84517451621388,0.478002675107152,200,2.19389258670442,-0.312627607101568
0.67054082314088,0.565973790269434,17.6568374201796,0.630103743356171,200,1.55209116418219,-0.587372749741212
0.486560490424916,0.934262950158748,8.45709263172378,0.481707363460221,200,1.89588674672388,-0.40610414300006
0.749430181454355,0.897268372067095,26.0763758003093,0.313865942494354,200,2.05510845933873,-0.370660928476084
0.699624954591303,0.706989670541576,2.36215188433661,0.50611847411599,200,2.2997197321416,-0.313480289781386
0.886572354541548,0.629496988992117,18.2946777138006,0.62336035674531,200,1.41077558004927,-0.779181198079322
0.717471282289891,0.255906182730493,24.5569417927027,0.3027585012003,200,2.22374457128038,-0.312840021404076
0.818496563057066,0.149695362029632,3.04148797060154,0.619873498688623,200,2.14004982563739,-0.369573816380731
0.688771523614569,0.765715679310448,2.78291338426803,0.645105499615155,200,2.082733914086,-0.380600579253181
0.633607672972954,0.220723115522876,26.7998068948085,0.531512210372711,200,1.86985092840109,-0.406174276398085
0.275082092305149,0.016985351314384,9.6547577974142,0.996282845448563,200,2.22508830093115,-0.27874490063051
0.693070092894742,0.515971393896011,2.51066181156628,0.451806764132204,200,2.36860266559172,-0.292615569947357
0.307149658992235,0.48746113589522,2.18369518016903,0.830480299888458,200,2.24613770155701,-0.310991566007521
0.672680639829999,0.527393924353609,26.6350759371854,0.445462666083306,200,1.87845188473642,-0.416722061703761
0.391387933778258,0.368157845650668,3.95147288409494,0.88271992574168,200,2.01614223750424,-0.367619596942446
0.265527834382521,0.714112165781332,35.9368649064985,0.837763167842827,200,1.12135310751706,-0.949342821672788
0.653221481056713,0.102399567902115,13.3164227585146,0.488672237232522,200,2.0667609995976,-0.351141913420465
0.432148926829097,0.923287954873906,38.3900874611607,0.430662013310528,200,1.75211457633334,-0.429855716799752
0.897299424797351,0.397248057340431,15.2867840920013,0.630362165299943,200,1.46835023111327,-0.73044958443367
0.47363687805559,0.253374882955659,33.3759251428801,0.391656789717746,200,2.20647864492141,-0.290240780867231
0.747777333811771,0.511295217192468,2.59259164340425,0.91021420270224,200,1.87897433770951,-0.468558520021751
0.589599596473637,0.19274106626785,26.2569179458692,0.712266947668449,200,1.63425466492511,-0.493977283324723
0.662683309340741,0.400350121143095,11.8317184755847,0.392645814625197,200,2.13634362601302,-0.336476727466174
0.292251374023951,0.296677606785771,3.37815034060822,0.774645193576145,200,2.28375511101065,-0.290098512051779
0.799069391379653,0.604985585294342,13.0658459195156,0.847173926772899,200,1.09725868198586,-1.20870455473326
0.598334861779756,0.254624228696281,20.7583097190959,0.897372502724943,200,1.307270198741,-0.747076210503627
0.361040145627138,0.578661176702694,25.6233710730566,0.735508608817464,200,1.48741521427593,-0.55393143555348
0.889323718642606,0.614254624726608,3.55295284532339,0.840501141627544,200,1.69520039678171,-0.582015319317865
0.252108516461557,0.393053996882801,4.43175136100274,0.46020718352031,200,2.42160984350566,-0.254999052636785
0.820956608006102,0.351673354838792,2.16979722112836,0.89316812060563,200,1.98301549778179,-0.434071781386148
0.367943434341857,0.817525663492429,15.5325567514988,0.442591516532532,200,1.91828403047164,-0.371300560952323
0.68179045015648,0.172246526696603,8.38196975492701,0.566415762989766,200,1.99260985493479,-0.386881193182035
0.52370541667655,0.744003248668342,38.2237030704265,0.733479616646034,200,1.15760341271446,-0.955333903948356
0.783539695550393,0.1116880225955,8.36456210460766,0.65735748246264,200,1.77096582301292,-0.498650520203352
0.447345941133572,0.543352380901195,3.38257230249516,0.942234972607569,200,1.8580353220754,-0.439776030385875
0.2336424416814,0.52088800826051,20.9904765122272,0.70234603668383,200,1.74532060927424,-0.408290218543768
0.745047986942724,0.395073269637608,10.6684643193235,0.629626801013333,200,1.6947234141688,-0.527790191967859
0.590408954354989,0.349913850468025,21.4239837377101,0.320407682146551,200,2.24425803555134,-0.295312287012304
0.250138441068858,0.649504832194187,8.9880890272479,0.41746998988182,200,2.19399100744419,-0.29433690186155
0.264597168166144,0.498274790441159,13.6680328177917,0.760759654085097,200,1.74479068863697,-0.42086595133335
0.53021147992902,0.655489175276578,14.2604218592939,0.545514564939976,200,1.78640853496355,-0.440044443897963
0.882770682113866,0.0966170821977197,22.8455645967977,0.411829647154369,200,1.91689524792344,-0.449376560933273
0.28220856443455,0.810348749597456,13.8504125295854,0.861544022246566,200,1.15501333144273,-0.954421420400137
0.638761959188478,0.656790513216436,6.56472900335374,0.68402826352121,200,1.72778408983745,-0.504372585255693
0.532349221651636,0.259329410130325,5.49299919696346,0.571500230509213,200,2.17860683341744,-0.321152213645984
0.752083439618357,0.541544009995298,24.9786273635094,0.722678925916366,200,1.23928944787097,-0.915546292772289
0.591817578793884,0.657154416495282,28.7205674731569,0.498253105211336,200,1.74077660115491,-0.459731329242832
0.591711081987736,0.106571426015918,6.34070527427028,0.916162797732108,200,1.7719955850229,-0.461183748076801
0.359611514232952,0.818322442074881,5.54719626967105,0.903313928125395,200,1.45769941690066,-0.652134597795186
0.827974431072269,0.906444558907789,2.24589066473423,0.847695382439687,200,1.91750064107866,-0.464134206884845
0.481685041938947,0.158853353493847,3.64771712980889,0.470825075861812,200,2.43588301709963,-0.261178188299887
0.522841549675027,0.930374875499126,21.8915789346483,0.415135886331236,200,1.84252533886246,-0.413638761545774
0.290071603553595,0.810674382654395,32.6417508145256,0.835012560082017,200,0.983108147449779,-1.26979029039611
0.654601736493246,0.853061062303158,2.10867436019294,0.328353104813583,200,2.48817227266103,-0.261813348302006
0.514165527744863,0.567804131837795,4.93646132770411,0.748481053460995,200,1.85461801195467,-0.435401157226698
0.732933615285267,0.000421765285086197,7.33516513660853,0.957916154660843,200,1.49267797394994,-0.652240060243269
0.378982221084554,0.252789778922242,5.08906610540955,0.424657165641702,200,2.43634165686759,-0.253970211615272
0.749087692895477,0.496658408045606,10.4111122967364,0.307641075129349,200,2.2496472145159,-0.315994407312952
0.54459674371453,0.873765481774323,39.2716163730804,0.4910555811081,200,1.61924042459115,-0.512726148271035
0.235840455117519,0.304041247526808,33.5451658329803,0.4595932916415,200,2.26331271224278,-0.265294904169133
0.358018146025397,0.903114838341383,4.12570101548785,0.616559552473063,200,1.94774118872678,-0.394812908482304
0.283567502258679,0.343868900988542,30.1983730454156,0.556999287489499,200,2.06883349656591,-0.307700261308015
0.648605068487371,0.626020685232702,3.49806009553539,0.514937764940791,200,2.19434677405396,-0.336043177876785
0.73619888230081,0.889346391899892,3.63083090096158,0.366498775214446,200,2.31055433563127,-0.308278166273552
0.890560410815283,0.063876583184492,5.71210892808203,0.58689602232854,200,1.90657692787465,-0.465900796382448
0.838888112698239,0.476226230440727,8.73673706556877,0.96828804755401,200,1.05358295850283,-1.33911872160899
0.26995247361407,0.083807940709393,2.69916869178752,0.900109240854819,200,2.45285298237708,-0.253762082852043
0.245576453524246,0.74936244646317,2.32514274274062,0.533613056183855,200,2.33607131427008,-0.285074811873977
0.216636864113978,0.319095679510718,28.9063776454542,0.564157566582078,200,2.15197288164445,-0.286069004641705
0.305495098308668,0.300220532398182,11.4818095418545,0.67220596249168,200,2.07239380860499,-0.318811859866123
0.667829834931825,0.0915265422846423,10.9411191296035,0.361111974262578,200,2.27754930897274,-0.297984190676972
0.772161230957376,0.917353343617121,3.74219565415283,0.930118152193096,200,1.51259781935641,-0.686766613461411
0.416543697285311,0.183585993618246,3.97318328639058,0.322349635625786,200,2.56137135335898,-0.233136472376258
0.382922294040606,0.0959586838786917,27.5614934881085,0.631644106104008,200,2.11580502342292,-0.300003134938469
0.419002114799425,0.224818161122295,16.4180187734944,0.345297962347201,200,2.37231442289862,-0.257827578521649
0.263331105223717,0.441936457935845,2.40728490110719,0.36682637537343,200,2.56742263993766,-0.233344354348075
0.291401509481451,0.360095995876631,6.96990684572564,0.992300540568617,200,1.8095228980435,-0.414143498481818
0.740575411137985,0.164700946224558,8.29412602672169,0.983530735395988,200,1.30713928958487,-0.83661589456995
0.842009778274239,0.82126491429786,11.5728217434462,0.350907103650691,200,2.08062583908602,-0.382640754352409
0.607672778757336,0.280685934710293,20.1645157196407,0.347983473773984,200,2.21444372893781,-0.30398513795976
0.659295137228793,0.515313011005071,17.2784493210873,0.675634896609823,200,1.50104250493116,-0.618630640850344
0.415877625454132,0.548954029815656,2.44522467329161,0.495282051936133,200,2.3978414435225,-0.273961384566089
0.573034426533322,0.603061230417046,3.37376032017488,0.524588915548846,200,2.22129903894928,-0.323192895520211
0.592811833174356,0.535392941951639,5.83413907726677,0.841092715473442,200,1.63135016617752,-0.551163714909538
0.584037464844032,0.00929115599667032,5.05898085675304,0.594071683929791,200,2.23906196002191,-0.308214752655531
0.564474527253552,0.470761707886386,30.9592804290057,0.902720203158065,200,1.06370441750997,-1.12672864977391
0.208694573818846,0.75470747253825,3.01933509520468,0.530864839527655,200,2.26505416611131,-0.296597505410777
0.776393501315988,0.126241814950303,25.9481283840728,0.529372908200386,200,1.75986476748793,-0.486874190012522
0.228609334428019,0.626750709852685,21.8167649168934,0.76331684056491,200,1.50106593451394,-0.53312560849966
0.507115816449327,0.0328093201677703,32.1911215517007,0.768250047575527,200,1.7944517281988,-0.396423624935043
0.683972793743371,0.550243899215249,4.44396374206359,0.573127638714116,200,2.05102512742129,-0.38177538236577
0.609814897737582,0.790210628706058,28.0454897904863,0.637304493822763,200,1.35466773974391,-0.73185198207414
0.81037826886829,0.535033083854911,2.17311641170995,0.951482403185847,200,1.90052358755635,-0.469280000332523
0.350204435392089,0.903830969040911,13.9701588742846,0.36113920452691,200,2.05473799494398,-0.330918648942317
0.239057327502461,0.802530338300501,20.0815471154555,0.473950793192148,200,1.851533938451,-0.376460476967
0.417782737137005,0.424509957115903,2.44796668456296,0.778602755828326,200,2.2254635561459,-0.318426787050041
0.269413342787597,0.573110115952794,11.3439410062676,0.940986467576298,200,1.43339795429748,-0.611048122240532
0.299151336185347,0.786979431016875,5.47991200046038,0.990993364843765,200,1.38879581231086,-0.708379275623184
0.36693946023488,0.787932667321471,6.76633723355636,0.994007630617117,200,1.2399061864679,-0.882969012133952
0.77620825093307,0.266938088669954,17.178753490163,0.972320738909867,185.77946096103,0.926562905828374,-1.6154869565105
0.394489988463015,0.11855148580599,2.95538564434712,0.694173766575001,200,2.4020624684061,-0.267560839315155
0.3428466946704,0.388644440152457,24.0899459471474,0.85609683624721,200,1.55961077449969,-0.496271751154379
0.340213598645184,0.0418632300485469,2.58963711746201,0.607986114540906,200,2.54788341654447,-0.236956011131284
0.803961864054521,0.25618631724014,3.41580205117047,0.331271701837983,200,2.42452231563504,-0.280922626470614
0.578101454635756,0.896898965857671,6.15671302175123,0.371242504464975,200,2.18274341571006,-0.326215108876572
0.203103190205533,0.132399915284008,29.832250284296,0.709922531559753,200,2.26009794095296,-0.262754101917748
0.447152846827754,0.686126209726142,2.21923584047817,0.815003759707084,200,2.09416337809304,-0.364727659454386
0.676126545116026,0.383832143317582,8.63275700978915,0.525198944617552,200,1.97909839008521,-0.39291361779458
0.690520679716339,0.921362017131201,15.6106319453581,0.673721855207463,200,1.31286342869473,-0.821978407370895
0.668142783538547,0.0626674194329069,2.01681353601042,0.531849307312343,200,2.44256791370346,-0.273199147454034
0.73534845370048,0.179458166986568,2.1379477210467,0.777030328379044,200,2.17827026992486,-0.35343221321105
0.560078393923569,0.392644444925734,33.8805268384161,0.388161607829225,200,2.08721063040107,-0.328730115415054
0.702516660537175,0.419280470184551,35.4521861248426,0.70764239102609,200,1.31809051139868,-0.780723450027102
0.777337576724457,0.109164915825718,21.2603792736714,0.899317263511747,200,1.08099963273761,-1.18945457054346
0.410325805760377,0.321673421926292,3.93131541427722,0.997596763142602,200,1.93768555599099,-0.395205142296981
0.584722849804993,0.300670455823284,9.76629474950669,0.638916607603004,200,1.88206984763769,-0.410244513495505
0.830063419797194,0.1006201541659,2.10162338937593,0.45657406834641,200,2.41192974974216,-0.288764564704754
0.365907126923984,0.325036612032544,2.87767444103308,0.362146819598313,200,2.55205655620057,-0.236579778163669
0.627461925885376,0.891233788575139,19.3733898949596,0.567612999096567,200,1.52179682435899,-0.604690183921858
0.857581016001361,0.23468550623466,15.2354292281514,0.614143200425377,200,1.5691519488478,-0.633724723905553
0.533271273481543,0.837291829523751,5.67335187045446,0.952654381330303,200,1.30554008019798,-0.833439642064882
0.703100567048237,0.457209637603397,8.19991371675456,0.81849310780551,200,1.47511821898527,-0.669876874546179
0.221368935327643,0.452123070362001,36.0020692758777,0.472593631073902,200,2.11735615971851,-0.293599946827542
0.24487645344683,0.113051550059967,30.5591506632675,0.465305086540314,200,2.42273998025834,-0.239083408744567
0.239871361652102,0.156840214766686,16.9941105429116,0.72723497173946,200,2.20473245596359,-0.278413417583861
0.892696798485075,0.200084292535395,5.16911733958842,0.893938375784992,200,1.46463676899432,-0.744457120377665
0.460970755797174,0.637014255055956,15.3674371635906,0.666057322656115,200,1.59309473697148,-0.521909497642328
0.663484625711944,0.306106312965229,13.7746524132396,0.962000902473407,200,1.17220623543335,-0.981861803362256
0.624978706131022,0.915272285384076,2.16202802773411,0.701493113559337,200,2.09987056355791,-0.375014174072211
0.617232440529717,0.345468623264724,4.86403629342683,0.499334506056683,200,2.2084548195414,-0.322712921604327
0.259423878791075,0.308087315186843,3.89515517343041,0.471415292172949,200,2.47533246305331,-0.245968508823437
0.753450011342275,0.4104328774772,23.8791112651317,0.625590517877322,200,1.50627939725044,-0.636333187935538
0.649902481991184,0.412586557729597,7.56497030273215,0.854978146964451,200,1.52285355421508,-0.620597235919162
0.206122552610453,0.750623747696898,27.242437946989,0.445890273639653,200,1.92281924277897,-0.346205390915362
0.748122949347047,0.871875849233052,4.79535946076622,0.894808250803454,200,1.42909661199623,-0.747545575438563
0.892222017974484,0.504330316459337,9.69665208884698,0.970262230527354,191.023943471902,0.935826596625144,-1.69502387042643
0.680880071589164,0.0744116686876786,34.6957240361447,0.989130326897814,200,1.03771728083621,-1.18531180934715
0.5370083872748,0.180550448355125,7.71315862623258,0.600175501550975,200,2.09877505733236,-0.336442705734651
0.667097862252422,0.285958332495457,7.6377258929705,0.434362891472488,200,2.17953221243423,-0.328917527935549
0.730461289863808,0.546621813872588,7.46952341780494,0.6292574443185,200,1.76712960897095,-0.496428672332382
0.559556531804947,0.173004575362619,4.85003327724521,0.432268387958182,200,2.36829546561916,-0.27686077191659
0.564114508219816,0.270794845468155,38.1657756554632,0.63598720201073,200,1.69644520548021,-0.45764627198068
0.262158277278712,0.225262204502286,22.5803320805123,0.80149624563943,200,1.97846231493406,-0.327245293101786
0.402920885248731,0.267302971444155,18.2559229056334,0.645906897178013,200,1.95821013043477,-0.349311531637116
0.44061972814952,0.360024785591107,4.91564079690026,0.719430476514483,200,2.06466750786859,-0.349974513648498
0.36815568946097,0.0341048064890783,10.175218424036,0.396640709525463,200,2.48886732320769,-0.237439043342109
0.507857917122954,0.933924323430401,6.93049492207225,0.653692877709066,200,1.64594930807453,-0.532581364792916
0.614900588337472,0.658688908824903,5.37546574534059,0.392202258638362,200,2.23901531934317,-0.314188260032094
0.316662458410696,0.813712146440102,26.330092001651,0.649589952297602,200,1.41048124566701,-0.61530392690917
0.223849180672426,0.845878589513223,30.3298709288429,0.728191398050015,200,1.20173292267217,-0.82699420622922
0.242871661071712,0.822228552807635,24.9207749854208,0.653868368835631,200,1.42260419207029,-0.595293355854481
0.582764347834893,0.406508555556042,3.74565096220934,0.434144245223763,200,2.34419316560692,-0.288156392868119
0.521662699177528,0.327546302891744,18.8880086800778,0.755441429637497,200,1.60269306230998,-0.507914937368489
0.809692826394543,0.553614270647076,12.740838120671,0.364561325549839,200,2.08039588597913,-0.375640096439443
0.392122578065245,0.0883810488142849,26.4866462803157,0.704212721283672,200,2.03347693790601,-0.318877896142662
0.888569979731591,0.889979945551294,2.89510225853419,0.592696616508959,200,2.0820772694863,-0.400127935613802
0.604338853372377,0.364482210301654,4.39107689981601,0.517096878152589,200,2.21530059292636,-0.321460196699316
0.306060662650581,0.781287043852398,6.60956597772198,0.977858222983459,200,1.30908885578913,-0.783795996670275
0.750623764401806,0.158444347567759,6.7275171320473,0.63775329672071,200,1.89167517325702,-0.441224966227548
0.735565498157567,0.913838246241387,39.243918544757,0.381827501340389,200,1.84970240686332,-0.44299935702011
0.722591200487417,0.79576595256074,19.8817136630264,0.508572468129747,200,1.67035096021895,-0.531986734734748
0.609129882488307,0.410013731844618,5.74050105672277,0.305893674645945,200,2.40452602319382,-0.270428029690109
0.77481181591462,0.933586093956888,16.3192111954722,0.793997996741339,200,1.01419064504166,-1.39877245401283
0.851539876182315,0.0762490810303367,4.58936895710927,0.483272003096008,200,2.15667937484533,-0.363584524180991
0.89983449827497,0.600536700461001,34.635842241516,0.809257964292688,98.4191291649037,0.835062455080205,-2.00051208797197
0.74479496420819,0.702495456095897,11.6068811578845,0.363171435463444,200,2.09164121366056,-0.363169197684261
0.517701345178958,0.24614994091811,2.31939488747856,0.960505500996703,200,2.14229190393256,-0.348197691836003
0.802771765475658,0.939880416242278,5.36388698737709,0.353364091927279,200,2.2252879187696,-0.335721250396884
0.371236672227372,0.820089410073632,2.02727009434963,0.507339434011405,200,2.35773754279742,-0.285995490143467
0.336633415143161,0.33636217671105,3.829120483064,0.486833479102375,200,2.41684863122595,-0.2601877843798
0.38828658335444,0.48326350022984,18.3415520501593,0.383967003049764,200,2.19336938116254,-0.292997057899415
0.554248026042726,0.275636588832313,5.68424453816379,0.924456410312319,200,1.73886609991751,-0.479988374955776
0.232344543326188,0.282076422078578,9.56128235417744,0.439129015889616,200,2.40780605034572,-0.248376940542907
0.207519407016683,0.668132455064042,20.0260660377589,0.491196878439056,200,1.94861867883712,-0.342068962985247
0.219984561789579,0.7497515323622,3.26490779909279,0.454749711090342,200,2.32357633470066,-0.281024394909556
0.889967917992012,0.412288629898328,2.52037705823777,0.511012846745869,200,2.26078140481371,-0.337809763208721
0.430721888562455,0.476478050454725,20.9363184054112,0.621741525696645,200,1.76489973432106,-0.421901175732572
0.485083971991134,0.465171870044541,10.0419075445175,0.471906175532487,200,2.10437995952693,-0.32954722564574
0.251213197382501,0.742528955320952,28.5767208047511,0.892616586070376,200,1.01452077934492,-1.18454009018631
0.827640931666961,0.379296067689747,7.66977215184023,0.536704381321751,200,1.89702013651639,-0.454433016147254
0.248517490812593,0.415083687566904,22.3752798472261,0.368889498598967,200,2.30915587701111,-0.260683689560899
0.496236663302841,0.16935714467441,5.61854825868972,0.325413209550385,200,2.48630579808375,-0.247249008662903
0.556088472375157,0.641795191527185,23.2365566100083,0.41385330240943,200,1.96374982507293,-0.370587496296778
0.733405378663959,0.192242040894499,13.4809402455321,0.605038310607546,200,1.7596367606601,-0.483856191370409
0.701698450967437,0.272776877191263,37.4938321814538,0.543955473189506,200,1.71835696564798,-0.48375975328473
0.568048007945289,0.705570876308961,2.48046394079095,0.549972206910808,200,2.26361109567237,-0.316154419738239
0.518630096168149,0.722128526468039,9.13579011330104,0.508326275588595,200,1.92529822549892,-0.394498880464782
0.559595726442764,0.883596412772324,2.11797300604055,0.801101232341304,200,2.02581787816849,-0.398119401598427
0.847503645986645,0.479675785414327,16.8102481819815,0.604544142563424,200,1.52464436020971,-0.663881812692157
0.556866280989225,0.127210068322419,33.9882252223923,0.669219489050323,200,1.76771850643996,-0.421378241732047
0.361961693858813,0.153881077642743,4.76066646462002,0.731293227816078,200,2.27389699036156,-0.287518093197312
0.859859837276077,0.710445931777634,3.2312222318922,0.67792707806197,200,1.95174527468058,-0.448095133106311
0.277138170684377,0.288501573935613,22.2293777967126,0.844191867038996,200,1.81952182367447,-0.375938587160954
0.8319640217183,0.0554882306568053,17.3339775376282,0.501388178869849,200,1.83011947628474,-0.474232304474713
0.810894010058759,0.648469529803648,13.7286814079731,0.329089605270831,200,2.12700061682273,-0.359926990140641
0.651777169275354,0.632434323957233,3.09403048820146,0.932362256389344,200,1.76228712140064,-0.510174653086394
0.898906618470528,0.701254787264889,28.3409659731669,0.648924303972907,200,1.2430227569871,-0.984783325160465
0.313792006822117,0.779807171246196,19.9471167205938,0.865498690941775,200,1.06482007829545,-1.10969995534707
0.797248706067035,0.698096202188253,3.73961223142021,0.557958021249436,200,2.06477199072759,-0.393105912211389
0.810084817109963,0.809534899461029,7.87617218245195,0.998235078123608,200,0.963580547461209,-1.58518537221504
0.784101754695883,0.912131277085953,3.30969568008923,0.540332418428431,200,2.10127861833341,-0.380539071492687
0.505414723544296,0.231641912844249,21.1872018993987,0.33398330251188,200,2.31229011262613,-0.272985150446001
0.630678390554998,0.113918955576905,10.3028330366408,0.378286592398863,200,2.28078820019283,-0.294339038052525
0.774012091115521,0.0732564258888985,4.34819506353865,0.849050907397092,200,1.78471277067995,-0.502420933138641
0.706442221675557,0.0616375678609397,20.8906698076383,0.955225029697533,200,1.15438202592278,-0.991317268296289
0.702084811735076,0.90806107833973,38.1878058335161,0.514657694133402,200,1.52541501540447,-0.612289159233082
0.523274711382187,0.539362155543524,22.803545879974,0.304494662895271,200,2.23310124891918,-0.292937636582808
0.6834816065436,0.315304880348694,2.87394407881692,0.433041986868461,200,2.38916409962502,-0.284865493340518
0.312026483011114,0.0631972399275439,3.30166265111517,0.384030106455414,200,2.62627706781601,-0.220444657325483
0.784015536116622,0.613998440168585,11.8496756118037,0.656028591300159,200,1.51799940340691,-0.65421243110731
0.798187125909429,0.173786335247239,2.9684960936368,0.544907322428911,200,2.23712437967869,-0.335856627143252
0.34364268064585,0.53927982936396,2.14714774048258,0.830974265459638,200,2.20625652993448,-0.324432076302741
0.494079058632247,0.792843112542562,16.4596982890131,0.935787693441232,138.892034202123,0.883680841319153,-1.66265639439573
0.509996566937414,0.0473382079806761,24.2814607790933,0.667095921662131,200,1.94012157284732,-0.356973835538807
0.612109724547683,0.709678179012084,26.7664788611539,0.69046683079525,200,1.29452558602063,-0.796126367875779
0.558759208006148,0.825218165395226,2.661809338499,0.481989295310092,200,2.28219106136012,-0.309635396784505
0.768798878780745,0.64464354061995,15.0253768511721,0.786762892520831,200,1.17753131016643,-1.03692539836611
0.410948173503756,0.826368464328492,3.18061421247033,0.731871446921607,200,1.95030618611619,-0.40530119245802
0.61663829696322,0.04233709988927,19.2612453853483,0.395093181594671,200,2.21807247421311,-0.302231972983975
0.73688416776817,0.722723461957699,4.84901967956446,0.75513632116941,200,1.68790364706941,-0.552137581881835
0.449701727484042,0.648939121024943,15.0062122109126,0.791290338646861,200,1.36688865250019,-0.690643648551905
0.636479239824639,0.902507248538752,25.157618638595,0.352386997464214,200,1.97485687922884,-0.380385685741365
0.284617615627164,0.916555274154149,2.57767436233841,0.585565199211217,200,2.16919006327525,-0.330434696006722
0.294544200954625,0.712617647690718,33.1125582250693,0.921226567626186,200,0.950952573359619,-1.34467971247304
0.829460783287518,0.18227766740844,26.4342679900859,0.550616354114353,200,1.63936413267055,-0.570806980765775
0.467908843249121,0.127709240295711,34.9476092029127,0.851125839018139,200,1.64878330919321,-0.447564462731573
0.382098041382005,0.940266054079472,16.8587927633474,0.682299722515512,200,1.29201961314245,-0.768829219719214
0.610284529825936,0.234310216997463,4.82040237693488,0.384829796412067,200,2.37714947787626,-0.278076540103393
0.246656247143447,0.642346443995752,19.3007357421455,0.966378058027173,200,1.14162305361847,-0.936278790373768
0.65411733766462,0.253773565262921,33.7535240815035,0.817727404222428,200,1.27118483231059,-0.800162301109111
0.72226866232052,0.648631779993803,5.77835891266699,0.452662657033194,200,2.10585595823045,-0.363699723002081
0.508181157326636,0.270322302421691,32.7414911642486,0.394521625340777,200,2.1692309305752,-0.301770538990465
0.449474800754595,0.323938327158929,2.90117113338242,0.592876734423567,200,2.34595222350715,-0.284418409231224
0.710736680936503,0.556374253016291,4.73431899187685,0.359673851152991,200,2.31158027314921,-0.302760352381047
0.412220264431935,0.407421244360724,5.36985512023224,0.560957338208876,200,2.19764242675849,-0.309541116081676
0.591348936110828,0.668798938690332,2.80957977007334,0.398445747817773,200,2.38797982002886,-0.281690825832257
0.667898651757999,0.59794561656299,7.73993319568722,0.617188863146701,200,1.78854599136157,-0.474346455580591
0.892337277100747,0.125976797294104,5.41444222587564,0.358225716740203,200,2.26438373099066,-0.332406790662177
0.750784481433453,0.227818032422243,3.8754447221649,0.347238512885695,200,2.40313574491407,-0.282302464839533
0.863940142519671,0.293023162213841,9.46423458934014,0.966514993766167,200,1.03922842467263,-1.38070743734023
0.561889381430577,0.165812429329105,34.8983093215097,0.510784627163728,200,1.98435646466692,-0.353096069533955
0.298627564693832,0.290558553793825,5.26175141226453,0.390007784684584,200,2.48359075185449,-0.242363239961678
0.393218750831174,0.794210401616595,29.1632936645983,0.329366689727269,200,2.08894832364916,-0.316763410591154
0.389974531990685,0.74328485979056,15.2475593753369,0.875309978048558,200,1.13638166816336,-0.997146764018477
0.222088277777354,0.525007836667891,9.41219050175322,0.31352362969326,200,2.4084237836721,-0.249000236840311
0.429029313266867,0.0677513103308078,9.14373811151203,0.53346440827474,200,2.30774226308872,-0.274013972822488
0.543797522068125,0.0845278570919724,2.30299081116889,0.539026226547244,200,2.46767092986869,-0.261089606498208
0.6865967835311,0.297545390317996,36.7144367931962,0.574302281587524,200,1.66445194062813,-0.506892524131989
0.399499364144223,0.723084702157171,22.1535780188726,0.79870176514658,200,1.2033644326939,-0.865918576890767
0.398302744562404,0.134429181924028,27.8016992303476,0.374305512949987,200,2.36301761461876,-0.255197312740425
0.67387691293178,0.803559856184362,11.9834364656691,0.580462211814057,200,1.63948017514345,-0.547271698031303
0.486878005566906,0.653701399395463,19.7719019819342,0.816083149951976,200,1.21803313375044,-0.865318539101485
0.42449325819208,0.402189907129148,15.6280091479453,0.873145974493803,200,1.50498283048066,-0.556199203544384
0.226330056377687,0.441119311558618,2.03805220896212,0.876431328476958,200,2.30847103288714,-0.292980617940944
0.421647528418588,0.284099995997292,6.05214498800454,0.922370877567981,200,1.86237780584376,-0.408293772441687
0.227248902001566,0.525934713149862,2.16743840508717,0.997806274010582,200,2.14776673381347,-0.337227435342126
0.80509200751211,0.374606479174256,2.73425927990011,0.350726149505532,200,2.43830357525317,-0.278769309723756
0.824383195633255,0.390094423004663,3.9058556239927,0.799347104951243,200,1.77347410400842,-0.523025923885701
0.289082478799686,0.60529469226182,25.322069994014,0.591329830424666,200,1.76439392074048,-0.40537549875023
0.372276796610521,0.434529623094403,8.75034459232753,0.905690296379896,200,1.65143088088204,-0.487509459957041
0.766786367906894,0.472611295071927,3.59775290712737,0.350404055794973,200,2.38034003829385,-0.290345407074512
0.818794036282071,0.834118388400254,5.74180655406408,0.863580620689985,200,1.37168357925129,-0.817290545192999
0.81201861199236,0.59135331005144,4.68336784437713,0.47540266724686,200,2.11632814004358,-0.37336544470185
0.326521470520482,0.367910919247944,9.0894092095069,0.41157253372684,200,2.33490397289054,-0.266193094294037
0.250574416564164,0.805764557259386,4.13594735265962,0.354783717925707,200,2.35650491162988,-0.270684022748626
0.203324434204081,0.164106782815179,6.75970735517377,0.472176188867508,200,2.52074346339142,-0.231287814073798
0.624642776719116,0.79006387297227,20.8582074162944,0.423081053058066,200,1.87704616095478,-0.414805221711201
0.816383491096739,0.82376377405307,3.04217318752603,0.749674097995693,200,1.88352130291649,-0.473712669712321
0.780805037136027,0.297938354212026,22.5357741700767,0.922612635334372,179.027772786344,0.922303496150683,-1.62127691989964
0.471689468571396,0.772351776594777,17.0644657252325,0.566851553390245,200,1.65508382155969,-0.491372388056456
0.428745111801584,0.699078974812819,9.62255645797513,0.911931390715577,200,1.27188248248509,-0.819598965586139
0.227787728038927,0.69437949085196,25.7070713001977,0.873384384745499,200,1.16790180779276,-0.877171857371785
0.74208255005856,0.77912664329233,3.31634754533061,0.962601888822896,200,1.59640262121685,-0.621204589078589
0.832684900061088,0.0605263109421668,2.95464105097519,0.678483756378782,200,2.09086843406514,-0.388814457130261
0.7578825538085,0.703956359606108,19.5814077548065,0.916642089180866,86.9828185959246,0.794905990683313,-2.06903287541363
0.750082270094287,0.572623790305046,2.47681386675654,0.693513768404365,200,2.10609737437228,-0.378652082463654
0.646684186965173,0.236305199464923,18.5089676275953,0.65700551271229,200,1.68339156817331,-0.493196827826415
0.379926231941232,0.787734067600783,17.0112105681375,0.516376206205219,200,1.77187881346899,-0.42446901415707
0.44377829735775,0.659622229142681,19.9842722359045,0.689037953662903,200,1.48235735935925,-0.583574819862879
0.478260963713448,0.552508442139237,12.6153132286467,0.925743223224922,200,1.26359567999706,-0.813861689094306
0.534994716060488,0.757073299020005,24.1125876124677,0.361531841396525,200,2.02624201592081,-0.349457421944224
0.39266780609178,0.478935396635979,8.62645770922246,0.668586055354634,200,1.90708998121441,-0.384522986282496
0.69711881247637,0.273937445727647,11.7339055933718,0.934145885541802,200,1.248349941647,-0.885860603869921
0.842249346991729,0.948379539349248,24.2567671746966,0.622773061399356,200,1.30095713237915,-0.883148515913982
0.511715848354312,0.570362739721119,2.21608704155597,0.572428527910976,200,2.32907649579873,-0.296567589817716
0.83729816121882,0.63570794277559,13.4375941486137,0.740127477824649,200,1.27149916269117,-0.924045185967559
0.48219325545545,0.219817680442135,3.26109381997244,0.69072226528284,200,2.26341538338412,-0.304168159067385
0.520187705564732,0.580545904346443,2.8310499617536,0.549352055396093,200,2.27071877725012,-0.309006407399254
0.717577311327378,0.469563676336524,28.6131099773672,0.45116036220307,200,1.85314312774628,-0.434703906928069
0.847994281749,0.264277864334457,13.6810182011649,0.771227583040739,200,1.29061562566827,-0.896229263949372
0.887637528091452,0.866888182976035,2.64088927532897,0.507709537781208,200,2.21951343050456,-0.351281933512068
0.870707314909793,0.454783358436384,28.1901146672694,0.712333390115877,200,1.16247710434305,-1.09739605032877
0.581383526191294,0.413028573011805,9.94340804518316,0.671550291355777,200,1.76841044244347,-0.458462576956592
0.424104676664892,0.4110880509886,13.9808720324406,0.342543723199354,200,2.30431596074688,-0.273484063707093
0.570224018782525,0.712405188944812,2.07597950731982,0.802781032306227,200,2.09310860599354,-0.373845044747085
0.382247724688317,0.403922371601655,3.72040461145477,0.367992032909587,200,2.4790113526677,-0.249355470188277
0.51529243755741,0.719202638819503,22.4051267004289,0.912290627358869,164.294365119325,0.905758888804132,-1.56936985420927
0.367433192784743,0.466154482532172,9.759920602234,0.772019686973134,200,1.76389317112283,-0.432327613624787
0.553151663273457,0.581510732688557,6.87957085651392,0.304218313033336,200,2.35476393509495,-0.277467619321903
0.640042273828007,0.83632699498237,14.6814870020285,0.988912530959661,69.4883177803982,0.716275774871381,-2.332312865542
0.881696466434522,0.327389901305479,9.21695013451195,0.6782848593398,200,1.55329303853799,-0.661097682947946
0.437719919010399,0.16827224140104,2.84075838894037,0.819649533019285,200,2.27270078213202,-0.301363254900125
0.231091188684176,0.381097896049478,26.8229517788675,0.536970268427681,200,2.11268435387495,-0.296322207493339
0.692537340627502,0.107481080268269,5.0790953146471,0.349909295720188,200,2.39375014471525,-0.278335424476392
0.242600913628796,0.920558963607492,6.10170499561526,0.865614535271244,200,1.3802072505114,-0.7075331519125
0.419536546146714,0.418066310465767,37.6401694175063,0.310013393135788,200,2.28269639902149,-0.271860189116558
0.54413788812658,0.529078477598354,18.407803888888,0.725473795473211,200,1.47359425839357,-0.607133719032527
0.674414267389903,0.908336627844837,2.03224398963917,0.459827641939426,200,2.36088073139442,-0.29663855735156
0.510869278727666,0.0291298932413842,15.1873833863569,0.808892779807979,200,1.8469605033673,-0.390916910260256
0.436026210009268,0.148862393883856,8.17053046926092,0.86931960976442,200,1.93147375394798,-0.372250764404041
0.578257338019717,0.860961807874315,22.6036686403392,0.838629535957092,154.297066118666,0.900195180583446,-1.62370538847876
0.891839278959723,0.342345959207039,4.26831309524628,0.633364273001843,200,1.91874181105489,-0.464073251258553
0.75820368630841,0.556848501617562,16.6739961164362,0.607371902990714,200,1.55940841920279,-0.609012050578436
0.318467029741484,0.65220725176535,30.9257975465748,0.948455550144659,200,0.991101035506991,-1.24163761239849
0.213701621083325,0.181894693182063,4.11377941343381,0.35702516835595,200,2.61883892818815,-0.219219277091093
0.401753648045504,0.374840495590555,9.90948436634993,0.598962600481945,200,2.03920513350597,-0.33908348490361
0.751692971369547,0.0980939628705305,2.48280325498259,0.351319408764341,200,2.49866587828591,-0.260951866003167
0.628791990002159,0.537172452846204,14.3138251613443,0.747683810345184,200,1.42335406826683,-0.677933472014855
0.568598572264138,0.143330285534445,5.57983105304434,0.744345355129739,200,2.01236692323801,-0.371882961682623
0.45919310223818,0.179708026305962,5.71679453031066,0.474528191031974,200,2.35610201171851,-0.27217194672722
0.779360563745303,0.832009362202347,8.64282120663843,0.424244333423441,200,2.00222689720399,-0.403758764569471
0.521830541820995,0.222319216620468,11.7826748915711,0.74486623394199,200,1.80565992765814,-0.422151275586076
0.39802536256779,0.40123035414749,15.6787421458985,0.754222466378123,200,1.70993560233695,-0.443099348359876
0.522043066368547,0.00718289103502563,2.55027128273167,0.82229339460119,200,2.30984854862594,-0.296700210560313
0.875745146260271,0.335316743203823,2.60981697538546,0.811044825373668,200,1.93843661036782,-0.457675477773723
0.696713092299496,0.328040550940457,13.0988669799093,0.552685514431361,200,1.84227828906663,-0.441564812755505
0.474507943413585,0.694842188904376,5.93914473417251,0.754620104907569,200,1.70729484810952,-0.495336771399827
0.531782628808706,0.114489231307727,16.7681300254611,0.932572187249875,200,1.54978654558237,-0.52555430468725
0.705512707202913,0.656006107980087,38.036301140681,0.587791880795251,200,1.45494138224569,-0.660636072584795
0.727304421605457,0.500316729180852,36.2962141131861,0.649116639425792,200,1.37791529940529,-0.732603586110666
0.519800774580357,0.765626614120273,20.2208400982235,0.801302268383124,200,1.11727726995326,-1.05267391659631
0.704997922372981,0.381854512986762,10.4306711437205,0.356555297252691,200,2.20208940917262,-0.323893624296941
0.58640471253541,0.882825672958124,9.99670335691469,0.527010191484603,200,1.77733776084214,-0.464615612410954
0.462820844635445,0.41612559383463,8.06599765554547,0.640972820904688,200,1.95833580686922,-0.37464946374577
0.407107640745972,0.326426798927217,25.4503772318122,0.75324414278594,200,1.69736971641644,-0.435720811186547
0.476493573530523,0.318662131507027,15.7460746767078,0.74298823833218,200,1.71905232448658,-0.447156930860397
0.85491098660344,0.301253613877661,3.30633299045223,0.910738052517315,200,1.71741096270651,-0.562015343948951
0.299822101194738,0.911102741190764,16.032431788417,0.724988190828822,200,1.25383250343677,-0.802366121616332
0.71371102446091,0.387484865936187,16.9448055660731,0.873675486604078,200,1.14434420293423,-1.0530956181988
0.764414147034738,0.399725032966856,37.992363788069,0.49708600686021,200,1.71494313714001,-0.506779446524174
0.785898995966627,0.37751150637314,6.66552899150223,0.82486310495617,200,1.51216754025307,-0.668075857323148
0.364391827463234,0.468896523914874,2.57292950932143,0.522893804541075,200,2.40660248321994,-0.26926451628161
0.355646651818751,0.532577837375,5.42575591444329,0.730753136810521,200,1.95179360191481,-0.380051245097514
0.716497238796771,0.719526101942322,18.3124274354106,0.516597547500542,200,1.69523014513182,-0.51682598522993
0.704052871753267,0.661850867632994,11.295829639149,0.338974481197982,200,2.16112285318412,-0.336224216851494
0.6596994331149,0.0121781722386678,3.44470965788842,0.983135865099906,200,1.91956050579264,-0.427113554115369
0.711048587741074,0.811402652443503,32.3074554264842,0.372340945595107,200,1.92010660934508,-0.4100086285942
0.406544686167299,0.903194328522709,5.47641061926595,0.529345580409964,200,1.96832771844716,-0.38263425517869
0.439180574723139,0.650320310611825,17.3572261539418,0.896279097878258,200,1.13719581431144,-0.990453814494379
0.612962842557246,0.45074224319392,17.4611329525849,0.681692131997924,200,1.56199472982427,-0.56164590518525
0.552803259843277,0.543467591790696,34.7942663282448,0.812706894699205,200,1.16474165581994,-0.936789685310133
0.781239916122938,0.545779847029511,10.243107528041,0.332278438530366,200,2.18897569824656,-0.337892012400041
0.819901867626778,0.785679172888123,22.6751908434161,0.578806898471015,200,1.46267103833819,-0.704015187328472
0.769288195905493,0.435115169741019,4.24044555563892,0.590253568808478,200,2.03444019546463,-0.398133885952405
0.628966289654188,0.580036736441497,27.4481740803064,0.89072378990474,200,0.945050161187254,-1.47463674969057
0.229598701653342,0.342046657285455,5.92601250773799,0.68490894662349,200,2.22182074938456,-0.29169475134274
0.441300986839994,0.901234429616318,18.2819773298423,0.953126663295544,69.6851576749202,0.701161909005187,-2.29108444801525
0.33752347078609,0.126923073560151,14.4567734136615,0.330670036150732,200,2.49569812618787,-0.234074484290151
0.343480265137949,0.563251042999847,19.8209943171433,0.531014018951496,200,1.91030805533798,-0.36360238849904
0.365266055687827,0.630178501765139,2.14057826634235,0.70539328245925,200,2.24874112395538,-0.313628135772187
0.671089189367532,0.307599497147036,6.85026809272199,0.952974995351125,200,1.46119448121745,-0.673261338379257
0.662099500071638,0.188681289770151,3.0349734498907,0.682918737856927,200,2.17711744305958,-0.342415560330385
0.673623234709593,0.477636162283167,3.38170069051289,0.380505927808334,200,2.38246170413619,-0.28477667668521
0.229144988829565,0.0854714409177075,19.1985013449765,0.947913149754206,200,2.14851970089255,-0.285208350789275
0.849268024426598,0.944422851880407,4.68816678626399,0.456234375980256,200,2.09468339713474,-0.386537539711932
0.820440505133662,0.023508779393218,38.7535478827493,0.98177045801552,71.1366957482374,0.730788553110671,-2.31538182479106
0.34651541067507,0.733512208414605,22.8764337306353,0.936953946091173,200,0.934943343275762,-1.43035254223562
0.303493680104675,0.661396195015928,2.25476804739165,0.686433333675509,200,2.24661653858692,-0.310945440311023
0.484855331413999,0.768772038385423,2.67403972539196,0.974570531804091,200,1.79043203280522,-0.485905241941592
0.244057185969494,0.652933753393179,5.53032490912174,0.845409943061415,200,1.75437756223795,-0.451671420197407
0.567449810558775,0.563874501038067,5.79954229632635,0.407222223649609,200,2.23929019898458,-0.309039519655196
0.408632126501404,0.85269784774225,36.4329968908833,0.7212792056737,200,1.12791241145617,-0.98341162984801
0.463971270610245,0.481931873092928,5.87832870223485,0.949966851215654,200,1.62068092370266,-0.535508079308989
0.472881333032926,0.68373860655165,7.17076499784896,0.812142456429491,200,1.5499448089479,-0.580067493290087
0.211898914716571,0.72854717365629,25.6314542751946,0.396519752561006,200,2.0422047923051,-0.315159355117831
0.731736839062736,0.926152086967847,3.24917580263568,0.859982487070366,200,1.69499680039281,-0.559107564840354
0.600583859838328,0.849918602983673,35.8605674544185,0.65528020151554,200,1.23851822129361,-0.865594646766774
0.503628845270257,0.488545529796462,32.4601606235105,0.499635643460594,200,1.86733731811821,-0.389264620966759
0.652144253998607,0.478783096717042,8.95976778639108,0.469748814386277,200,2.04138272939888,-0.368653722774452
0.404011003770532,0.844828156708425,32.421110033861,0.635746420918343,200,1.35231491422521,-0.680958686759314
0.255068779057839,0.2496205868112,8.78454135203693,0.870978618621943,200,2.04670755975584,-0.325852518861131
0.756393940554955,0.461573110946291,2.79539256620531,0.523742687234096,200,2.25478977111524,-0.328231138904664
0.442904235035561,0.580854748282465,8.50096044523212,0.814031057403586,200,1.58333983829629,-0.543024481166969
0.268599274831475,0.20563417221846,3.65956653771753,0.926297679489253,200,2.2632141147824,-0.291356904717894
0.525693416453704,0.922696358732887,13.4918967793566,0.635064308599864,200,1.45677532401635,-0.642273678244731
0.305785377655279,0.355499648806488,4.22287543785941,0.45418191150624,200,2.43057056605803,-0.255258744600473
0.311601606200278,0.325668898352988,9.32439403719754,0.786685419287983,200,1.95813847497,-0.355143018636411
0.702137214756353,0.271155179766461,3.50120305308797,0.442353244614058,200,2.33264793808101,-0.298876128927407
0.36927215635643,0.25253857903588,19.4929800748582,0.577915898921993,200,2.08593332942565,-0.312279316366357
0.571801881737068,0.430524316384946,20.1587492438606,0.300926649124067,200,2.26731031972549,-0.289229899139313
0.341782015676082,0.877710709982668,13.2004518894544,0.615730935284922,200,1.56338505847231,-0.533874417064462
0.429790620112993,0.76265983772915,3.07638067244874,0.868475282494103,200,1.84513923196257,-0.450748475268403
0.546827104528481,0.171121907184808,4.93834464975601,0.323871447303162,200,2.48196849553139,-0.251166134680859
0.775117114811701,0.633267392938848,13.0419462461227,0.499757930006374,200,1.80265151937135,-0.480461227158078
0.483157983560356,0.418436442945878,7.25373683396504,0.790910635992659,200,1.77568271757524,-0.449385532562695
0.29514764525448,0.121333143001139,14.2790746422598,0.931844884596517,200,2.01523408194694,-0.322804286213523
0.426320099969922,0.624144206815927,4.25193857949716,0.939279211021603,200,1.69632442801332,-0.507593159633092
0.427828544180902,0.363176887861364,5.02247377782588,0.320128754147546,200,2.47757071367644,-0.248056978375381
0.208238140921908,0.191232519398665,11.9959319007924,0.507458052016298,200,2.41541131673872,-0.24411218351985
0.789268511073159,0.128946876985793,23.685015716767,0.658113061788282,200,1.50123867846596,-0.646883671506938
0.335101614411998,0.646302437346766,17.1966134517541,0.694981328139617,200,1.57742886062254,-0.508488007403765
0.324624711818729,0.247292428353305,2.11005464076264,0.711246883150508,200,2.44903185026746,-0.260334781568991
0.328702790815135,0.67154669065418,12.8682388203551,0.303207273225758,200,2.29136808907116,-0.273057183198239
0.839431105987394,0.81557563808539,4.40790878076253,0.697188733584899,200,1.77018870941984,-0.527685589673394
0.741784859497791,0.821625686836825,29.6098085019625,0.608024313050384,200,1.35853782258622,-0.771650365254599
0.344349181142752,0.631629695701754,11.6256931486216,0.33874264561208,200,2.25937329444512,-0.281397958991072
0.540635859082274,0.73710773069687,4.29479025551549,0.956357149264682,200,1.53333280266061,-0.626175536913628
0.426431135134019,0.56182379147157,5.28699717916816,0.878847009599007,200,1.71632280112308,-0.486321308694142
0.578687839760135,0.617664009026543,10.0888449974832,0.885165050822582,200,1.27800139910308,-0.836777205963827
0.658593859503279,0.600071952177735,14.3537301054798,0.632848954089358,200,1.58542907184936,-0.568060924553101
0.207954980633144,0.758546748511617,5.11707779994326,0.710591190591346,200,1.86728055794817,-0.405867906438022
0.574509256507037,0.0643827581918837,35.1609566471653,0.319580102350827,200,2.31886264705142,-0.273425261887612
0.263001812819586,0.376934911688631,3.44159280495318,0.391749568533183,200,2.51979197099839,-0.239079315063853
0.422557808078329,0.583748977981368,6.24903235837354,0.572038001262001,200,2.03859155153685,-0.353913654778199
0.761858122244384,0.793829525427703,31.8051880447064,0.457973338519821,200,1.7114133054683,-0.514943681034599
0.327206179563903,0.19589046119857,30.672296199244,0.823192144946544,200,1.86018589053922,-0.359427802689345
0.438459562284104,0.38028934573223,23.4033066597582,0.496621707583157,200,2.02180395335478,-0.335325337956751
0.251563426280549,0.217251201888081,3.21476506396125,0.669406381075798,200,2.44405737249025,-0.253776501854481
0.367119609229616,0.484263713117138,22.192297563448,0.777311516098259,200,1.54595629956553,-0.516246459501199
0.329974827408775,0.0926713329153097,16.8869596226268,0.555246228159258,200,2.30568377977766,-0.263702762615569
0.822928000182658,0.676367661040796,7.81265413936393,0.376510500866695,200,2.12938757692972,-0.365460537975756
0.493162405403114,0.847754665065588,5.49880892611379,0.756883600211423,200,1.63055189834998,-0.54684100996184
0.43847378991493,0.599518145335617,17.436828127702,0.671700730567503,200,1.59972651418741,-0.509393951982252
0.853003491723817,0.690350881327549,19.0455481043058,0.97104682391459,54.0032002399273,0.62499481759164,-2.82030273255418
0.454654549904726,0.601229094355581,3.81906625670492,0.422404604804004,200,2.33414257607337,-0.284630526650613
0.374701366910983,0.539608175040956,12.1050786704553,0.6534184228939,200,1.80482647591589,-0.412834075652982
0.610669056214858,0.306264003194612,3.15267974996773,0.413613770967862,200,2.41579527751353,-0.273520846803356
0.418759090700032,0.545956446286927,37.372607228677,0.419076810308406,200,2.01912464796179,-0.332867367213112
0.649206382407411,0.596099454688362,22.9016156682201,0.96455834581318,93.2925466373052,0.803660795062016,-1.95611947232197
0.317868783503344,0.664653756964273,2.94722424602699,0.567650817968735,200,2.25974214349172,-0.302299464615837
0.301556202780758,0.140884380306455,2.62723923542775,0.535294470385408,200,2.55688210829373,-0.234682999735205
0.481451920626227,0.0914347601067352,5.18406279978613,0.438595290708301,200,2.42630233588055,-0.259072449510101
0.801163811354502,0.165317851227087,3.20607766751721,0.381538552839837,200,2.39085962148411,-0.290222550580593
0.7150717680208,0.628091025346556,8.17948293365011,0.913596155776798,200,1.22357449565218,-0.963260425304876
0.297713732041294,0.739466402201762,10.1429091239178,0.511960768792227,200,1.94498006300489,-0.36382510399141
0.614713000517401,0.651311555627695,7.49471698735322,0.362847970265336,200,2.21548801262406,-0.316208476634643
0.500302825502221,0.736767456827181,21.8390657558636,0.551204369278151,200,1.65681599088186,-0.48922622073258
0.65819614851994,0.734176359207482,24.1367061722318,0.61496030292927,200,1.4448642417049,-0.663402711014003
0.271620317604214,0.263162167345973,9.23778090735789,0.872356665899892,200,1.99524175399119,-0.339919240432469
0.297323524506359,0.184740232597652,12.2021970678086,0.810143173231596,200,2.060602378799,-0.317115981747656
0.51602112224778,0.352682401130465,9.74815997253985,0.538752848825689,200,2.05279488582791,-0.34609482376294
0.380670823460856,0.337202310382198,18.6900507766744,0.939642025729346,200,1.50735420070331,-0.535199072649399
0.306706689451286,0.205080392566603,24.2344228491733,0.717962284013582,200,2.02183996556491,-0.318746936119106
0.200862495303565,0.115073867826917,6.92103796128815,0.994494076985943,200,2.27322303879064,-0.273580253549265
0.874368507923496,0.685056553657388,22.3343233441157,0.367021979163044,200,1.95761998703403,-0.432073319269718
0.661324994016276,0.801036181333257,4.01565851382985,0.790314894821355,200,1.72533082134902,-0.525368603263316
0.485694626698635,0.886965879410699,15.983621693124,0.842973339279097,200,0.994001634698828,-1.3478146268824
0.619107484975023,0.374272644711134,9.19451422987012,0.457686446828931,200,2.10791938114004,-0.34252022710767
0.28334779881589,0.019283984976778,16.7219941493179,0.766825590157098,200,2.28310775743203,-0.263707327301505
0.719293972294343,0.226603421339206,3.94565153390585,0.716771454876452,200,1.99064402686164,-0.407813977292201
0.879827002140515,0.395650248797455,24.7793863003306,0.872055468546514,96.4916424128099,0.829417851501634,-2.012220380162
0.707834990978676,0.692499766652488,12.4038823003546,0.842829675264781,200,1.1448146562744,-1.08058154199317
0.549326408753777,0.319300198939264,13.3797587874082,0.815622799713242,200,1.56142337312649,-0.546604556136825
0.285395244763667,0.879422351853266,22.0453370946203,0.859102973946184,185.825715624969,0.917443394127745,-1.48320539317359
0.886059616969316,0.791394765292484,17.7382117702187,0.379183955518855,200,1.9464238983341,-0.440986953237107
0.240642804384992,0.202806334955354,13.0808462866619,0.662928495423915,200,2.23405988938807,-0.276328158897094
0.428537549209789,0.55414303191395,6.09399021443615,0.702234365432143,200,1.89002551401545,-0.40558787120037
0.811194306141611,0.184584242140971,3.88251303794061,0.34009743043785,200,2.3921947484247,-0.289244103975491
0.321916469617801,0.419172519322807,27.5043883697369,0.337685566336483,200,2.30081361941215,-0.264432620796779
0.795915052821968,0.164446637879359,5.45160381569812,0.691969246545224,200,1.84379040726816,-0.475256824997806
0.600686863598864,0.586730561057758,26.705816292975,0.809450555082962,200,1.13895830758692,-1.01264020562402
0.374522555575636,0.135559694964474,19.0246179415496,0.983703672370485,200,1.7440435289236,-0.405111854711938
0.802947265831754,0.248771773633679,12.6267903844956,0.864578958361379,200,1.20452828313702,-0.99851430432124
0.689522953970699,0.680753255288931,12.0572951208381,0.318567009210905,200,2.18987136116987,-0.325681697248406
0.523407143145039,0.896127112443295,29.4046250849525,0.730033580449449,200,1.07528183030882,-1.1332860052059
0.892980978327501,0.247781457803775,11.0198771301201,0.312942439762992,200,2.20153437720434,-0.349300144078042
0.396929686064242,0.448743845699883,16.8369701814818,0.850820455964717,200,1.49799990665699,-0.556809365970855
0.583616546053533,0.533804094548349,6.91678404916673,0.349188815351102,200,2.29134077764516,-0.294401920540836
0.355017012753407,0.0756912326591128,9.27206936378761,0.697908993359135,200,2.2406597353469,-0.282808604549454
0.785290635034582,0.375659984742171,4.33299383692468,0.701248843994271,200,1.883749914562,-0.460965453796861
0.432481194008856,0.567413465423416,13.7940449914267,0.601044082775689,200,1.80170968885541,-0.41860300160895
0.338390686142095,0.706702078448822,21.3914529786163,0.441361327591042,200,1.95515548323826,-0.350644883586374
0.612058708507242,0.133848077304941,3.93453671754038,0.96298335995432,200,1.87793258720831,-0.435670204123478
0.219037934400607,0.155468468253699,5.31693653552077,0.372749021321481,200,2.59702995503648,-0.221202204729492
0.548231962207294,0.351403515799961,34.157430368965,0.575727926030608,200,1.77573778323407,-0.42589689647869
0.689682274918887,0.0894747481194752,2.26399473850559,0.348599220774268,200,2.53970156096401,-0.249263518232132
0.385468440713159,0.277464189048224,3.56262564246891,0.922977103905892,200,2.09734867821835,-0.343074410427961
0.55599966414473,0.94767209690486,12.7294610544289,0.660111260293502,200,1.40186925336213,-0.699791802384488
0.829815847315189,0.576393603458609,22.5099323297717,0.715885557349065,200,1.20364462053166,-1.01051773198088
0.281138739755866,0.289471386111745,4.62325519407363,0.579784932212857,200,2.36354290804837,-0.266556369896387
0.35458004916301,0.405065373488438,11.2340178944458,0.914764958271477,200,1.61458263553357,-0.493163557953596
0.76485248396236,0.138973457461995,4.7653599010681,0.63441182063218,200,2.00453228378848,-0.405061942647375
0.636932243856974,0.295799339690292,6.94984694977484,0.600731625387453,200,1.9856470896594,-0.38770665114985
0.576732342945567,0.874818044286019,6.48325410654212,0.898169795332624,200,1.28149453354656,-0.866631294965622
0.517212652071721,0.706294818868426,6.633114789355,0.388393603471822,200,2.20493602209327,-0.313296879923827
0.257847750831062,0.547270581393638,4.86489455818744,0.901386896222069,200,1.84900303819763,-0.41523637596942
0.63179112809489,0.34549336331602,2.96108987007082,0.599720681036318,200,2.23647813000915,-0.323561399045157
0.411855595439517,0.521597870638381,35.004262105246,0.919939407373491,200,1.12741898446834,-0.950068621091972
0.623576351555933,0.000875472703354899,5.95016867434471,0.563251937350243,200,2.19712801178735,-0.320425599402617
0.796067084989239,0.235670490411774,22.953629774557,0.80845447414096,200,1.15530770914318,-1.06128196754723
0.550787529272392,0.00135771830316711,11.9330422350833,0.797429722458411,200,1.86320725442662,-0.396522513231188
0.666450997195362,0.782913879743715,6.82899890265068,0.483576539192745,200,1.98804113476557,-0.396155845044269
0.454047843056048,0.73513985585268,36.908783475168,0.65763450603513,200,1.37095293204371,-0.665552889086134
0.463184431068778,0.575993436747902,5.94253833206478,0.99305151308182,200,1.47522921530016,-0.63834185048523
0.400926456383367,0.34009909536175,7.20261429486249,0.776701447227038,200,1.9336615024277,-0.377646939691708
0.866388241649194,0.446952138544103,27.1346926577792,0.476252651434966,200,1.71676686263038,-0.541957476061671
0.710767653625505,0.703925109837534,19.5118828893331,0.440582868076543,200,1.85553584049502,-0.438932991581656
0.515840954131517,0.528612777246962,7.58003359145702,0.738021967049719,200,1.72949539753494,-0.477033056835443
0.273031624524,0.433219342562673,9.03793887556622,0.646439143833929,200,2.04843567562733,-0.329800380209208
0.835553355571891,0.21900295265769,6.69068994530094,0.73914414480483,200,1.63879046541554,-0.591937078360704
0.2727128897571,0.581221884692876,10.2896274973322,0.561241643507957,200,1.99966723205314,-0.342887519876908
0.288391531246831,0.731061348345623,8.81502370195198,0.844434679877595,200,1.45324397769471,-0.618101096472177
0.302736293383416,0.807188041999397,2.1303446479617,0.690021334791044,200,2.19108882994337,-0.328873391428339
0.50092861173437,0.593500192013511,2.4623598072376,0.62839961309395,200,2.24239844765034,-0.318518262244099
0.80639816007022,0.1451475177868,4.08831665172503,0.831920181667153,200,1.77952268930876,-0.5137833409254
0.828442024758574,0.48955865802451,3.88043244574858,0.31222756649799,200,2.39642404810215,-0.289581195263163
0.478448415316393,0.486858000933457,15.6354683907438,0.636192631651624,200,1.74791576306663,-0.442036673998649
0.466573816509933,0.53992183976454,22.9802965381088,0.628701139967353,200,1.65895129459428,-0.47471917586834
0.534707914175473,0.389486875124151,2.31711317777605,0.896556371710395,200,2.1093949848331,-0.361378396102718
0.48364619865707,0.5988273193708,2.31136333663751,0.925560813006308,200,2.01051085743112,-0.394732000062606
0.457538699191684,0.195069380957218,8.25135064066879,0.619462909950231,200,2.12926151084743,-0.319795365434983
0.717917698296517,0.924871095071248,2.76153380363782,0.687008285043645,200,1.99609295512085,-0.416582662459417
0.685223332104653,0.471468960102535,4.88987989804398,0.666204129904935,200,1.91620289316439,-0.430276504144069
0.400149464809817,0.426301739289002,4.38709942535583,0.703847146545855,200,2.10141131053652,-0.339808603084334
0.524966496127394,0.812440368769318,10.2309510654398,0.960042672342566,200,0.999481505335094,-1.37306504078809
0.743226743659525,0.666605006032018,3.51306457681174,0.630561407034425,200,2.01517169750756,-0.406384964330443
0.499644936497083,0.277003348853916,4.61143633411225,0.902543845110348,200,1.906309409563,-0.409032286661056
0.3233263493062,0.288820265490535,17.4961210794866,0.456349075367209,200,2.25832459107266,-0.274227148148143
0.317042659099105,0.541983915065109,29.5395079392022,0.891534256809236,200,1.27737147920562,-0.723130186043541
0.441790822939132,0.772738001797445,6.22856830127117,0.956472299238356,200,1.33101026632302,-0.779932657850448
0.63127465075991,0.554492451428591,2.941477837639,0.888333019269941,200,1.87922984319635,-0.452737345274661
0.464281419703062,0.0535992129838094,4.49903033917601,0.581879555231193,200,2.36392087218965,-0.272747322224075
0.43501302623786,0.471528128362897,5.55520862820614,0.9455400650959,200,1.68543783239173,-0.498113832843208
0.419667706414995,0.53782392619135,12.8462841347516,0.800195738581063,200,1.52839032142221,-0.555898943493127
0.625520729047852,0.357658790235741,18.9452214973898,0.43822811620112,200,2.02484307539647,-0.359315442184422
0.575687233278636,0.668365029809453,23.1350536504246,0.581187059128447,200,1.59728822749751,-0.533736319794055
0.798397150749248,0.261259103472151,24.0263861202226,0.82310204052877,200,1.10104605047502,-1.16759649261287
0.889044705379529,0.650741038011612,7.62941082484335,0.673931455669443,200,1.57876648839569,-0.648970600017532
0.324250577482286,0.542829022589264,37.8172012143843,0.548569569164903,200,1.83749135635681,-0.376533389553188
0.239665654425657,0.652519302852654,8.4935454567903,0.783467937743788,200,1.67682898635627,-0.470110937327044
0.349686382017626,0.0879653769753524,2.33187520305479,0.441531626948986,200,2.61176644719819,-0.225880945587806
0.647065820111893,0.711660173854635,6.30332689168642,0.783874891209013,200,1.5572686268907,-0.610535718525138
0.748044026580919,0.443558250114302,11.5247034649332,0.568652002793946,200,1.76608941401496,-0.491277881651576
0.36842754547856,0.300951871136223,26.9272669887001,0.9536836069831,200,1.4913950412799,-0.528620917646181
0.62750748585974,0.553473496518633,13.2531960580944,0.533081038090517,200,1.83021170517562,-0.437065895528555
0.337978472026748,0.0159194913020086,2.06417397803872,0.525065235288635,200,2.62279659024989,-0.224244265365964
0.394696826119185,0.0108997888365411,18.4866415960469,0.652241777651687,200,2.19457223752659,-0.286001261831508
0.848820640047376,0.463128986853148,28.0878389484517,0.878296844113261,88.0130742109675,0.803207261248892,-2.0795314281585
0.346772987906953,0.526897790937498,4.19824055281651,0.722426304344429,200,2.05927308240239,-0.351576996264155
0.775989669764034,0.433948997359106,8.34440848365921,0.528931516718911,200,1.90659302090059,-0.439116838632358
0.405998952233248,0.752415266538904,5.15154100285618,0.681346398515091,200,1.85406435113586,-0.426448872287047
0.471486789330274,0.64146775272326,5.21626409923855,0.650522941182678,200,1.93804364701626,-0.397752750340545
0.431493251853242,0.226762270375469,33.1274419942893,0.788039621435672,200,1.69135892089641,-0.43175570444774
0.835202147050637,0.508369389173419,17.2905952700782,0.346779019408285,200,2.06954539459861,-0.381802958186555
0.852444211267765,0.227074872773389,7.12347113996304,0.789543107135726,200,1.51057366488376,-0.686907412800628
0.312882891460027,0.624251387439602,8.80046481595799,0.305268319998185,200,2.35898330787552,-0.262368070914393
0.680281101222538,0.460133446554339,8.57330339845691,0.944734604571015,200,1.26985329221749,-0.875620455793537
0.238598347722809,0.750413439538512,4.39909589390628,0.862255217331252,200,1.73763653699701,-0.471373276901844
0.272302649802598,0.907428633622002,18.174628611283,0.907510805351528,107.760261727346,0.829815819000849,-1.77822176809862
0.737729205117646,0.524662466611395,3.10965443259868,0.782594977658195,200,1.92452028964064,-0.443750758004607
0.867436266073235,0.00105117558024746,4.65512363520765,0.605583064710807,200,1.98217797963599,-0.430782574888406
0.80687306207756,0.854444276109788,35.9824059135283,0.590597522905034,200,1.34508582142353,-0.810003552127596
0.77680958664096,0.3500111152075,15.7297130077526,0.860740185355333,200,1.13178422071506,-1.11010174170346
0.350932843155623,0.822599761547513,23.8073972758686,0.35562836276424,200,2.04219502647384,-0.327252925694942
0.732651501378595,0.376392929766304,35.5424817222129,0.963777816106123,80.724614199687,0.763489950717078,-2.11925033166017
0.56536063760467,0.640432009028814,3.91991163786716,0.777414087533982,200,1.85562429082721,-0.448845549318542
0.20548454037765,0.865413857500926,3.34361643545305,0.903433102683909,200,1.72650506323742,-0.489519398821779
0.20506785845131,0.907598367363234,17.7767186665333,0.444569481855786,200,1.84890128018197,-0.377563284082296
0.864418620865544,0.747544946609814,11.141106636523,0.327499810977241,200,2.13956075770935,-0.365948400139886
0.795280151364991,0.304395870744744,14.2482415301409,0.637028010943245,200,1.58755253232898,-0.600072891480957
0.531016335224135,0.21932421268756,28.6607834594935,0.699434087077427,200,1.7041041697529,-0.447840409438846
0.854438837581299,0.794943247631541,4.62076794703419,0.836894309111824,200,1.53592611821401,-0.679778031149225
0.405255990053581,0.745880713990307,2.4151009816182,0.827225142055548,200,2.02425309135352,-0.385028488418685
0.656191422742031,0.683350957091428,12.8981775346125,0.608250228857668,200,1.62248100304544,-0.549320038780019
0.264246295676675,0.214688891152382,33.4100164913961,0.730500589362276,200,2.02753206000942,-0.311806927958442
0.837886832854462,0.921069028401844,29.9904366621537,0.697126769794337,200,1.08575839394351,-1.24082702364258
0.8534249136085,0.686986786871772,4.4236836821307,0.990415383065469,200,1.35603302091528,-0.84866256526611
0.460429408450192,0.156326660588981,24.4139854002273,0.770040825284606,200,1.78367936433089,-0.402445738601689
0.227527015230549,0.621373178530124,3.24424763703685,0.577639431021774,200,2.26885168434317,-0.294315996490806
0.793519080336136,0.865539122154261,20.2410505506131,0.659514067443212,200,1.28327980406487,-0.887239126292966
0.271647488149752,0.480902219670056,3.48880394701767,0.853872291759456,200,2.08038863761881,-0.345590342735471
0.232019149224142,0.840025800997935,6.25340977166103,0.467630105273736,200,2.08154782027275,-0.330320542104774
0.51568293696257,0.921681967439883,28.7892957956302,0.435394288799873,200,1.7645206780545,-0.44089763634332
0.585319804146381,0.0113686972171146,28.8586065346381,0.364223610022206,200,2.27254365895852,-0.284259303514437
0.254518161075229,0.200475522044829,7.09189109273619,0.856293659075978,200,2.16740575332771,-0.299653622337805
0.226810663385604,0.550797308858127,7.64589340104935,0.905168690279273,200,1.68620186161093,-0.466047616829309
0.477359043680776,0.835729499838637,2.31373646292635,0.903047782695658,200,1.91029936619548,-0.436187118004291
0.247884418175688,0.611208075130525,22.3474647656408,0.806692227007806,200,1.43081582497245,-0.583642893590942
0.875715612195114,0.507297282995163,20.5928203273215,0.444988141607501,200,1.81208066092058,-0.49738229502052
0.386817643018044,0.446572458589795,5.8513599527499,0.596814250820642,200,2.12698025917885,-0.325333308125941
0.26257572064423,0.828502692197675,12.2004003017049,0.892720689669236,200,1.12365252692503,-1.01990536725359
0.322800444727096,0.930044091379836,2.68615856884597,0.803715849860074,200,1.89811673969163,-0.427182212035831
0.4780390822493,0.854809238041379,11.607671941208,0.748326449996823,200,1.3315802262399,-0.7555648036136
0.730941282075923,0.0751833988891759,31.1625547116887,0.75728681989961,200,1.37861219079711,-0.713842118013977
0.602723754926577,0.7464606015458,6.91044390672489,0.539913746357492,200,1.91678900926071,-0.414418429854884
0.311143447086068,0.881188188765664,2.83727389421807,0.354302696670553,200,2.40920522722456,-0.266601720111684
0.587966344211732,0.496153044096586,3.64290336123679,0.479972238704034,200,2.27536864832338,-0.307246999857561
0.542900112973837,0.385090009536536,4.30442811803731,0.753837651914599,200,1.98563652837457,-0.38889989391603
0.671366019430896,0.130820590165455,34.1819758967329,0.932883184798318,200,1.11775356088861,-1.02352533891192
0.822064963589717,0.510606693279429,14.8388225126753,0.95194884875894,107.4466014575,0.850585421060717,-1.91792193118054
0.650248697107619,0.247432269912547,12.5736597033698,0.622276217040691,200,1.81091340318518,-0.443844176289224
0.574012178887528,0.943967710652901,17.9045003364668,0.866467709900835,105.968214200378,0.836185420283038,-1.85414840412327
0.695333815436244,0.0575168791928484,3.5064283803085,0.303971366222614,200,2.5103833834802,-0.253488928922883
0.831050125867369,0.18927650950662,18.5413789265808,0.63552116238325,200,1.52185415467726,-0.654250836378575
0.509442449650487,0.827166764804911,13.592563212378,0.80051854385212,200,1.18723892714177,-0.94949332057757
0.338711095935587,0.837863272864558,26.583422948598,0.941810664191718,78.0224288802376,0.732729851639939,-2.09512125648747
0.358584325432956,0.174561118899096,2.33771421289961,0.582652798245614,200,2.50803031226197,-0.246921726219052
0.756108357893862,0.42785651322271,27.7144905419211,0.947287649670872,85.7277371179149,0.786246226540912,-2.06774298941821
0.360404603853255,0.747709753487601,24.5331916942999,0.485677702857375,200,1.81282817967161,-0.398861492505829
0.327057376772592,0.8032010796089,5.29162979113899,0.720399357495946,200,1.77067074182581,-0.455531398072333
0.389244533305072,0.913128448580574,6.11731540109999,0.526310962290977,200,1.93249992854793,-0.39101901997264
0.492649191228952,0.549612956989002,5.39850128273179,0.358432547307659,200,2.34533419724567,-0.278940824539447
0.255759766593847,0.726494383006454,7.29140814437264,0.754466785921886,200,1.68469377599265,-0.475784310789789
0.327604700589172,0.623165114444843,2.20139804527791,0.906000171528927,200,2.09473573351415,-0.358404688089614
0.71473939308341,0.589215870596282,21.8772455353151,0.989453430173282,67.975670099773,0.706781713653392,-2.36551259231436
0.854070686240013,0.909670570020645,15.4603277442949,0.763582821508986,200,1.09721459093022,-1.23716083226708
0.647852353754182,0.269824577588704,4.32094574884561,0.36198580648799,200,2.39928058019837,-0.276168743569033
0.254628968763887,0.0270003534487293,4.88386266367744,0.376694791251871,200,2.64196157893898,-0.214973632752598
0.376409387949893,0.716328543939465,2.71474605800853,0.777970676293845,200,2.0423727795003,-0.373339532440226
0.34822615368343,0.206531104225281,4.36984072044568,0.525887621473723,200,2.42007809458749,-0.25758901742238
0.462022944944895,0.153038667061056,2.91984201820852,0.655394789690796,200,2.36354586264798,-0.279570517678325
0.669266479831111,0.0818480134132318,28.3522015449568,0.736548441902346,200,1.53253944249037,-0.56907004012791
0.547780189609885,0.830039514942743,8.68542328693633,0.343954180694534,200,2.18082395897752,-0.318983258390403
0.731484767042031,0.555982072819762,8.35567337228545,0.4095874964665,200,2.10365273259572,-0.360265925253569
0.899469464303739,0.544733741117339,6.18951146745226,0.373161937743728,200,2.17976051062183,-0.360814334426854
0.851185406134239,0.599280321145814,3.17855476725318,0.84818395095695,200,1.76712131720969,-0.535479079447313
0.425133056631335,0.450987332297179,22.8325295535814,0.837164296234104,200,1.42149339339125,-0.60772679533944
0.836644387860876,0.755865434669808,26.5522946598547,0.715611506001543,200,1.11247936120181,-1.18176978186818
0.584511623701376,0.925622294529943,4.36149191886824,0.368600914371192,200,2.26271625959106,-0.309415386674066
0.319258707966818,0.338298205599949,2.15121865182257,0.970427387939727,200,2.25375652428136,-0.308538565073313
0.786605343639082,0.120418274569019,3.40588818449918,0.539293470411655,200,2.21517355059082,-0.340078910045068
0.756810253391112,0.354530370820345,3.01379896020118,0.650740049815558,200,2.11246362324045,-0.373408009598864
0.680446774870072,0.430923171899429,12.2775227987232,0.593458439235816,200,1.75778973510156,-0.478523453655436
0.330706335428931,0.276054264105484,4.96642391270966,0.402384755743016,200,2.47277679969311,-0.245754528863517
0.699002972032906,0.337893730305768,15.9539851208199,0.36400528586867,200,2.14237398481192,-0.336112930294295
0.545346330396078,0.895848947612805,3.12060870350579,0.550393612826406,200,2.13050803479594,-0.352033977120976
0.78469475458373,0.134210608826795,3.21139312832462,0.47378811132616,200,2.30223501976895,-0.314111953027967
0.309559796519616,0.241144929725339,8.48194693433885,0.59254562143134,200,2.25475827567842,-0.281278133773146
0.851809600155994,0.488902930261858,15.3151581502865,0.407890485479489,200,1.95365943207753,-0.429838308097386
0.744117419424436,0.914617512437973,2.08250749419854,0.675349869549616,200,2.13542179691824,-0.3711461623166
0.326305882791818,0.208709513445556,16.0783093387914,0.814057951036957,200,1.93868091073828,-0.346949510291805
0.384620624571076,0.534845225628531,16.2898791118074,0.586238120568963,200,1.84868310247014,-0.391063960009495
0.837949837020164,0.27968852957096,2.92039833713749,0.494720614067349,200,2.26354894067097,-0.331358296977867
0.504987413936132,0.792209306761673,8.07082268406293,0.896813559452685,200,1.25374355537613,-0.874764344392779
0.421698034145636,0.457646243910041,3.9259045927912,0.342424320326645,200,2.46655294216156,-0.252716430439217
0.830496337710833,0.718699501264895,8.33627041583739,0.437864648745116,200,1.99442647331838,-0.415318468418476
0.422751932361505,0.782064401756883,4.26694565128294,0.554361844467853,200,2.07559720872477,-0.353450544374375
0.291814038921357,0.426097062833072,19.9717579123787,0.369153753321913,200,2.28808705676802,-0.267182386307454
0.221055432575677,0.491207835159338,2.73363184471827,0.323128422699644,200,2.57390264511085,-0.230392333242952
0.248226579598035,0.522444908706557,4.04543852597286,0.45383988592589,200,2.37923476192464,-0.265261692507387
0.531471292126016,0.0396923163194326,29.7120717008563,0.344969499115925,200,2.3336775543132,-0.267600082307002
0.281707883631997,0.736019022212399,10.6368282037925,0.311079790482111,200,2.28142256081213,-0.274981322343124
0.645015095550645,0.679917223383172,13.5415704771436,0.925100654323042,200,0.995464190165477,-1.39089251297643
0.6347694001809,0.0358794306199416,4.50969982570318,0.988087861231148,200,1.81584977685582,-0.458579548101964
0.46363767054819,0.616688246849598,6.83259632723401,0.977397792115575,200,1.3883443850211,-0.709508712432113
0.792092631679393,0.250987024061118,7.30513780953429,0.71856746388829,200,1.67318207468613,-0.5576383345669
0.633844949174455,0.645218840058994,31.379007563645,0.648596569143763,200,1.38891760087294,-0.696825877557578
0.86616470974111,0.756471332045353,3.74933286401897,0.836356804550664,200,1.65844807058372,-0.599781910564357
0.824735959882429,0.483199417531258,5.0676316802453,0.543738539260571,200,2.00186503744837,-0.416241292093635
0.621387072233056,0.31018888131098,21.6448005730997,0.896051451062372,200,1.21796420763407,-0.87296086350629
0.620277338809039,0.87988942042314,8.88889740618924,0.507027151600978,200,1.8455972036638,-0.441926398978215
0.588959820634747,0.0480399693689037,5.1898711069776,0.979799352043953,200,1.82599008921651,-0.441874978460273
0.455507192944076,0.514299518650642,6.78469343264708,0.578963313800516,200,2.03133044706608,-0.356179136019635
0.48087393914999,0.785471992236201,3.32451853098303,0.884737026384349,200,1.75730400844681,-0.494268344967802
0.808677420747707,0.493995845921691,3.32570840803793,0.687607467074716,200,1.9778965090308,-0.429231998709603
0.857122014937798,0.620241427252535,9.86851202518299,0.969275110756474,182.542006324184,0.930423856585783,-1.69363792731507
0.454997434865024,0.545433758277613,31.115681492254,0.612327427628365,200,1.65074681702201,-0.471736172286983
0.358243091199966,0.256801392247974,8.13048951453704,0.995939959038165,200,1.79940565288482,-0.414053710261756
0.487524503344127,0.0533998040272001,39.1249360948687,0.982318730110768,200,1.50930391581876,-0.506590969713507
0.45876555376853,0.888237843921621,8.23647737922873,0.607755913635809,200,1.69802011852821,-0.490510402416334
0.279171051347714,0.501383577198687,2.64898628958977,0.413972072085513,200,2.49544347003605,-0.247243094130029
0.718295184190571,0.932555059432153,2.50806171881156,0.98630537417441,200,1.7033709405162,-0.559011381864525
0.339819322886093,0.459428830654271,3.27794638822807,0.781962752070875,200,2.14091626204637,-0.332387096769372
0.488697807054858,0.67238357335206,4.85704720703154,0.854659973424665,200,1.66877134093038,-0.525201923987314
0.596340497358508,0.239560127634446,16.5117987447489,0.963589645698317,200,1.2731080229458,-0.791991688335757
0.794751244674468,0.649930999302216,13.4649445184075,0.885369800874071,200,0.993752136100598,-1.4603356081758
0.484246887962869,0.696265895425621,12.5905964093082,0.398751187876294,200,2.07646680804565,-0.336321963887338
0.587244132979261,0.662171017452337,21.9061903952643,0.807656045792096,200,1.13579776061174,-1.02755979434942
0.743798154661199,0.0778470905143302,12.6826859725951,0.449297323759754,200,2.06031613352008,-0.368212097080761
0.869407954965183,0.925326698873976,21.7734412307486,0.813423451593503,118.597028213187,0.871727327784907,-1.86714096831026
0.597287225749801,0.251809230571547,2.25719330032323,0.494288541302768,200,2.43817263974551,-0.270802595856552
0.459565093249572,0.604675061001819,8.91655916961766,0.601812996264803,200,1.86595767232114,-0.408337961969025
0.250643638441456,0.572317408731075,36.8445485931271,0.60078187026307,200,1.76531196594822,-0.394915564447772
0.855084643753308,0.613042243461179,38.4723640258822,0.872452597893821,63.9290075405643,0.696455881894776,-2.49125070367099
0.602202835845955,0.0781912109335962,6.74817105909114,0.345952608331681,200,2.40921204253603,-0.266442353116767
0.234090751642765,0.312108559894566,24.3201775041182,0.440881305671538,200,2.29895490513339,-0.260715538656163
0.497505052518899,0.723843357891892,5.38404199532693,0.357428057742507,200,2.29351514774847,-0.292335617650965
0.797412189841472,0.681105908444093,36.5027569963883,0.308599898325955,200,2.07137108042945,-0.371013976037687
0.56097160776183,0.647430737312662,15.1686675312735,0.385160418449513,200,2.07164839924911,-0.342755413393841
0.606451414338103,0.272320047128635,7.06745309066739,0.679146969484949,200,1.91150026900994,-0.40923376457527
0.218106244229525,0.773156401436718,8.82894003530554,0.39434567352063,200,2.16412191334854,-0.300586373550485
0.555726905245,0.399433152396864,17.5824544041211,0.91745071151286,200,1.24467784852791,-0.828917298497552
0.318923646422173,0.418776810069487,11.4667740277969,0.758202405976838,200,1.83305642012002,-0.394359509865056
0.434600469203456,0.382113731380905,39.7062321503148,0.831188045940292,200,1.41762707277764,-0.592441702524597
0.216490870649468,0.46005606550527,7.02889160130094,0.936543152756407,200,1.81035733504576,-0.411498656000429
0.801741859594135,0.385507495775741,2.60151144525053,0.507950934080547,200,2.2876961862702,-0.322117055020603
0.761141348700582,0.928173632819671,23.2597021393292,0.594318627785061,200,1.39085310164001,-0.751575965160811
0.249187382998837,0.512058581620532,4.23281777656201,0.793146240759827,200,2.05127856991816,-0.348060135014637
0.468379784130732,0.169889875209161,2.89752460658776,0.904990110962799,200,2.18076573364621,-0.327544445302387
0.611702203105033,0.677963071501267,11.1524809557225,0.630776758740959,200,1.64127000185341,-0.532336521796762
0.670362395963189,0.723497406766144,6.36180142452797,0.713109905478056,200,1.65283348586154,-0.553352698632277
0.809789647494008,0.366845107983511,9.90135120537106,0.857635504439799,200,1.26154999742473,-0.927311006500454
0.483339497118156,0.323549410717081,33.9408569804541,0.335660700350899,200,2.25463156182152,-0.281529296455823
0.333064228452207,0.132967433087279,3.18435941451395,0.687978443009709,200,2.4290349211135,-0.258747459590421
0.824931809118196,0.78220704919224,15.4133653382369,0.679560167921063,200,1.32483129691911,-0.850847861198045
0.312323986572454,0.700293879529267,31.9369204023103,0.511534944063347,200,1.78496579406507,-0.39901943287495
0.364078382736468,0.00375459091699449,5.76019213321615,0.519413040409121,200,2.48126111905757,-0.242438993101396
0.605237334577879,0.00500839586011134,2.26812023302551,0.844689742884552,200,2.25706566910995,-0.317984707462215
0.541639819204248,0.215115851645773,5.46085690239575,0.615076857957174,200,2.14604056487021,-0.330484382510971
0.780353341945571,0.486180710238176,18.1416488921478,0.927004743140361,134.246364975096,0.886481410179177,-1.75622618447868
0.694675683517793,0.769396102495522,6.56152864525815,0.805511899735654,200,1.45836117815522,-0.697422826346253
0.25854083962085,0.191511924147334,2.43516938616627,0.31079746004953,200,2.66843386077605,-0.214284120646333
0.214360887326269,0.796692137276346,2.2402462127714,0.463885202375737,200,2.39252382217378,-0.271222618069341
0.216315366882823,0.0559151773074448,26.951900906664,0.641746813825394,200,2.3953551443724,-0.241825506745854
0.816006094056151,0.203620173433862,3.39538457751903,0.960613923298032,200,1.7002132036343,-0.563111040906469
0.324419694510149,0.464429918632951,16.7587971056623,0.553418473397902,200,1.9941118376142,-0.33797006865353
0.416936810318707,0.159514352885936,2.40475885289113,0.341980259203305,200,2.61392485671267,-0.226488147152607
0.69923966486648,0.634351918999552,3.90283754873954,0.959671153039369,200,1.57040893770052,-0.625430192824958
0.494683632029127,0.413660678310269,2.35997739583937,0.822632576773254,200,2.17085898422104,-0.339170835501548
0.770420767396681,0.0264868847406353,3.60593988735719,0.928041714134556,200,1.80388343040477,-0.495933491703756
0.555087384429,0.485246465315775,12.8549365475807,0.833457637511846,200,1.40359604590745,-0.676198088650856
0.760917039709763,0.768235722138577,3.39503699665661,0.83526487090347,200,1.74198987007694,-0.53450787950637
0.423447910129954,0.732583452856665,14.1039301029319,0.778920008239654,200,1.33925418772866,-0.721108917214952
0.361688789735657,0.228659269979309,2.0967541556111,0.887840918351446,200,2.34714735048254,-0.285406048967095
0.42744241058197,0.831035232453025,7.29826424210094,0.886469609256733,200,1.31065493449466,-0.794587650281865
0.739398982372732,0.76155298936204,11.8195568111157,0.95746947375009,129.881661489911,0.882760453571699,-1.78482819087326
0.61457010021569,0.398993248617913,5.93268898752202,0.393463996740819,200,2.28307435886211,-0.299963663098912
0.684460528169759,0.867409156866321,12.8060331753978,0.365401092996301,200,2.04348669520717,-0.370547643390447
0.286706937609334,0.428613624610927,29.4301763242073,0.967647765461705,200,1.37637307361132,-0.609183017584988
0.867215472448827,0.76508314986461,29.176650144944,0.611203025474492,200,1.33066592958295,-0.85366418691915
0.810818529583646,0.625167643137757,6.43526273245252,0.764710234345907,200,1.53635669465761,-0.660669655919176
0.757381642512907,0.827528877064205,11.7083932826702,0.422851764107255,200,1.94134097017052,-0.41991070195144
0.695598207789962,0.301679077452507,11.1282953083001,0.880577644538825,200,1.34291644561472,-0.773959244715988
0.545572337508504,0.667454528627754,12.5451493164864,0.550177106099234,200,1.79283894752835,-0.442589822157147
0.772443392615711,0.122344531444701,5.98134354844203,0.877803109193485,200,1.58433412805846,-0.609921795482309
0.467583719008501,0.52512919293838,4.80814829924834,0.339897053601725,200,2.40318787634298,-0.265977577045257
0.334400669764883,0.788857178132442,5.6223312123325,0.820656578706189,200,1.60848009508397,-0.539428477730944
0.729429501726626,0.732097459744996,5.45025799303302,0.984599497668732,200,1.27397731100752,-0.913833480933291
0.440108810464456,0.935234857407841,5.13761302034519,0.668903139911964,200,1.7510049749219,-0.47908734647845
0.279844205253044,0.557651792683262,4.60171425781795,0.937469599150998,200,1.8089549947825,-0.435870874231597
0.665275498156381,0.522575970034255,9.78691374492972,0.651014622647657,200,1.69021848866055,-0.515952593730338
0.621778950106368,0.557514923322476,11.3357207401187,0.4049031417431,200,2.09245373161216,-0.346283658643487
0.503287471377267,0.689624167129758,17.4068838347748,0.696584727702957,200,1.4410478530088,-0.633065553958097
0.870363346790313,0.428800105972173,13.2583501864282,0.804979570455965,200,1.1678588451901,-1.09983625702865
0.260310849000653,0.912540573819172,16.057361701848,0.98061262763571,72.4437504603549,0.710701377389413,-2.21651208308459
0.589972503820962,0.59838037506671,2.21843558762216,0.68020516905,200,2.20599888907597,-0.336034776616899
0.28787527562019,0.895478603216272,5.7695813979798,0.936286537700892,200,1.31920672488759,-0.783298847021519
0.863131376278695,0.561132719614504,23.3642086775435,0.490639738017678,200,1.68849018069526,-0.5585266346343
0.569295248921875,0.341809005426301,13.1721967832647,0.772901741220593,200,1.59115545611064,-0.535478709085777
0.434088951408196,0.491861215659452,8.08700512802884,0.574766829382333,200,2.01650665733354,-0.354656516810666
0.268716787971805,0.347805385600085,18.7104229876298,0.640795550613881,200,2.0208887449515,-0.322945628585312
0.64395818065276,0.639820880962175,4.27730421046176,0.918017383738786,200,1.59711857786615,-0.594927339314107
0.653638694426231,0.425391957955912,6.13282922257416,0.876625409036122,200,1.57333686650867,-0.594325101794009
0.464396719449898,0.00205773659187447,6.49232641194446,0.428414326693661,200,2.44998125242675,-0.251007574382557
0.329571727431767,0.408835646400379,3.2693539927711,0.562123162249274,200,2.35853203589705,-0.275333787796449
0.377437762828055,0.913994223482313,37.0937378568276,0.360169043579209,200,1.93682948128643,-0.3567065204598
0.773367370999961,0.73647822250997,2.04300249342991,0.696275100817322,200,2.14954917593369,-0.368176076018991
0.504122456124099,0.240866881808483,2.41205451977274,0.911701580814334,200,2.17397635712715,-0.33669864330633
0.503390190603646,0.230200939439652,7.06494204755513,0.310695466810333,200,2.45308705297424,-0.252470322767211
0.778015934274214,0.111277125545199,15.1534699362658,0.626389457794263,200,1.67084879774884,-0.53920648840539
0.64125746089567,0.302374608456107,4.05455853307754,0.825677008382464,200,1.89453012672887,-0.435435209781344
0.232849831680736,0.0492840167673732,9.92979932560271,0.965490685596705,200,2.27192701797569,-0.268699764348514
0.798604017288936,0.18300579614363,3.47427052473741,0.471157533138245,200,2.2698276358132,-0.324286999367905
0.372175319997749,0.730692799859133,24.5205229532808,0.349944588065535,200,2.09761810648374,-0.313753575818371
0.376891466947544,0.461756537143184,19.7501201290864,0.793864673897942,200,1.55815557544962,-0.512457104365346
0.495006765452741,0.506881325358222,7.96659889944009,0.966816998016314,200,1.41111827604661,-0.679063237409262
0.596853129095475,0.682443937601157,3.2684225748199,0.476482311304286,200,2.25773460344091,-0.315079601240354
0.680930948338432,0.347581738170341,5.90117937554087,0.683669107282263,200,1.86988001028296,-0.442971981645405
0.294753174365956,0.105207964722312,23.295257401991,0.662390478173147,200,2.21500994754536,-0.275853929129342
0.36991395772368,0.922437742095371,7.98319330498368,0.541953563526901,200,1.81565439717925,-0.426961161050737
0.472621074385506,0.321739770467036,7.00733511963031,0.532478284621006,200,2.17723051756735,-0.313330443703909
0.465284941591439,0.518685466209085,9.1170510918117,0.430348045461547,200,2.16774036536282,-0.313089759893404
0.737582440413178,0.748501250960965,38.9217547424907,0.316282698927377,200,2.0498602104531,-0.367568356815005
0.562711253691201,0.312339159044158,38.6317916824901,0.767603370373657,200,1.43122115113508,-0.61218466229827
0.81880597225946,0.170642366579338,37.1379001462959,0.882232120594491,140.258443719412,0.891859538829318,-1.72540755404287
0.381994774513723,0.573832624080595,27.3543330076838,0.441685167124402,200,2.0022839297836,-0.336763903357029
0.878154297907208,0.043456874406493,3.8588632097442,0.389100156482379,200,2.31270854396135,-0.317688826956534
0.849865139138419,0.602923374101524,8.74360374951458,0.375387561084097,200,2.10933288239749,-0.375373055052693
0.436347657982757,0.217789912652969,28.2296595761773,0.3855414409526,200,2.2722578115465,-0.2745842987671
0.521361667607686,0.661825711715718,19.596004869865,0.964186537680286,152.443179415819,0.895985105462468,-1.60490159823238
0.275167774356646,0.758189255080586,14.8235396021513,0.92417353393822,200,1.09163561922759,-1.06545978941684
0.716894999220859,0.562557729990043,7.9370408192002,0.485905585077638,200,1.9899222974164,-0.398223161419652
0.452475004362136,0.605911863561219,3.35773049091398,0.416976917433343,200,2.36875971989464,-0.278039778662479
0.700971933316354,0.738371786000316,14.8499460661101,0.593751148046025,200,1.5751367500377,-0.588058264590313
0.210730061988075,0.594641304762211,9.4353404872562,0.640315704414295,200,1.92707742682721,-0.362924715592319
0.670038037522044,0.21100664236329,4.57479629498442,0.90884453095623,200,1.75943798338269,-0.495409739531618
0.521148365253163,0.653918284762119,32.5096163867786,0.74926265044203,200,1.23040850336198,-0.840244565834236
0.437147316815658,0.858424080801984,10.0448252055964,0.838452888062891,200,1.21997739934884,-0.901119957491853
0.846960651387391,0.340834276573368,12.0035981136401,0.883489302216982,200,1.09870767207944,-1.22486540795326
0.766536661320894,0.774275438197198,6.04656386868068,0.962812185415377,200,1.2127060254496,-1.01276058064195
0.692286767424907,0.223436101709601,3.77559466871807,0.752311337003298,200,1.99176535925194,-0.404711439020648
0.236600673546681,0.351922733332356,16.9183134371328,0.744561594826526,200,1.9395998897585,-0.343744505228008
0.815199659673256,0.475928526069666,8.790732404162,0.722851793112854,200,1.51378448453908,-0.67102886058371
0.711809318681379,0.623683615675398,39.5947646372924,0.591940389804643,200,1.45154397063693,-0.664094473361083
0.54859968084391,0.378788230154066,5.19346145652958,0.865169439293382,200,1.78263153161471,-0.465207414357335
0.452001397567623,0.10927752341928,8.10192785902458,0.818374702081022,200,1.99781653358173,-0.352930463315583
0.814986584351352,0.0354835365861227,3.29393721372334,0.826230126155385,200,1.90526002335342,-0.458977379366018
0.660925973805607,0.0820373128726923,10.6526853765428,0.969565972038568,200,1.41245772530767,-0.67957049512049
0.763623964461219,0.272648758851345,14.6256258959472,0.587122371469547,200,1.71613922029451,-0.514012536258202
0.734722931066924,0.770032960888611,2.41963021114552,0.54110983155823,200,2.24027925837706,-0.333503866521071
0.672934894487914,0.373956658480495,37.7249213521988,0.919470696817082,200,0.936413228270736,-1.48740396266657
0.725347978400035,0.606282621962794,5.60879300740817,0.839040000715549,200,1.5365806697702,-0.6431062254856
0.557489517867588,0.391057634010077,30.2352740403952,0.648199412424699,200,1.62196113752474,-0.500465868420934
0.28704095604249,0.646885813089716,4.16155813952389,0.597423687926812,200,2.1402417634888,-0.325536204651666
0.691950357853078,0.502579077934734,3.71491768801987,0.440935007203137,200,2.27998456441615,-0.312766858827494
0.527023329421273,0.694549160903777,7.5403507541649,0.97112130211941,200,1.23749962886009,-0.901312340429316
0.889847876980482,0.112219890840352,12.1369552432126,0.788917603483804,200,1.27250102802232,-0.941845076707566
0.368692619042424,0.113588914672126,6.31455835933784,0.394164474818708,200,2.49950532390481,-0.239304378460891
0.251577782215481,0.620679062363781,2.43027468276837,0.339308005613989,200,2.53583364395102,-0.239512809204519
0.709195371238515,0.0376531519375858,2.53112128439773,0.558616422528905,200,2.3462816436773,-0.298473677624927
0.775738067673938,0.231873313760133,3.21044978764098,0.940507402162386,200,1.78663074973254,-0.510206008727805
0.243472249535999,0.627582721897393,36.2473171325255,0.833178799618385,200,1.28176245269588,-0.706962404805515
0.237944062576598,0.0539479735149653,4.69458363328101,0.756785553939431,200,2.47487111972237,-0.242005080821623
0.775396805797013,0.517861316387452,33.3362924406838,0.982601379484683,52.8521921399401,0.591086892224167,-2.86080080159717
0.530474290875516,0.0739415181891255,29.3445179980468,0.919129867461145,200,1.51111244857309,-0.528373120906516
0.389140136925899,0.453342919537708,3.33332710755435,0.450379114021462,200,2.40659491764595,-0.266466746246553
0.728201917523115,0.923026610639618,2.00669375967882,0.590372506494207,200,2.23334409633588,-0.33778002654536
0.695674543914377,0.151830609818692,4.64498426926839,0.792332000530573,200,1.88493102812691,-0.441738329793258
0.723199980277172,0.781157564567507,11.5691100309607,0.360446582742594,200,2.08577106392087,-0.36249295555008
0.615257661984287,0.136949699661694,24.1909166540677,0.612650617466704,200,1.80999016692359,-0.423002744950313
0.354224414880139,0.161521987637769,11.1141775350139,0.442156159828409,200,2.37981655520336,-0.255681267363197
0.61894982570617,0.0545021005744037,9.51856556693343,0.880310624976712,200,1.66593343496653,-0.501777121089111
0.650480282894568,0.17604152989729,17.8750718772817,0.703378894150513,200,1.6407955993158,-0.51407149334055
0.352650474145698,0.670082170046171,2.2975235285692,0.774188961426176,200,2.1487916594624,-0.341366429917092
0.355519796334269,0.929327931305657,2.76738821443942,0.363489494043232,200,2.38865169655535,-0.273244929607261
0.867018004484281,0.613418216041344,2.45028864639085,0.818106196480066,200,1.93426108179388,-0.45954943091
0.399175766785,0.224460181089817,17.0928527239154,0.69325360909338,200,1.95183367679968,-0.350261096579216
0.474084866792685,0.00796700876718775,7.43703100981052,0.590744337844352,200,2.27638940327618,-0.285139195253442
0.806649722410335,0.370203681497796,7.35898730058655,0.45609537889186,200,2.05692442560073,-0.387830680651418
0.242075522292134,0.0158182637491768,15.3648591658878,0.825900139723865,200,2.33222525067164,-0.254292559523248
0.885248243366686,0.0658382372635688,2.35313119030382,0.784498119918203,200,2.03847252638062,-0.41754301512379
0.283119374720768,0.558222442842201,24.346329823607,0.922155711693984,200,1.26994673983329,-0.73518239789184
0.575630447176402,0.537623700978203,4.24754252116042,0.312749907718242,200,2.42892920067102,-0.266290222630031
0.589714115999802,0.40586945146559,10.5336971967355,0.949290300159412,200,1.31205935092805,-0.781420992850962
0.266632773608187,0.147225327242247,9.41156041432743,0.488297984024471,200,2.43826872745535,-0.243613726162117
0.259752346955744,0.724640436145776,3.92167885364166,0.675974683332459,200,2.02641048434363,-0.361012632115242
0.695010375666774,0.358572157607771,3.89820510421965,0.501984159242998,200,2.22332481723601,-0.32832343525947
0.498665968181084,0.780231158389178,5.6721457149306,0.530263785843357,200,2.00279701984373,-0.376612677679269
0.286353304218765,0.26622150642738,13.6940962385949,0.890116929167944,200,1.86858642646578,-0.369447276808383
0.408141210975847,0.741713096625261,29.5847935081773,0.432680977190224,200,1.89214376660465,-0.374319892621286
0.612491280258276,0.604047188632706,9.35836394066801,0.67246608639413,200,1.65895301410114,-0.52541201772484
0.899104029222392,0.506422522203415,21.0770371702407,0.415937470662904,200,1.86248481603095,-0.480139859913652
0.566433969419744,0.615585451563785,7.89297680388218,0.693689139065255,200,1.69910615811015,-0.501018759599449
0.626439750388226,0.892229969687255,5.07500544675024,0.462746580982682,200,2.08354988772626,-0.36442493320026
0.439988233797221,0.449475995460389,4.90470683940914,0.349624549053648,200,2.41921146246889,-0.260923894616212
0.67489900839917,0.449920151211822,2.44376349009862,0.8451783471123,200,2.02785701037474,-0.400239979046433
0.802574018982441,0.415959279352283,19.8010259023539,0.797835217967963,200,1.13526278743254,-1.11388567603969
0.349559899899418,0.0564185631831797,14.6067959813131,0.964902202165088,200,1.97122675322952,-0.334725458328788
0.845548329949581,0.811876569349804,2.0528932882378,0.307737286065705,200,2.50660281809466,-0.263879832683888
0.27312830379967,0.305281376118527,7.31455772522247,0.344108129802416,200,2.48928435504688,-0.23798066683023
0.87182364707756,0.723989206349233,12.9291428382874,0.325679012058078,200,2.12055522381572,-0.372895834478581
0.547964690733988,0.436811556643484,15.4987908976307,0.355103133450371,200,2.20679364881529,-0.303414756640186
0.492195527118266,0.0875486154005591,22.7665461704681,0.609965915421288,200,2.01620567211444,-0.33613213576867
0.816799246170876,0.707178063794555,14.6741415904167,0.71377244593446,200,1.28996579178976,-0.890530709584018
0.450244172734325,0.489031890941819,2.50131937196943,0.686051189399728,200,2.24572266122491,-0.314252440384023
0.305287961127687,0.514967878459673,2.41598917962967,0.850414435298291,200,2.17853661125178,-0.328012864994806
0.211618254279074,0.369327652384383,5.85015149624983,0.45793964755317,200,2.41037698539663,-0.252569558475983
0.599687039738141,0.44367004209661,11.3884482096577,0.536595032310556,200,1.92174073301373,-0.397934803803825
0.374819730823394,0.24337150161231,5.6900137626436,0.421489229679589,200,2.42853934954433,-0.254132637513515
0.885444106425725,0.655044248646956,4.41172831183786,0.563587048863208,200,1.97731663273358,-0.4378238699135
0.695955365668579,0.936604362094864,4.94776075451679,0.721512950902882,200,1.6660005160224,-0.559947473451334
0.888011977866758,0.336121776247836,2.2843551952277,0.597115841847945,200,2.21167556476988,-0.35454404388211
0.391114617763056,0.891446517617089,4.91182433248388,0.841264696314869,200,1.54395282315009,-0.597269744559204
0.795104862298048,0.349072621835275,7.11328044564035,0.874106509085062,200,1.40361681642899,-0.76373639556365
0.566219341719678,0.343360997581121,3.65648545737993,0.857741664744339,200,1.94727517210195,-0.409130489232938
0.307494642007855,0.835587518911914,2.28669162726686,0.317147435795182,200,2.50464292410035,-0.247988144062206
0.493798244136805,0.0748276996902462,3.90996301553014,0.850514454465794,200,2.15225223476646,-0.329202750478832
0.753229855833761,0.499919126434826,14.9284210240226,0.94502646410705,200,0.93992333396821,-1.58154118035743
0.21559308262559,0.688717340574491,5.51476547359703,0.412761871046239,200,2.28152956953167,-0.281039415245061
0.813773420774401,0.518709602597472,13.5349528825624,0.624074748634873,200,1.55231517846854,-0.63471974711262
0.417650754499148,0.120253372184059,20.9746949298866,0.483851317299274,200,2.24393057086067,-0.2793434093737
0.443562165788452,0.693951455007668,12.6065047182018,0.416317729595179,200,2.05638140839713,-0.33822254208354
0.855676497510448,0.16261038746677,16.6515507029463,0.690301773594522,200,1.41103459968689,-0.760712589344434
0.247019610863008,0.866034047259452,10.3076814682264,0.58991670659484,200,1.7089657799312,-0.452135641837951
0.371902467030776,0.830752481444587,5.72562927248679,0.832946609091642,200,1.53294742000142,-0.593643919058013
0.51379543650779,0.859348453505128,6.33610455901663,0.528262677995162,200,1.93215552259885,-0.401579104944702
0.532039888199869,0.617045557247968,3.22291405181639,0.321512864636754,200,2.46111584432317,-0.260023315867932
0.878876364265359,0.902176970954399,35.6873068891977,0.427193937277383,200,1.73297546229764,-0.538249234962704
0.552425638202461,0.129919504901158,27.7479298406031,0.589652032595159,200,1.91492396241026,-0.372983870767463
0.415658969955014,0.567490435821998,3.07043901218234,0.725770833120619,200,2.11335732228364,-0.347593602649919
0.362918462622461,0.171499973408979,7.73337815269869,0.486019727170491,200,2.37069396233026,-0.261120484955242
0.843844815690148,0.609920091944304,30.5452971500737,0.35980596727108,200,1.96079935539448,-0.421680884978635
0.656000543254381,0.314605068933665,6.09887551905977,0.66129272154745,200,1.92122383560329,-0.417115713720501
0.400586195957048,0.464834088552929,9.10354664369863,0.943898426778071,200,1.52407988981468,-0.565857353419256
0.577760579023293,0.0726815647823814,37.1973879083816,0.984015794225441,200,1.2774411538475,-0.722673791726743
0.377591281783666,0.0297174440621903,37.9191236385238,0.697655424865025,200,2.1004311313444,-0.298552004114933
0.813407192963175,0.759960919400541,2.28352615285287,0.461351686503203,200,2.33267154411382,-0.310770958259965
0.791606810966856,0.840406709180431,17.8203145718813,0.63424290644826,200,1.37970966668092,-0.77604433795143
0.218247643242272,0.197019247473427,9.63720812223003,0.705089146603667,200,2.27390654871035,-0.271150315200635
0.471253082969125,0.763313689159831,2.55181642404864,0.359167037572285,200,2.44564003442103,-0.264297248403422
0.288439179327913,0.263576454779583,7.22210091484639,0.804162980775977,200,2.09476324308797,-0.320070272427239
0.633165589993129,0.851561104562917,15.8628242288979,0.336482458006986,200,2.08217267053835,-0.349124137924344
0.573458406205863,0.720628764141153,37.4392950705191,0.522158113179216,200,1.63157323259627,-0.508470019608668
0.828156165925902,0.0909896925428572,39.9291517252444,0.821365820185413,200,1.02533800390257,-1.34274899990492
0.280067684325692,0.236035081308215,32.3735199593594,0.578142068288374,200,2.15173981597996,-0.287519815638207
0.475713027055988,0.752123468729178,17.1613992486722,0.698821900501785,200,1.40090229209968,-0.664997587463474
0.560493695254523,0.0599846528890659,20.1003462990535,0.417234457076325,200,2.22642972370954,-0.294382211462949
0.874004257530463,0.823236607311957,14.698762576241,0.493390134200477,200,1.72354368498613,-0.546944233617825
0.693790783442751,0.811122898907696,4.95652530396898,0.804711811177006,200,1.58346736661571,-0.610631489839092
0.342010236975667,0.066930266098453,15.5558389045096,0.528590112229957,200,2.34421467889674,-0.257874524077375
0.21848776901303,0.710181570764592,4.5422562645449,0.889003809470016,200,1.73880502606259,-0.467220140173242
0.55361773429225,0.257800241266843,5.70336356221478,0.92992854078284,200,1.74451251344958,-0.476429797287995
0.833168453145718,0.117542951913935,2.82384840989565,0.386519007038729,200,2.40500002498358,-0.289156065792844
0.781936541328409,0.905853134664773,8.64796411500688,0.542106675854713,200,1.76047775114528,-0.511142214198029
0.80744168450057,0.488103497857313,30.8604211377596,0.38215457787811,200,1.94331304735021,-0.41919725224545
0.61107374682123,0.448210879435933,3.11506634151157,0.477305658626572,200,2.32411250943709,-0.297496719692089
0.739202808196338,0.449106947322811,5.6107964724428,0.58495194205731,200,1.95683319611419,-0.419007564833115
0.302203233965843,0.15334797925509,3.6150922273476,0.38128794625587,200,2.59038267490325,-0.226120634545791
0.488298672053039,0.729088498140064,6.16855974780138,0.5372670369875,200,1.9925041403994,-0.376663874559278
0.768282140319709,0.76206867341062,19.628676686491,0.768888794237461,200,1.08866244337468,-1.20556392044672
0.789081451029183,0.515823430573339,7.44487216812324,0.901620121612462,200,1.28410938951801,-0.900928262422452
0.441557804727554,0.538251461751511,26.7224204750774,0.767409271915273,200,1.40148563304876,-0.630217448407132
0.266412518417393,0.0549903266832737,6.84288914331598,0.317847185949019,200,2.62971191414449,-0.215580756991623
0.272007967696649,0.506171576161345,7.99655332247597,0.835350921634546,200,1.77743141664078,-0.425477294785595
0.327920227186987,0.579402194590948,18.1216543972013,0.851838184414657,200,1.38056736831309,-0.642760858737038
0.790927545585538,0.725556917258787,8.72425442728158,0.566106464058285,200,1.75251035227649,-0.515621369738641
0.847247082588154,0.0646006322049303,34.7207416976968,0.83663352626559,200,0.986475262947615,-1.46293165673021
0.842687941406465,0.208544062561146,6.45126869438324,0.887585632710361,200,1.4159069288082,-0.768457641650452
0.479706317923459,0.21498306737515,8.8676551391723,0.504189914045017,200,2.21525856713252,-0.299778073570953
0.212657442470694,0.258582623808912,12.7918605086649,0.738733343842967,200,2.13671808871205,-0.296067122367586
0.445484692241849,0.0773933435753919,9.47687531385105,0.383058090517654,200,2.4291109045507,-0.25149222736426
0.221565192511088,0.115914841541648,29.7537453128123,0.606964886014715,200,2.33487175577383,-0.251395768681707
0.440923225178282,0.0130660677848655,8.97511183798135,0.730447892988077,200,2.15503801990026,-0.306699841153902
0.310205219433573,0.204864782318752,3.21716234464444,0.849997889824149,200,2.30395654946755,-0.28596147726966
0.653371872099978,0.891822577750392,32.1046606359128,0.583606111201,200,1.39215850004537,-0.709429400574078
0.889517589911151,0.317790564870078,20.4237505160979,0.770658470008251,200,1.11123778361627,-1.21105792381679
0.529950157267794,0.107046137848753,38.864689381252,0.743968739198451,200,1.70018000651111,-0.43839335632005
0.823512119772029,0.0217932983460875,4.67955250488622,0.71901402242328,200,1.87078141686537,-0.470145113503299
0.258039194217309,0.531299387747158,17.2678103848882,0.909846099588089,200,1.43311961536222,-0.587820603451703
0.287675206340438,0.902356891237739,6.35141469346342,0.431797100704753,200,2.09237433427086,-0.33064214614079
0.209443655959641,0.925034452071072,25.8969427054883,0.709320930593577,200,1.16634956149125,-0.890008102420617
0.357574641737039,0.91807660767847,3.78411210355573,0.678201341232844,200,1.89098967364183,-0.419972995133995
0.456670100738636,0.433560721709855,2.58713812165993,0.569980782553282,200,2.34927455800591,-0.28618414108083
0.341566526497683,0.3815666389615,5.40392422183068,0.758441010850226,200,2.05539791970152,-0.343478914958747
0.29289688735089,0.475285249413919,4.15507418647057,0.920544066585267,200,1.94369821696898,-0.386220932802591
0.495495078235647,0.61917730409293,2.36696487134858,0.601439465402548,200,2.27227950835083,-0.3105749329259
0.71916028779815,0.551675546373543,25.3106880679959,0.54522027763372,200,1.63891316082418,-0.541234970675182
0.888470075670444,0.104199632385222,10.0314082556314,0.370925515607799,200,2.12120075664442,-0.376078844537248
0.478931475914324,0.619855040440254,6.12572612074639,0.995296188612422,200,1.40514825130045,-0.702131858699336
0.728922044154761,0.279997425171007,23.0678796947558,0.773205659163293,200,1.29994429253743,-0.81414492822365
0.291998575942125,0.868181109750989,9.91834217283997,0.3735079485665,200,2.11347869841442,-0.31611716602932
0.409630537268512,0.0685683757737589,6.6069241024661,0.760387267885194,200,2.18963375520195,-0.302514701644493
0.677303167630639,0.308847576321572,2.71975432982508,0.95388003839741,200,1.92092289832135,-0.439247763496258
0.472440491397787,0.936756301462499,15.9065706672165,0.364991083481869,200,2.00269309746251,-0.35598166493563
0.85284588425965,0.474453020357476,2.0795886709269,0.340680703213958,200,2.48829502518542,-0.268956059292268
0.474313982960667,0.627797204538784,22.79260288858,0.527456896451092,200,1.78159607943889,-0.424530735388733
0.814380116292012,0.594312157545274,24.8962166375266,0.954539474858018,57.6458669895723,0.647211451366439,-2.67688086509556
0.239395780276523,0.874487167022447,4.14095537083565,0.47319245109264,200,2.17011285005443,-0.316189699192575
0.541056102207093,0.251514336314731,13.0497222064418,0.396892198484049,200,2.23669893949543,-0.295751260058358
0.770083673579393,0.331835047504314,13.4286287540551,0.906545723515974,200,1.11500390261105,-1.1443737885409
0.218812090770093,0.50599828708908,30.1137085042268,0.929451556101767,200,1.37902577110048,-0.605049629332481
0.740351520181657,0.157169052585917,18.3669308980011,0.495585637880621,200,1.90163660438768,-0.420448706840561
0.370600728478267,0.642180811920153,16.0971635627486,0.782950505263188,200,1.42023300831886,-0.624503688787333
0.843074110073845,0.489828444895005,35.2523715442268,0.679172972986599,200,1.21863691590115,-0.985600032065306
0.817449983095028,0.160455300234712,3.88700756802858,0.704822998163663,200,1.94499395793954,-0.44041079505158
0.882397512655426,0.850918696121914,3.0619716775253,0.717650486250121,200,1.90626887344779,-0.47232429009776
0.828895107766559,0.607005870622672,4.46572275515948,0.368470679961851,200,2.27770383046748,-0.323196817717281
0.516336143909395,0.315432903345119,4.27199583878844,0.641171816120491,200,2.15949508416519,-0.330534626117842
0.876336776316895,0.701795818542809,7.68490505512383,0.419597270830232,200,2.03940478128552,-0.406734796865102
0.384919487419391,0.753457712124079,2.75430444616886,0.478090761040842,200,2.31905894268861,-0.291170694801788
0.713258879211359,0.919918804960127,26.5992035688711,0.636741006394383,200,1.27244584560032,-0.867779004197447
0.753672263317477,0.677297403278388,31.7102351410092,0.761207882072823,200,1.04408759714638,-1.28204780060865
0.760218385470092,0.438235009710689,8.87391740927108,0.786011103105972,200,1.45595416486514,-0.700054469277198
0.444108266697622,0.00862554193703302,31.9567905643172,0.436001047250054,200,2.314964183625,-0.264325066338761
0.676830857433914,0.243004028379692,5.96536152653212,0.658714755411477,200,1.94219432655249,-0.411715406227366
0.274686648471475,0.601389395745134,2.83112645604862,0.421091692860619,200,2.44148309495473,-0.257921948981202
0.244172436851993,0.050226720942518,8.05675564793736,0.692379676493017,200,2.43090526950078,-0.244415822700076
0.897911338251232,0.0314780933386918,9.64742547562385,0.375786555863249,200,2.11873521605801,-0.378847130553852
0.683360793385608,0.800525024098418,3.56943432594235,0.816338698291235,200,1.74782010661158,-0.519578890014338
0.211004101785265,0.832727858717903,2.82630349089539,0.642820905422885,200,2.12539437448002,-0.337689627438624
0.226572550348185,0.356264887587986,4.87722741308397,0.437197309566266,200,2.45593550632752,-0.246501326437432
0.669643470795484,0.558981140022674,25.0450165847499,0.757674750397773,200,1.22222899867787,-0.905034463767174
0.875083029996883,0.755040639371456,34.1175172074665,0.318206429250756,200,2.02580659947942,-0.403968485344237
0.34235761642713,0.870489697107723,7.7184279334991,0.901232440128713,200,1.23766130517151,-0.87698755428448
0.222392886746465,0.71541010141881,4.3719562831061,0.953565861888494,200,1.67317175931594,-0.503429092432592
0.668730446124737,0.102989960631627,2.73102460939077,0.649830607097022,200,2.26006380208184,-0.319315809482618
0.897814639230957,0.380564312196259,5.74971003456425,0.571308787998285,200,1.88989485432449,-0.475708988667394
0.253328794459316,0.690691702583296,6.96120200153031,0.983243039831962,200,1.41647459444281,-0.65804021346937
0.282797653797354,0.138429722740416,30.1581863366063,0.853335622209202,200,1.99162777500164,-0.319187153186984
0.540334565258437,0.311780591478307,2.7233148211066,0.496109484602689,200,2.40178845712918,-0.275487620385708
0.46086440951825,0.51415523335312,4.74311177231166,0.942835480295533,200,1.70517290374894,-0.49901068561197
0.634023495179694,0.0804336123631025,16.2408841835861,0.861214356232178,200,1.49870929055041,-0.589030554573869
0.605877901331359,0.713606080252603,4.30123034880732,0.821914352193537,200,1.70194289965621,-0.527209822871777
0.714319846302271,0.795960677542995,2.05620864716416,0.621109595565195,200,2.21731039897743,-0.341550201392192
0.391982720389644,0.933124814783223,11.2687271963277,0.991440969692178,89.2375526588418,0.792093991574866,-1.99876376591087
0.814017616482141,0.643863039628292,4.21930284539435,0.909034442767648,200,1.53177217297114,-0.674491727549222
0.528133652225711,0.110597848423206,5.56869037749547,0.867437231056377,200,1.95516320747352,-0.384815315748245
0.840216810309817,0.10162636747569,12.3858214129281,0.828625187991001,200,1.26984513819104,-0.918107616246377
0.53681599288929,0.14490265240549,27.819915454724,0.37901563792321,200,2.2400540889739,-0.288225265426243
0.663036392456604,0.65186183238501,4.14371413806773,0.351388039593911,200,2.34562979310044,-0.292010038221757
0.319069439291993,0.0737526164709668,35.4900636423064,0.357389751474909,200,2.47212394939202,-0.233782658037021
0.3916218475904,0.644227743268436,29.8627997384235,0.668686365980453,200,1.49743323300094,-0.552576152846702
0.803172994767549,0.0667257676252164,14.5000461314135,0.492092647624311,200,1.90744265442468,-0.434821188900575
0.750984662726987,0.57221233227986,24.488172287409,0.551966073595344,200,1.60331496618583,-0.57285959962093
0.53740882836737,0.309995891192342,16.1923292164868,0.858493014267863,200,1.46945231337745,-0.597369884441275
0.667352149466154,0.857283174060786,5.90854138940955,0.349389999933564,200,2.2310367398714,-0.320148133832053
0.444727198294279,0.721006694776472,17.5535871334148,0.897201831159958,200,1.04634237025989,-1.18553919294748
0.439588978399429,0.836304824796269,9.00950248856963,0.945821746729586,200,1.09271510639681,-1.1406682656164
0.325852255180121,0.411363488989475,19.2351188376112,0.700443625772007,200,1.81137611216555,-0.391018166038646
0.204001180232262,0.939619237166065,14.1496978367565,0.367475000501292,200,2.02766889264081,-0.327250070751229
0.21220890738805,0.575297623762543,3.58112452196206,0.559998973571556,200,2.29061786527949,-0.286270185783625
0.25252527582723,0.71389549628994,7.55841278107657,0.374439029802972,200,2.25118677663504,-0.284457401299432
0.550112208477121,0.559858239594874,21.3709688074333,0.510253589986963,200,1.82701077119946,-0.417744373365411
0.54252892268841,0.0932276250620993,9.54559115311419,0.503402045419331,200,2.21016409030897,-0.303801351012723
0.380135136331983,0.82297255768902,4.56479219567295,0.65981965707622,200,1.8926470440824,-0.413593604653244
0.357417363302976,0.509511960752786,2.18874072156729,0.316002392076453,200,2.58069202609877,-0.233150420901964
0.567724487915713,0.499457469215496,3.1863306915994,0.430864405325854,200,2.3668540038967,-0.284021342590568
0.662324905764638,0.10397110273559,20.5372487809315,0.477762994529571,200,2.01395081432582,-0.363990823048372
0.547061638897766,0.608976310686938,36.2239988376021,0.718364315530215,200,1.3004717748104,-0.754736370657826
0.235420497498172,0.783526465013437,38.422015023736,0.930773024821049,105.983618747027,0.816707153146002,-1.73649038318738
0.753842949183215,0.629594602277266,20.6725949918503,0.83566142644155,200,0.996251350211995,-1.41369904971029
0.744249820234448,0.386448749273398,38.1158791422807,0.701702523750959,200,1.29239622443053,-0.827336885998627
0.717294767998974,0.75943678217956,30.7728726919908,0.421779640177699,200,1.82158501637495,-0.451118896870681
0.785549628686695,0.12257112068771,3.47781901612629,0.718609700839563,200,2.00993193666785,-0.411039985573619
0.808275610978312,0.0193461180227382,3.09880328474931,0.378827948434659,200,2.41208396235316,-0.284957799284349
0.387411662386645,0.816018555304909,2.84747751878232,0.457373687264936,200,2.30946679981527,-0.293349518600307
0.206018833051684,0.30870284728839,4.20794424078224,0.400443226959812,200,2.53679690915217,-0.232861650419838
0.452960453093417,0.766959637726603,21.6250935869696,0.952535586716755,99.188167963632,0.812125602249156,-1.86107257595926
0.780761395088366,0.467465119982616,5.14230355352937,0.692708209769156,200,1.80443305712846,-0.49459319497012
0.641996802331856,0.678494684750389,4.52136217424744,0.338065329466962,200,2.3438630668502,-0.290279569037563
0.810510943538695,0.737563836218436,8.02388477630274,0.588371162731666,200,1.7299069123497,-0.533516578447234
0.669111347102552,0.175575303547794,10.2537783486699,0.921389292437296,200,1.42153059691913,-0.683390972090384
0.696295210624106,0.360590190117259,23.4917932751247,0.482759299343894,200,1.86297309979309,-0.426185870411048
0.654916093401168,0.873129257907249,5.16383430247148,0.543167817124336,200,1.95460131091061,-0.413517797053592
0.601327551967092,0.861904810562819,5.91159909684251,0.863152789718937,200,1.39357699298039,-0.74536151275206
0.824056628002669,0.334036207713555,6.89875866125445,0.670725282047425,200,1.72173110858632,-0.540518869568067
0.554860320782747,0.943636572076217,7.46453180970704,0.916994254017839,200,1.12368393139662,-1.11939125755466
0.479410418339555,0.377234004631774,4.47559730879137,0.410266250074981,200,2.37980383309553,-0.272031992808513
0.412014404995701,0.949357843330821,12.7705308788591,0.488315689174047,200,1.77406622397229,-0.436851894343098
0.67864376860001,0.386996322515537,13.9923285134719,0.898720940141853,200,1.2017651800476,-0.947251663718609
0.843499942996943,0.693445539838646,7.64824734364545,0.43241401478011,200,2.02626291565928,-0.406043550088963
0.794528126801255,0.0908058575058356,6.40965342993543,0.624312982719539,200,1.90067426592925,-0.446527785206516
0.546559101941142,0.943284415704575,4.17361711107248,0.359390094617343,200,2.28425840648165,-0.301933895738576
0.544349225309173,0.260980105225051,23.4808771401281,0.748195160102984,200,1.60250591828306,-0.504494915338936
0.617740045849808,0.639406190454983,3.00195650801685,0.57032171925994,200,2.18593938779568,-0.338961485436651
0.863542705855573,0.286358064277959,27.1557570108953,0.611456849207116,200,1.44236029485586,-0.73174944406994
0.615551805626741,0.188347854094925,18.6536027873912,0.442997577650519,200,2.09266607439037,-0.336066441765686
0.360763320411004,0.217980637734426,11.0670014853401,0.316750959171037,200,2.47381947743182,-0.240076872862254
0.403269744047887,0.130240876977247,5.50455701824276,0.898003287476922,200,2.07961259605085,-0.334907487361427
0.217830035436728,0.805416244432466,15.9642396498819,0.833903063444297,200,1.19310820488262,-0.870713570231771
0.555408131831884,0.151578724103196,10.5657872916505,0.931988629642113,200,1.59753998855051,-0.523636053996929
0.532805175287602,0.398214130090716,3.05265153195159,0.342859522018675,200,2.49336897944251,-0.2529160940721
0.278815906203523,0.370052879133029,29.787650346011,0.834498705459805,200,1.66928202509179,-0.430368893397272
0.83446690364362,0.366123982569746,14.241429354045,0.671275166662674,200,1.46586281975302,-0.70700766082489
0.24616257163481,0.946370474090827,4.56110137530116,0.404193640491165,200,2.20386642481927,-0.305584486087293
0.608219841411896,0.727894914761923,19.688786613452,0.787535005175881,200,1.14210406964806,-1.03277516303787
0.215121719761154,0.937729634414322,12.5125573080444,0.728521356492676,200,1.30270536521144,-0.742424234978277
0.855388922531235,0.00464070520552729,31.2746890753191,0.779969516314644,200,1.12957932079234,-1.13588864649914
0.833971742147316,0.00782665758344034,3.36732383048343,0.300054742502545,200,2.47087055442844,-0.270310409894981
0.621923208307972,0.209967948585023,26.2892095811438,0.421968369818161,200,2.07865396067266,-0.338326438533955
0.672992825125755,0.890680949957463,2.00443743907881,0.793378147307744,200,2.04796269844669,-0.398515500375923
0.22999924345514,0.442101124383466,13.5736813661595,0.727051662215497,200,1.89085776593019,-0.364267397765394
0.711294652188911,0.400069921655386,39.652249086188,0.486969975613585,200,1.77302862531395,-0.463659359704817
0.381322761368589,0.283180207253348,5.06568699806906,0.416853114289263,200,2.42991160895704,-0.255516567677321
0.336776822791132,0.540736558351573,2.32133406273643,0.714762052310778,200,2.26643577885717,-0.305537212767307
0.209920212650555,0.0102235643174577,15.8150651297879,0.473486990558635,200,2.57271446686918,-0.219217620129819
0.322672934430845,0.616361585533879,4.07888264881522,0.863880514158619,200,1.86179756487015,-0.422757971933791
0.77098134845867,0.29421605651476,18.8483318147425,0.572578116388107,200,1.67933449637935,-0.532687017503574
0.767748441203637,0.289797515469642,36.0543144171978,0.56895651586287,200,1.59690282467594,-0.572347466371372
0.408125919546785,0.864657901336105,4.6473141122639,0.308801130643021,200,2.36186836022732,-0.274032005929096
0.260522076210752,0.695122694137149,23.3948465011441,0.400325452639698,200,2.05517863012677,-0.315975768289575
0.860970996157972,0.105741956422299,16.4850342609846,0.852251704818887,200,1.09321108824517,-1.23051848203272
0.755043892214936,0.371266812325261,36.8097664471457,0.675198269850365,200,1.34915838804828,-0.768475019642011
0.844663665489759,0.863666200760764,11.747878011286,0.817239231095447,200,1.09543841025744,-1.24317255330839
0.429887231502379,0.203253232590237,5.409581643437,0.855377639305599,200,2.02622488878643,-0.354998201002295
0.378289032967513,0.269767058181984,4.99385407196722,0.537334037759015,200,2.33268786916998,-0.275750586173729
0.255942898496496,0.931552499212495,2.29844211359811,0.436775931398151,200,2.35909479246521,-0.280232318079429
0.43795878222161,0.492268489019192,2.03882791189862,0.638718706278821,200,2.34955744532673,-0.289309600351541
0.893837322020298,0.833040900287319,5.241178228925,0.56536722775839,200,1.88989127512859,-0.476578668095507
0.524047754570702,0.462506814289954,6.68789195759169,0.545245325945093,200,2.07171060440641,-0.349706290001857
0.709485146709935,0.0940670210845186,39.0798772620853,0.656734924032811,200,1.56565156756714,-0.561394922726806
0.459716407480564,0.894030413139344,33.840996680634,0.521068125228755,200,1.56329839080715,-0.530862711849705
0.343877841634753,0.353196466858421,11.0979388291666,0.560647553760217,200,2.1266283537194,-0.309670374126104
0.874202059143409,0.847714098719992,8.25871731725726,0.55229192942786,200,1.75407287745121,-0.535753727500928
0.883260490170362,0.0586340100873766,27.0750211781081,0.737870557013014,200,1.18343049392133,-1.06198056122259
0.231871569427002,0.494712753802045,4.02298085385703,0.980107013473745,200,1.92634648805737,-0.390473493294458
0.538409520864844,0.397887828092506,8.93092322050915,0.517879846945234,200,2.06327965617073,-0.347530812081827
0.229757358225031,0.215920430465264,2.46541956564728,0.848742637240708,200,2.42817505357586,-0.26020079261884
0.861455011742019,0.1165048461855,3.11793473333347,0.933039011173268,200,1.75042357294832,-0.5448201761858
0.671807480765786,0.914917262560362,29.1240482758645,0.369666040175028,200,1.91168139574198,-0.407764657939057
0.541873826102377,0.148420829020685,3.60359209092291,0.42766035291149,200,2.44475263600533,-0.261810144082834
0.293328241127202,0.062861495203812,3.72598016702385,0.312562712515813,200,2.65854756166477,-0.214183917053901
0.552104003041517,0.593954336923271,2.51258111360679,0.938767157395541,200,1.93024521041771,-0.428590889335327
0.407445313916573,0.391985826918952,11.4249915690045,0.540787823143143,200,2.07234523396181,-0.328379923697343
0.751845976201476,0.0252352692776786,7.69994754642889,0.829817029027097,200,1.61074176649754,-0.577439942025383
0.46265366976501,0.268298290038621,15.4901906732095,0.673450403395932,200,1.87986372285689,-0.382953914110812
0.299581737339481,0.0957119706536837,2.18139384021325,0.509820410632552,200,2.61209733573255,-0.225519701946597
0.678886044463135,0.833977256446813,5.20398561045198,0.76294205873902,200,1.61740679747151,-0.584392984327755
0.592021836970506,0.224920695667578,10.3212400412339,0.310387583606248,200,2.36813184570448,-0.271930058292355
0.570467595443688,0.721109708207978,27.3286312944383,0.767042710606024,200,1.1361310669257,-1.01757952381666
0.31356893632935,0.853688196471749,11.0792898725973,0.916925620799884,200,1.06707806471103,-1.15705110738469
0.72419716260517,0.573433114424235,2.42705509273459,0.504478767187079,200,2.30973296556786,-0.311419795899318
0.42491938815099,0.330480366938158,14.5988937962446,0.660477239847253,200,1.89616078980913,-0.376028492425964
0.684976020391177,0.0796794244697124,11.2443208830856,0.61297087479458,200,1.88601504124473,-0.419424904687064
0.595974510273275,0.135470718898174,2.9878206971899,0.779471640502172,200,2.1679911105672,-0.33953858478027
0.876493845839597,0.324028072592255,8.40885097804123,0.479767180157236,200,1.94781524344952,-0.442041852033345
0.55030714077615,0.88637434107104,2.38715443704762,0.700117993448178,200,2.071705329731,-0.378014670750284
0.57441544482105,0.816702899692642,2.50147150244122,0.358845310221046,200,2.43092564086807,-0.271706156559192
0.246401905898703,0.544003170574759,11.5107351024311,0.509263103963955,200,2.09592165765425,-0.312836928222436
0.483744813464698,0.945406193464269,7.90715447348823,0.493597542998684,200,1.88732907927477,-0.410862727505921
0.445229678613273,0.32453337851585,10.3530648599358,0.995055370380745,200,1.51731677308229,-0.561842925605838
0.301135815254211,0.934489583800384,3.28773416240914,0.444413212389305,200,2.24461505927537,-0.304320987196817
0.477789632257982,0.348060000478888,7.8663575973723,0.848933033314619,200,1.73509227860806,-0.46142827017313
0.882103325069533,0.85967577716707,20.8359301696614,0.455206805500846,200,1.73882020036222,-0.538613443437966
0.708659690274306,0.279317055548215,4.28182048890053,0.566991526485941,200,2.12994658860987,-0.356770534625383
0.40143182187182,0.816519988866822,2.77217852534047,0.917181462056686,200,1.82004476182723,-0.464586285202176
0.410106455316884,0.181534760021197,7.84956760860776,0.559680161133238,200,2.2537494147046,-0.287432962189714
0.679133604042822,0.264597079369243,2.93412193580539,0.759161659955528,200,2.08339916525084,-0.375732058966997
0.738200664346114,0.227606228529115,10.2834489205389,0.475021426195155,200,2.02327255941972,-0.383358134456868
0.758070579022922,0.161480652475539,32.0214740209419,0.653133607539698,200,1.49607015256512,-0.633891617203854
0.362233866492154,0.274539208204412,26.4674039579459,0.655123417926463,200,1.93969605744828,-0.345841923808444
0.500107687139061,0.142778359478235,34.5183670960626,0.609034933686513,200,1.92443045678808,-0.360170489411855
0.370975760394195,0.23086975284901,9.3323367035274,0.836088643030496,200,1.93758684098328,-0.363345131133838
0.583261710395959,0.47206899960187,7.0015994944431,0.978659501485596,200,1.40045443717536,-0.71191785086473
0.650972938316432,0.128797852673292,2.47264639417728,0.686823113834726,200,2.26695440487045,-0.317652078873389
0.677693490812485,0.530746401316025,35.7882499719278,0.766238070167454,200,1.15130428391572,-1.01099750304289
0.510262944029039,0.170331047172712,3.60058160046517,0.650294790239306,200,2.27049837966364,-0.301841987074756
0.796771164154448,0.129203058896404,10.893399810118,0.42321832372883,200,2.07597590456153,-0.374317715762911
0.755379327954236,0.781708677616153,37.6910173046971,0.313173283661203,200,2.04931679071642,-0.37115093784837
0.365053741003666,0.871551567846183,2.85511205980674,0.678718759760928,200,2.04103393879942,-0.372812238932959
0.367738866196138,0.00345850602448142,14.6586075950348,0.567931327199866,200,2.33601085519423,-0.260108720179015
0.639799604514784,0.780509945683061,2.88143850752841,0.598055597388736,200,2.12686052557136,-0.360923261290733
0.361247094470449,0.520460844232879,2.10298039304182,0.751129391826402,200,2.2742000767284,-0.306206059622012
0.313178183364007,0.632070061243574,11.6879658906438,0.948240890071316,200,1.29278570399806,-0.757571423002444
0.414742152872914,0.325503791532076,12.9095594384433,0.702971447620386,200,1.87725841826508,-0.383292064775679
0.828815134598509,0.695660796879492,2.52673371569455,0.562005325166252,200,2.19716888473464,-0.35393322573539
0.600101376822319,0.0180919241130391,3.40408506197992,0.908556042916141,200,2.0614488142963,-0.368888222422124
0.830767083294077,0.576972420816907,32.5650442083159,0.447080145569285,200,1.76029836483104,-0.507165643066234
0.211322159795758,0.383651931006663,39.7529253692976,0.891003545180747,200,1.63071244071163,-0.436477417423687
0.842979681740422,0.508713480708558,4.75425035410325,0.511380527873337,200,2.05934067245711,-0.397740924832589
0.345354292597311,0.897690687874258,5.79002417253139,0.954995502078479,200,1.27512155433291,-0.84643597224485
0.883886369115106,0.51690740568684,15.1088618400337,0.764253794641017,200,1.17743574728396,-1.08865584157713
0.819727967706912,0.739035770378983,13.6368784014999,0.924946269785007,110.23437788172,0.856732523141253,-1.90555733284943
0.813129146412946,0.221922305029957,17.1007823732112,0.888672721269168,200,1.0514636006487,-1.29593838072052
0.744520924653516,0.265339917790164,18.794038842934,0.830246562205589,200,1.22298651563126,-0.928030791672274
0.845023029752308,0.364706559338762,12.8135943082259,0.691090011707414,200,1.44725762795275,-0.729157747019878
0.294035664232215,0.437760775333868,4.70704958111126,0.3196958655829,200,2.50352331521147,-0.240014723878333
0.203766522271372,0.576826999656747,12.2879850887764,0.741278934991561,200,1.744665036765,-0.420989056431985
0.438878218470219,0.136701363066169,2.5850350114292,0.971565366130454,200,2.22587006427288,-0.315261988184247
0.560786328515876,0.667161902109724,2.01096235984229,0.946119839107106,200,2.00375709566727,-0.406499885046582
0.625249553108883,0.764072836528862,21.5965945179344,0.980830236894474,62.2659852190855,0.661219313180162,-2.50143618847164
0.491128253158554,0.0786494884560738,14.9948444792605,0.420273030502497,200,2.30423685242309,-0.274512494946492
0.864930116566333,0.837018063980124,8.2476242970349,0.756226025037933,200,1.36967570443631,-0.825865257329845
0.513510785201642,0.241743102906819,9.00097151858565,0.544509850582496,200,2.12207139300814,-0.326151688421187
0.831229005370413,0.353415525036204,17.9746525600647,0.636599522454881,200,1.48497687524234,-0.686224700808492
0.795467542782907,0.352199389014901,16.166872031921,0.868822703995649,200,1.08234613000513,-1.22194675681305
0.298146707334672,0.391264369118559,3.86991727472934,0.520777442959238,200,2.37763860205593,-0.26733768368179
0.698602132814952,0.546898968037975,3.56079318674016,0.489214792392224,200,2.22319277241176,-0.330610981269304
0.487047023404258,0.0373461648389581,15.8917482855245,0.714403893552751,200,1.98270128888982,-0.346757503765937
0.59896565142835,0.0497726148508567,34.4786391179373,0.760354471587941,200,1.61342270565038,-0.493356213698799
0.371356399471414,0.271386857548736,38.3021831030781,0.387174086265933,200,2.2702535566524,-0.270099635114616
0.619718136862782,0.861611755630898,8.97033709970493,0.332519350923055,200,2.17984263944393,-0.325351392163318
0.516946107052212,0.554249994169781,14.398977637865,0.445759310237916,200,2.02496096406073,-0.351301700050723
0.729464142123354,0.0659236814295446,5.15576650875051,0.389723173479208,200,2.32981572114359,-0.297124954608973
0.527237274628474,0.663889831671918,4.2348631458711,0.956783168558536,200,1.59597458628138,-0.57968451210755
0.507450004975847,0.392272761861289,13.1124944690066,0.552129924508968,200,1.95883082255553,-0.369400135216205
0.279720058353812,0.833470952168689,3.941728743621,0.696094122816894,200,1.91614347808036,-0.402252129734672
0.725480348836499,0.569909277295449,4.60833191468478,0.314277996548172,200,2.3743124253265,-0.287302455775222
0.676316578852455,0.330975733715831,38.9680447555487,0.540532762741662,200,1.72103091985914,-0.476675182624099
0.846686515940516,0.384540130690691,5.59716492996053,0.951713080036058,200,1.34475424311481,-0.850989378568348
0.501695068890004,0.118920911582982,3.70457399586487,0.664035703298892,200,2.28195401110904,-0.297452477024953
0.495216168801805,0.37809932374489,36.988662447691,0.699900873759071,200,1.58110969311157,-0.504030672932685
0.651079967667783,0.419810405146028,2.01963036929322,0.839745152555616,200,2.13937178717984,-0.362149680448367
0.609016047571918,0.114052802988274,6.37895140338274,0.755999354200119,200,1.92644401140736,-0.403015901429924
0.834767292566737,0.609559516196776,2.27934694897217,0.661781547793094,200,2.14096734363556,-0.374748801558319
0.290387813700014,0.477366369762248,3.48623112728877,0.506957409922817,200,2.37119037252081,-0.270442962092942
0.241193109592454,0.411009130390101,4.72955400928476,0.999339976767707,200,1.9331773428983,-0.380917976797987
0.225864290969213,0.561252905491934,10.734660063575,0.409345767102779,200,2.24204312437002,-0.279684918738115
0.823907174441257,0.223155326690699,7.04703370107401,0.606315107050057,200,1.84082935195239,-0.479067274875125
0.418406271122295,0.0886978121232668,4.9983717904443,0.713939265034317,200,2.26416777959774,-0.291138355772292
0.882546916489676,0.154299447010737,15.8674887916593,0.914283841785447,181.558041627541,0.929161488423118,-1.68600299590276
0.269254825765026,0.393965996452553,2.08612702234689,0.825995722232324,200,2.33896078315346,-0.285743078475639
0.595955673192752,0.940588131689401,13.719571746389,0.815298077579805,200,1.04422174039322,-1.26726783245881
0.261072545758658,0.0302187431646433,18.3296982026729,0.758952120710684,200,2.30463670422405,-0.258697239423747
0.787993173262694,0.525402987912546,15.38652159061,0.353687605239358,200,2.08649719418213,-0.368320430476254
0.444968125686313,0.860098912740231,4.07554235348472,0.914863050124437,200,1.55974572230609,-0.600677734992124
0.887044328599299,0.667777540946298,3.7628634250186,0.708404446158411,200,1.83757059727049,-0.503350896836641
0.549579126760697,0.0951998751178229,26.4078401445677,0.863328422128417,200,1.54663787503564,-0.519771836832431
0.746748552177978,0.93571823141231,2.00867462420729,0.651526573788755,200,2.17039595094811,-0.359730217932342
0.763099036631524,0.371874337442169,2.13219352121749,0.790001521800668,200,2.11303025360961,-0.378761704042633
0.356276118810778,0.717378399556953,3.00336126146563,0.788640190413354,200,1.99156760881716,-0.387110140378557
0.635983620185304,0.0892969225183285,24.4287121425603,0.682732344067104,200,1.69348996917683,-0.474583615327061
0.725821733006067,0.881401147546569,6.49853058387567,0.643255780065797,200,1.69018505833483,-0.543513842399703
0.383553883820501,0.338625447934711,9.71861658501796,0.576257646039912,200,2.11186502664056,-0.318002595140021
0.340241417078984,0.665262406879128,2.8121090464702,0.845798576716372,200,2.00408185216767,-0.383256451787994
0.457149347603438,0.129591656615139,9.79580452855366,0.514895334803313,200,2.2528631168666,-0.287323381497069
0.244368032451083,0.859819119411249,3.46575016422419,0.751777811597637,200,1.89014587687142,-0.415342550492798
0.69041286449413,0.0986693947225925,2.78471197757798,0.458593891508427,200,2.40694415391963,-0.280453819044018
0.793184046695544,0.166638569776873,6.66913137038408,0.978392328932198,200,1.33998377699134,-0.827782016952035
0.684395865679695,0.799506462023419,3.33797323316115,0.443614756151762,200,2.2515260013037,-0.32267655539289
0.597116022739358,0.069953650649505,10.6744214089939,0.658322156620088,200,1.9473140314491,-0.381838665233509
0.724355135602124,0.284515411450469,25.8678807759182,0.325991429096942,200,2.16430831232384,-0.329853090949783
0.467111495246924,0.109866485616103,11.1559461500346,0.545939624325458,200,2.20131734477276,-0.297624425739708
0.498798009613901,0.512818547819931,2.0905196023727,0.692601632308432,200,2.27373154808307,-0.312001323427387
0.577229208523493,0.703210989445475,25.5108488919571,0.498567771460279,200,1.7373631652974,-0.461018303570745
0.819111985139215,0.0114840855043381,21.5116699034755,0.976341999727604,132.608155572144,0.884062533378626,-1.76390485183757
0.243238803428031,0.140587083506561,7.14099387396,0.94032380596345,200,2.19774284613845,-0.290854676908793
0.590664469386164,0.585609154311098,3.36868425434703,0.781788993521989,200,1.93444278097746,-0.422155324798366
0.482578476753326,0.610992340080774,4.8693020670575,0.687108262983849,200,1.92833229809344,-0.40397328686405
0.876818911754751,0.239877369939582,5.85839013116949,0.50111616245048,200,2.02312442012031,-0.414454188601103
0.302027608797629,0.232824450809745,19.9309767830602,0.735686420416172,200,1.99732215304601,-0.327380977875931
0.610189266343345,0.369840522465898,7.60930520782561,0.300463337213468,200,2.37834112678218,-0.273864979555506
0.603465283129271,0.226074406462574,22.4688624859598,0.626639875291715,200,1.75930402535431,-0.444701255190448
0.626996421588942,0.159784171524644,35.7144931958574,0.913184479457427,200,1.21112120901775,-0.848696747081793
0.774595511665063,0.279264149991454,4.03226078836858,0.625891788440174,200,2.03649483182124,-0.398052040282073
0.230352406894943,0.614390415315656,5.19915864986647,0.389578952083923,200,2.35663048843653,-0.266086183801933
0.867813921289317,0.00824630737096304,37.608016431588,0.816992122466691,200,0.991473059780138,-1.46420191768814
0.31005001552368,0.558311396646849,33.6555966637057,0.44872254930217,200,2.0179609900773,-0.324359561952947
0.559804708822258,0.637744168791846,8.77597059855817,0.918353028063701,200,1.27848829079406,-0.8398315975974
0.493707238754529,0.140218144619003,4.10328036370518,0.620386562896815,200,2.28814769878965,-0.293983702299318
0.389631617530474,0.608606072158886,5.20941723021014,0.622052925417844,200,2.02725721410701,-0.359767460849836
0.539852832264756,0.686743402433256,2.67654504527369,0.392073534334955,200,2.41009644152215,-0.274598560073795
0.431076632294796,0.268033259665229,5.30327924970762,0.40814920847575,200,2.41237562630828,-0.260427806591952
0.856265885851858,0.11046418261112,3.79162619868438,0.762158441788866,200,1.85837154501132,-0.485954119139034
0.624259366966148,0.444166240864961,14.7440025723063,0.688818281236842,200,1.58215130385752,-0.555772110755999
0.333561338399956,0.493251136828808,2.98008118428014,0.86672812982356,200,2.08471071932141,-0.352105021968486
